{
    "atlas": {
        "type": "msdf",
        "distanceRange": 4,
        "distanceRangeMiddle": 0,
        "size": 58.375,
        "width": 512,
        "height": 512,
        "yOrigin": "top"
    },
    "metrics": {
        "emSize": 1,
        "lineHeight": 1.5110000000000001,
        "ascender": -1.0609999999999999,
        "descender": 0.45000000000000001,
        "underlineY": 0.125,
        "underlineThickness": 0.050000000000000003
    },
    "glyphs": [
        {
            "unicode": 32,
            "advance": 0.26000000000000001
        },
        {
            "unicode": 33,
            "advance": 0.27400000000000002,
            "planeBounds": {
                "left": 0.033716274089935772,
                "top": -0.76231263383297643,
                "right": 0.23928372591006422,
                "bottom": 0.059957173447537468
            },
            "atlasBounds": {
                "left": 127.5,
                "top": 116.5,
                "right": 139.5,
                "bottom": 164.5
            }
        },
        {
            "unicode": 34,
            "advance": 0.42699999999999999,
            "planeBounds": {
                "left": 0.025063169164882205,
                "top": -0.76231263383297643,
                "right": 0.40193683083511778,
                "bottom": -0.41970021413276232
            },
            "atlasBounds": {
                "left": 488.5,
                "top": 369.5,
                "right": 510.5,
                "bottom": 389.5
            }
        },
        {
            "unicode": 35,
            "advance": 0.64600000000000002,
            "planeBounds": {
                "left": -0.011547109207708807,
                "top": -0.76231263383297632,
                "right": 0.65654710920770865,
                "bottom": 0.042826552462526764
            },
            "atlasBounds": {
                "left": 244.5,
                "top": 166.5,
                "right": 283.5,
                "bottom": 213.5
            }
        },
        {
            "unicode": 36,
            "advance": 0.57200000000000006,
            "planeBounds": {
                "left": 0.014410064239828692,
                "top": -0.79657387580299766,
                "right": 0.56258993576017124,
                "bottom": 0.09421841541755889
            },
            "atlasBounds": {
                "left": 295.5,
                "top": 0.5,
                "right": 327.5,
                "bottom": 52.5
            }
        },
        {
            "unicode": 37,
            "advance": 0.85199999999999998,
            "planeBounds": {
                "left": 0.0062997858672376953,
                "top": -0.76231263383297643,
                "right": 0.8457002141327622,
                "bottom": 0.059957173447537468
            },
            "atlasBounds": {
                "left": 140.5,
                "top": 116.5,
                "right": 189.5,
                "bottom": 164.5
            }
        },
        {
            "unicode": 38,
            "advance": 0.73699999999999999,
            "planeBounds": {
                "left": 0.0070610278372591059,
                "top": -0.76231263383297643,
                "right": 0.77793897216274077,
                "bottom": 0.059957173447537468
            },
            "atlasBounds": {
                "left": 190.5,
                "top": 116.5,
                "right": 235.5,
                "bottom": 164.5
            }
        },
        {
            "unicode": 39,
            "advance": 0.23700000000000002,
            "planeBounds": {
                "left": 0.024281584582441122,
                "top": -0.76231263383297643,
                "right": 0.21271841541755887,
                "bottom": -0.41970021413276232
            },
            "atlasBounds": {
                "left": 138.5,
                "top": 468.5,
                "right": 149.5,
                "bottom": 488.5
            }
        },
        {
            "unicode": 40,
            "advance": 0.312,
            "planeBounds": {
                "left": -0.0017408993576017355,
                "top": -0.76231263383297643,
                "right": 0.32374089935760164,
                "bottom": 0.19700214132762311
            },
            "atlasBounds": {
                "left": 96.5,
                "top": 0.5,
                "right": 115.5,
                "bottom": 56.5
            }
        },
        {
            "unicode": 41,
            "advance": 0.312,
            "planeBounds": {
                "left": -0.011740899357601736,
                "top": -0.76231263383297643,
                "right": 0.31374089935760163,
                "bottom": 0.19700214132762311
            },
            "atlasBounds": {
                "left": 116.5,
                "top": 0.5,
                "right": 135.5,
                "bottom": 56.5
            }
        },
        {
            "unicode": 42,
            "advance": 0.54900000000000004,
            "planeBounds": {
                "left": -8.9935760171332645e-05,
                "top": -0.79657387580299777,
                "right": 0.54808993576017118,
                "bottom": -0.26552462526766596
            },
            "atlasBounds": {
                "left": 21.5,
                "top": 468.5,
                "right": 53.5,
                "bottom": 499.5
            }
        },
        {
            "unicode": 43,
            "advance": 0.57200000000000006,
            "planeBounds": {
                "left": 0.010910064239828696,
                "top": -0.64239828693790135,
                "right": 0.55908993576017119,
                "bottom": -0.059957173447537475
            },
            "atlasBounds": {
                "left": 308.5,
                "top": 430.5,
                "right": 340.5,
                "bottom": 464.5
            }
        },
        {
            "unicode": 44,
            "advance": 0.27300000000000002,
            "planeBounds": {
                "left": -0.0004143468950749405,
                "top": -0.16274089935760166,
                "right": 0.23941434689507493,
                "bottom": 0.17987152034261242
            },
            "atlasBounds": {
                "left": 497.5,
                "top": 391.5,
                "right": 511.5,
                "bottom": 411.5
            }
        },
        {
            "unicode": 45,
            "advance": 0.32200000000000001,
            "planeBounds": {
                "left": -0.0017408993576017444,
                "top": -0.35117773019271942,
                "right": 0.32374089935760164,
                "bottom": -0.17987152034261239
            },
            "atlasBounds": {
                "left": 479.5,
                "top": 41.5,
                "right": 498.5,
                "bottom": 51.5
            }
        },
        {
            "unicode": 46,
            "advance": 0.27300000000000002,
            "planeBounds": {
                "left": 0.033716274089935772,
                "top": -0.17987152034261236,
                "right": 0.23928372591006422,
                "bottom": 0.059957173447537468
            },
            "atlasBounds": {
                "left": 406.5,
                "top": 468.5,
                "right": 418.5,
                "bottom": 482.5
            }
        },
        {
            "unicode": 47,
            "advance": 0.38400000000000001,
            "planeBounds": {
                "left": -0.030198072805139205,
                "top": -0.76231263383297632,
                "right": 0.4151980728051391,
                "bottom": 0.042826552462526764
            },
            "atlasBounds": {
                "left": 284.5,
                "top": 166.5,
                "right": 310.5,
                "bottom": 213.5
            }
        },
        {
            "unicode": 48,
            "advance": 0.57200000000000006,
            "planeBounds": {
                "left": 0.003344753747323331,
                "top": -0.76231263383297643,
                "right": 0.5686552462526766,
                "bottom": 0.059957173447537468
            },
            "atlasBounds": {
                "left": 236.5,
                "top": 116.5,
                "right": 269.5,
                "bottom": 164.5
            }
        },
        {
            "unicode": 49,
            "advance": 0.57200000000000006,
            "planeBounds": {
                "left": 0.037563169164882199,
                "top": -0.76231263383297632,
                "right": 0.41443683083511768,
                "bottom": 0.042826552462526764
            },
            "atlasBounds": {
                "left": 311.5,
                "top": 166.5,
                "right": 333.5,
                "bottom": 213.5
            }
        },
        {
            "unicode": 50,
            "advance": 0.57200000000000006,
            "planeBounds": {
                "left": 0.0033447537473233046,
                "top": -0.76231263383297632,
                "right": 0.56865524625267649,
                "bottom": 0.042826552462526764
            },
            "atlasBounds": {
                "left": 334.5,
                "top": 166.5,
                "right": 367.5,
                "bottom": 213.5
            }
        },
        {
            "unicode": 51,
            "advance": 0.57200000000000006,
            "planeBounds": {
                "left": 0.0074100642398286761,
                "top": -0.76231263383297643,
                "right": 0.55558993576017124,
                "bottom": 0.059957173447537468
            },
            "atlasBounds": {
                "left": 270.5,
                "top": 116.5,
                "right": 302.5,
                "bottom": 164.5
            }
        },
        {
            "unicode": 52,
            "advance": 0.57200000000000006,
            "planeBounds": {
                "left": -0.021851177730192725,
                "top": -0.76231263383297632,
                "right": 0.59485117773019269,
                "bottom": 0.042826552462526764
            },
            "atlasBounds": {
                "left": 368.5,
                "top": 166.5,
                "right": 404.5,
                "bottom": 213.5
            }
        },
        {
            "unicode": 53,
            "advance": 0.57200000000000006,
            "planeBounds": {
                "left": 0.022975374732334027,
                "top": -0.76231263383297643,
                "right": 0.55402462526766594,
                "bottom": 0.059957173447537468
            },
            "atlasBounds": {
                "left": 303.5,
                "top": 116.5,
                "right": 334.5,
                "bottom": 164.5
            }
        },
        {
            "unicode": 54,
            "advance": 0.57200000000000006,
            "planeBounds": {
                "left": 0.0063447537473233047,
                "top": -0.76231263383297643,
                "right": 0.5716552462526765,
                "bottom": 0.059957173447537468
            },
            "atlasBounds": {
                "left": 335.5,
                "top": 116.5,
                "right": 368.5,
                "bottom": 164.5
            }
        },
        {
            "unicode": 55,
            "advance": 0.57200000000000006,
            "planeBounds": {
                "left": 0.00084475374732333641,
                "top": -0.76231263383297632,
                "right": 0.56615524625267666,
                "bottom": 0.042826552462526764
            },
            "atlasBounds": {
                "left": 448.5,
                "top": 166.5,
                "right": 481.5,
                "bottom": 213.5
            }
        },
        {
            "unicode": 56,
            "advance": 0.57200000000000006,
            "planeBounds": {
                "left": 0.0028447537473233471,
                "top": -0.76231263383297643,
                "right": 0.56815524625267666,
                "bottom": 0.059957173447537468
            },
            "atlasBounds": {
                "left": 369.5,
                "top": 116.5,
                "right": 402.5,
                "bottom": 164.5
            }
        },
        {
            "unicode": 57,
            "advance": 0.57200000000000006,
            "planeBounds": {
                "left": 0.0023447537473233046,
                "top": -0.76231263383297643,
                "right": 0.56765524625267649,
                "bottom": 0.059957173447537468
            },
            "atlasBounds": {
                "left": 403.5,
                "top": 116.5,
                "right": 436.5,
                "bottom": 164.5
            }
        },
        {
            "unicode": 58,
            "advance": 0.27300000000000002,
            "planeBounds": {
                "left": 0.033716274089935772,
                "top": -0.5910064239828694,
                "right": 0.23928372591006422,
                "bottom": 0.059957173447537468
            },
            "atlasBounds": {
                "left": 442.5,
                "top": 351.5,
                "right": 454.5,
                "bottom": 389.5
            }
        },
        {
            "unicode": 59,
            "advance": 0.27300000000000002,
            "planeBounds": {
                "left": -0.010979657387580291,
                "top": -0.59100642398286929,
                "right": 0.24597965738758026,
                "bottom": 0.17987152034261242
            },
            "atlasBounds": {
                "left": 216.5,
                "top": 263.5,
                "right": 231.5,
                "bottom": 308.5
            }
        },
        {
            "unicode": 60,
            "advance": 0.57200000000000006,
            "planeBounds": {
                "left": 0.011410064239828679,
                "top": -0.65952890792291219,
                "right": 0.55958993576017124,
                "bottom": -0.059957173447537475
            },
            "atlasBounds": {
                "left": 242.5,
                "top": 430.5,
                "right": 274.5,
                "bottom": 465.5
            }
        },
        {
            "unicode": 61,
            "advance": 0.57200000000000006,
            "planeBounds": {
                "left": 0.010910064239828677,
                "top": -0.53961456102783723,
                "right": 0.55908993576017119,
                "bottom": -0.16274089935760172
            },
            "atlasBounds": {
                "left": 105.5,
                "top": 468.5,
                "right": 137.5,
                "bottom": 490.5
            }
        },
        {
            "unicode": 62,
            "advance": 0.57200000000000006,
            "planeBounds": {
                "left": 0.011410064239828679,
                "top": -0.65952890792291219,
                "right": 0.55958993576017124,
                "bottom": -0.059957173447537475
            },
            "atlasBounds": {
                "left": 275.5,
                "top": 430.5,
                "right": 307.5,
                "bottom": 465.5
            }
        },
        {
            "unicode": 63,
            "advance": 0.44700000000000001,
            "planeBounds": {
                "left": -0.033394004282655251,
                "top": -0.76231263383297643,
                "right": 0.46339400428265515,
                "bottom": 0.059957173447537468
            },
            "atlasBounds": {
                "left": 437.5,
                "top": 116.5,
                "right": 466.5,
                "bottom": 164.5
            }
        },
        {
            "unicode": 64,
            "advance": 0.89800000000000002,
            "planeBounds": {
                "left": 0.021234475374732328,
                "top": -0.76231263383297632,
                "right": 0.87776552462526758,
                "bottom": 0.1284796573875803
            },
            "atlasBounds": {
                "left": 328.5,
                "top": 0.5,
                "right": 378.5,
                "bottom": 52.5
            }
        },
        {
            "unicode": 65,
            "advance": 0.65400000000000003,
            "planeBounds": {
                "left": -0.041808351177730164,
                "top": -0.76231263383297632,
                "right": 0.69480835117773021,
                "bottom": 0.042826552462526764
            },
            "atlasBounds": {
                "left": 0.5,
                "top": 215.5,
                "right": 43.5,
                "bottom": 262.5
            }
        },
        {
            "unicode": 66,
            "advance": 0.65600000000000003,
            "planeBounds": {
                "left": 0.057779443254817979,
                "top": -0.76231263383297632,
                "right": 0.64022055674518186,
                "bottom": 0.042826552462526764
            },
            "atlasBounds": {
                "left": 44.5,
                "top": 215.5,
                "right": 78.5,
                "bottom": 262.5
            }
        },
        {
            "unicode": 67,
            "advance": 0.63300000000000001,
            "planeBounds": {
                "left": 0.022148822269807269,
                "top": -0.76231263383297643,
                "right": 0.63885117773019273,
                "bottom": 0.059957173447537468
            },
            "atlasBounds": {
                "left": 467.5,
                "top": 116.5,
                "right": 503.5,
                "bottom": 164.5
            }
        },
        {
            "unicode": 68,
            "advance": 0.73299999999999998,
            "planeBounds": {
                "left": 0.05851820128479656,
                "top": -0.76231263383297632,
                "right": 0.70948179871520334,
                "bottom": 0.042826552462526764
            },
            "atlasBounds": {
                "left": 79.5,
                "top": 215.5,
                "right": 117.5,
                "bottom": 262.5
            }
        },
        {
            "unicode": 69,
            "advance": 0.55700000000000005,
            "planeBounds": {
                "left": 0.056171306209850086,
                "top": -0.76231263383297632,
                "right": 0.53582869379014986,
                "bottom": 0.042826552462526764
            },
            "atlasBounds": {
                "left": 118.5,
                "top": 215.5,
                "right": 146.5,
                "bottom": 262.5
            }
        },
        {
            "unicode": 70,
            "advance": 0.52800000000000002,
            "planeBounds": {
                "left": 0.056171306209850086,
                "top": -0.76231263383297632,
                "right": 0.53582869379014986,
                "bottom": 0.042826552462526764
            },
            "atlasBounds": {
                "left": 147.5,
                "top": 215.5,
                "right": 175.5,
                "bottom": 262.5
            }
        },
        {
            "unicode": 71,
            "advance": 0.72699999999999998,
            "planeBounds": {
                "left": 0.021452890792291231,
                "top": -0.76231263383297643,
                "right": 0.68954710920770867,
                "bottom": 0.059957173447537468
            },
            "atlasBounds": {
                "left": 0.5,
                "top": 166.5,
                "right": 39.5,
                "bottom": 214.5
            }
        },
        {
            "unicode": 72,
            "advance": 0.748,
            "planeBounds": {
                "left": 0.056583511777301893,
                "top": -0.76231263383297632,
                "right": 0.69041648822269797,
                "bottom": 0.042826552462526764
            },
            "atlasBounds": {
                "left": 176.5,
                "top": 215.5,
                "right": 213.5,
                "bottom": 262.5
            }
        },
        {
            "unicode": 73,
            "advance": 0.35399999999999998,
            "planeBounds": {
                "left": -0.0033715203426124439,
                "top": -0.76231263383297632,
                "right": 0.35637152034261238,
                "bottom": 0.042826552462526764
            },
            "atlasBounds": {
                "left": 214.5,
                "top": 215.5,
                "right": 235.5,
                "bottom": 262.5
            }
        },
        {
            "unicode": 74,
            "advance": 0.28999999999999998,
            "planeBounds": {
                "left": -0.11887152034261241,
                "top": -0.76231263383297643,
                "right": 0.24087152034261244,
                "bottom": 0.23126338329764454
            },
            "atlasBounds": {
                "left": 30.5,
                "top": 0.5,
                "right": 51.5,
                "bottom": 58.5
            }
        },
        {
            "unicode": 75,
            "advance": 0.63200000000000001,
            "planeBounds": {
                "left": 0.055148822269807274,
                "top": -0.76231263383297632,
                "right": 0.67185117773019276,
                "bottom": 0.042826552462526764
            },
            "atlasBounds": {
                "left": 236.5,
                "top": 215.5,
                "right": 272.5,
                "bottom": 262.5
            }
        },
        {
            "unicode": 76,
            "advance": 0.53600000000000003,
            "planeBounds": {
                "left": 0.053105995717344735,
                "top": -0.76231263383297632,
                "right": 0.54989400428265511,
                "bottom": 0.042826552462526764
            },
            "atlasBounds": {
                "left": 482.5,
                "top": 166.5,
                "right": 511.5,
                "bottom": 213.5
            }
        },
        {
            "unicode": 77,
            "advance": 0.91800000000000004,
            "planeBounds": {
                "left": 0.056430406852248392,
                "top": -0.76231263383297632,
                "right": 0.8615695931477515,
                "bottom": 0.042826552462526764
            },
            "atlasBounds": {
                "left": 273.5,
                "top": 215.5,
                "right": 320.5,
                "bottom": 262.5
            }
        },
        {
            "unicode": 78,
            "advance": 0.77600000000000002,
            "planeBounds": {
                "left": 0.053952890792291194,
                "top": -0.76231263383297632,
                "right": 0.72204710920770865,
                "bottom": 0.042826552462526764
            },
            "atlasBounds": {
                "left": 321.5,
                "top": 215.5,
                "right": 360.5,
                "bottom": 262.5
            }
        },
        {
            "unicode": 79,
            "advance": 0.78500000000000003,
            "planeBounds": {
                "left": 0.024191648822269811,
                "top": -0.76231263383297643,
                "right": 0.76080835117773016,
                "bottom": 0.059957173447537468
            },
            "atlasBounds": {
                "left": 40.5,
                "top": 166.5,
                "right": 83.5,
                "bottom": 214.5
            }
        },
        {
            "unicode": 80,
            "advance": 0.61199999999999999,
            "planeBounds": {
                "left": 0.054910064239828679,
                "top": -0.76231263383297632,
                "right": 0.60308993576017123,
                "bottom": 0.042826552462526764
            },
            "atlasBounds": {
                "left": 361.5,
                "top": 215.5,
                "right": 393.5,
                "bottom": 262.5
            }
        },
        {
            "unicode": 81,
            "advance": 0.78500000000000003,
            "planeBounds": {
                "left": 0.024191648822269811,
                "top": -0.76231263383297632,
                "right": 0.76080835117773016,
                "bottom": 0.21413276231263381
            },
            "atlasBounds": {
                "left": 52.5,
                "top": 0.5,
                "right": 95.5,
                "bottom": 57.5
            }
        },
        {
            "unicode": 82,
            "advance": 0.63300000000000001,
            "planeBounds": {
                "left": 0.059214132762312598,
                "top": -0.76231263383297632,
                "right": 0.65878586723768728,
                "bottom": 0.042826552462526764
            },
            "atlasBounds": {
                "left": 394.5,
                "top": 215.5,
                "right": 429.5,
                "bottom": 262.5
            }
        },
        {
            "unicode": 83,
            "advance": 0.55000000000000004,
            "planeBounds": {
                "left": 0.011975374732334029,
                "top": -0.76231263383297643,
                "right": 0.54302462526766593,
                "bottom": 0.059957173447537468
            },
            "atlasBounds": {
                "left": 84.5,
                "top": 166.5,
                "right": 115.5,
                "bottom": 214.5
            }
        },
        {
            "unicode": 84,
            "advance": 0.56300000000000006,
            "planeBounds": {
                "left": -0.027351177730192709,
                "top": -0.76231263383297632,
                "right": 0.58935117773019274,
                "bottom": 0.042826552462526764
            },
            "atlasBounds": {
                "left": 430.5,
                "top": 215.5,
                "right": 466.5,
                "bottom": 262.5
            }
        },
        {
            "unicode": 85,
            "advance": 0.73799999999999999,
            "planeBounds": {
                "left": 0.052083511777301909,
                "top": -0.76231263383297643,
                "right": 0.68591648822269791,
                "bottom": 0.059957173447537468
            },
            "atlasBounds": {
                "left": 116.5,
                "top": 166.5,
                "right": 153.5,
                "bottom": 214.5
            }
        },
        {
            "unicode": 86,
            "advance": 0.61499999999999999,
            "planeBounds": {
                "left": -0.035112419700214156,
                "top": -0.76231263383297632,
                "right": 0.65011241970021405,
                "bottom": 0.042826552462526764
            },
            "atlasBounds": {
                "left": 0.5,
                "top": 263.5,
                "right": 40.5,
                "bottom": 310.5
            }
        },
        {
            "unicode": 87,
            "advance": 0.94100000000000006,
            "planeBounds": {
                "left": -0.026788008565310512,
                "top": -0.76231263383297632,
                "right": 0.96678800856531044,
                "bottom": 0.042826552462526764
            },
            "atlasBounds": {
                "left": 41.5,
                "top": 263.5,
                "right": 99.5,
                "bottom": 310.5
            }
        },
        {
            "unicode": 88,
            "advance": 0.60999999999999999,
            "planeBounds": {
                "left": -0.037612419700214152,
                "top": -0.76231263383297632,
                "right": 0.64761241970021399,
                "bottom": 0.042826552462526764
            },
            "atlasBounds": {
                "left": 100.5,
                "top": 263.5,
                "right": 140.5,
                "bottom": 310.5
            }
        },
        {
            "unicode": 89,
            "advance": 0.58299999999999996,
            "planeBounds": {
                "left": -0.042547109207708815,
                "top": -0.76231263383297632,
                "right": 0.62554710920770862,
                "bottom": 0.042826552462526764
            },
            "atlasBounds": {
                "left": 141.5,
                "top": 263.5,
                "right": 180.5,
                "bottom": 310.5
            }
        },
        {
            "unicode": 90,
            "advance": 0.57400000000000007,
            "planeBounds": {
                "left": -0.0047205567451820375,
                "top": -0.76231263383297632,
                "right": 0.57772055674518186,
                "bottom": 0.042826552462526764
            },
            "atlasBounds": {
                "left": 181.5,
                "top": 263.5,
                "right": 215.5,
                "bottom": 310.5
            }
        },
        {
            "unicode": 91,
            "advance": 0.33000000000000002,
            "planeBounds": {
                "left": 0.036824411134903604,
                "top": -0.76231263383297643,
                "right": 0.34517558886509631,
                "bottom": 0.19700214132762311
            },
            "atlasBounds": {
                "left": 136.5,
                "top": 0.5,
                "right": 154.5,
                "bottom": 56.5
            }
        },
        {
            "unicode": 93,
            "advance": 0.33000000000000002,
            "planeBounds": {
                "left": -0.015175588865096396,
                "top": -0.76231263383297643,
                "right": 0.29317558886509631,
                "bottom": 0.19700214132762311
            },
            "atlasBounds": {
                "left": 155.5,
                "top": 0.5,
                "right": 173.5,
                "bottom": 56.5
            }
        },
        {
            "unicode": 94,
            "advance": 0.57200000000000006,
            "planeBounds": {
                "left": -0.0052205567451820215,
                "top": -0.76231263383297632,
                "right": 0.57722055674518191,
                "bottom": -0.21413276231263381
            },
            "atlasBounds": {
                "left": 469.5,
                "top": 430.5,
                "right": 503.5,
                "bottom": 462.5
            }
        },
        {
            "unicode": 95,
            "advance": 0.434,
            "planeBounds": {
                "left": -0.039959314775160605,
                "top": 0.042826552462526764,
                "right": 0.47395931477516051,
                "bottom": 0.19700214132762311
            },
            "atlasBounds": {
                "left": 31.5,
                "top": 500.5,
                "right": 61.5,
                "bottom": 509.5
            }
        },
        {
            "unicode": 96,
            "advance": 0.30499999999999999,
            "planeBounds": {
                "left": -0.0016755888650963745,
                "top": -0.81370449678800849,
                "right": 0.30667558886509633,
                "bottom": -0.55674518201284784
            },
            "atlasBounds": {
                "left": 277.5,
                "top": 468.5,
                "right": 295.5,
                "bottom": 483.5
            }
        },
        {
            "unicode": 97,
            "advance": 0.57400000000000007,
            "planeBounds": {
                "left": 0.0039753747323340357,
                "top": -0.5910064239828694,
                "right": 0.53502462526766592,
                "bottom": 0.059957173447537468
            },
            "atlasBounds": {
                "left": 276.5,
                "top": 351.5,
                "right": 307.5,
                "bottom": 389.5
            }
        },
        {
            "unicode": 98,
            "advance": 0.62,
            "planeBounds": {
                "left": 0.042844753747323348,
                "top": -0.79657387580299777,
                "right": 0.6081552462526767,
                "bottom": 0.059957173447537468
            },
            "atlasBounds": {
                "left": 109.5,
                "top": 64.5,
                "right": 142.5,
                "bottom": 114.5
            }
        },
        {
            "unicode": 99,
            "advance": 0.48999999999999999,
            "planeBounds": {
                "left": 0.015171306209850079,
                "top": -0.5910064239828694,
                "right": 0.49482869379014982,
                "bottom": 0.059957173447537468
            },
            "atlasBounds": {
                "left": 223.5,
                "top": 351.5,
                "right": 251.5,
                "bottom": 389.5
            }
        },
        {
            "unicode": 100,
            "advance": 0.62,
            "planeBounds": {
                "left": 0.011844753747323342,
                "top": -0.79657387580299777,
                "right": 0.57715524625267667,
                "bottom": 0.059957173447537468
            },
            "atlasBounds": {
                "left": 167.5,
                "top": 64.5,
                "right": 200.5,
                "bottom": 114.5
            }
        },
        {
            "unicode": 101,
            "advance": 0.57200000000000006,
            "planeBounds": {
                "left": 0.013410064239828684,
                "top": -0.5910064239828694,
                "right": 0.56158993576017124,
                "bottom": 0.059957173447537468
            },
            "atlasBounds": {
                "left": 158.5,
                "top": 351.5,
                "right": 190.5,
                "bottom": 389.5
            }
        },
        {
            "unicode": 102,
            "advance": 0.35699999999999998,
            "planeBounds": {
                "left": -0.023263383297644567,
                "top": -0.81370449678800849,
                "right": 0.43926338329764447,
                "bottom": 0.042826552462526764
            },
            "atlasBounds": {
                "left": 201.5,
                "top": 64.5,
                "right": 228.5,
                "bottom": 114.5
            }
        },
        {
            "unicode": 103,
            "advance": 0.62,
            "planeBounds": {
                "left": 0.011844753747323342,
                "top": -0.5910064239828694,
                "right": 0.57715524625267667,
                "bottom": 0.28265524625267663
            },
            "atlasBounds": {
                "left": 411.5,
                "top": 0.5,
                "right": 444.5,
                "bottom": 51.5
            }
        },
        {
            "unicode": 104,
            "advance": 0.63,
            "planeBounds": {
                "left": 0.042410064239828696,
                "top": -0.79657387580299766,
                "right": 0.59058993576017127,
                "bottom": 0.042826552462526764
            },
            "atlasBounds": {
                "left": 438.5,
                "top": 64.5,
                "right": 470.5,
                "bottom": 113.5
            }
        },
        {
            "unicode": 105,
            "advance": 0.27200000000000002,
            "planeBounds": {
                "left": 0.033716274089935765,
                "top": -0.77944325481798704,
                "right": 0.23928372591006422,
                "bottom": 0.042826552462526764
            },
            "atlasBounds": {
                "left": 154.5,
                "top": 166.5,
                "right": 166.5,
                "bottom": 214.5
            }
        },
        {
            "unicode": 106,
            "advance": 0.27200000000000002,
            "planeBounds": {
                "left": -0.0932408993576017,
                "top": -0.77944325481798704,
                "right": 0.23224089935760167,
                "bottom": 0.28265524625267663
            },
            "atlasBounds": {
                "left": 10.5,
                "top": 0.5,
                "right": 29.5,
                "bottom": 62.5
            }
        },
        {
            "unicode": 107,
            "advance": 0.55900000000000005,
            "planeBounds": {
                "left": 0.043910064239828669,
                "top": -0.79657387580299766,
                "right": 0.59208993576017122,
                "bottom": 0.042826552462526764
            },
            "atlasBounds": {
                "left": 0.5,
                "top": 116.5,
                "right": 32.5,
                "bottom": 165.5
            }
        },
        {
            "unicode": 108,
            "advance": 0.27200000000000002,
            "planeBounds": {
                "left": 0.04178158458244112,
                "top": -0.79657387580299766,
                "right": 0.23021841541755886,
                "bottom": 0.042826552462526764
            },
            "atlasBounds": {
                "left": 33.5,
                "top": 116.5,
                "right": 44.5,
                "bottom": 165.5
            }
        },
        {
            "unicode": 109,
            "advance": 0.94900000000000007,
            "planeBounds": {
                "left": 0.048234475374732327,
                "top": -0.59100642398286929,
                "right": 0.90476552462526749,
                "bottom": 0.042826552462526764
            },
            "atlasBounds": {
                "left": 0.5,
                "top": 430.5,
                "right": 50.5,
                "bottom": 467.5
            }
        },
        {
            "unicode": 110,
            "advance": 0.63,
            "planeBounds": {
                "left": 0.042410064239828696,
                "top": -0.59100642398286929,
                "right": 0.59058993576017127,
                "bottom": 0.042826552462526764
            },
            "atlasBounds": {
                "left": 75.5,
                "top": 430.5,
                "right": 107.5,
                "bottom": 467.5
            }
        },
        {
            "unicode": 111,
            "advance": 0.60899999999999999,
            "planeBounds": {
                "left": 0.013779443254817945,
                "top": -0.5910064239828694,
                "right": 0.59622055674518182,
                "bottom": 0.059957173447537468
            },
            "atlasBounds": {
                "left": 303.5,
                "top": 391.5,
                "right": 337.5,
                "bottom": 429.5
            }
        },
        {
            "unicode": 112,
            "advance": 0.62,
            "planeBounds": {
                "left": 0.042844753747323348,
                "top": -0.5910064239828694,
                "right": 0.6081552462526767,
                "bottom": 0.28265524625267663
            },
            "atlasBounds": {
                "left": 445.5,
                "top": 0.5,
                "right": 478.5,
                "bottom": 51.5
            }
        },
        {
            "unicode": 113,
            "advance": 0.62,
            "planeBounds": {
                "left": 0.011844753747323342,
                "top": -0.5910064239828694,
                "right": 0.57715524625267667,
                "bottom": 0.28265524625267663
            },
            "atlasBounds": {
                "left": 0.5,
                "top": 64.5,
                "right": 33.5,
                "bottom": 115.5
            }
        },
        {
            "unicode": 114,
            "advance": 0.42499999999999999,
            "planeBounds": {
                "left": 0.048497858672376853,
                "top": -0.59100642398286929,
                "right": 0.44250214132762306,
                "bottom": 0.042826552462526764
            },
            "atlasBounds": {
                "left": 51.5,
                "top": 430.5,
                "right": 74.5,
                "bottom": 467.5
            }
        },
        {
            "unicode": 115,
            "advance": 0.48399999999999999,
            "planeBounds": {
                "left": 0.01373661670235545,
                "top": -0.5910064239828694,
                "right": 0.4762633832976445,
                "bottom": 0.059957173447537468
            },
            "atlasBounds": {
                "left": 226.5,
                "top": 391.5,
                "right": 253.5,
                "bottom": 429.5
            }
        },
        {
            "unicode": 116,
            "advance": 0.38300000000000001,
            "planeBounds": {
                "left": -0.017567451820128512,
                "top": -0.71092077087794425,
                "right": 0.39356745182012837,
                "bottom": 0.059957173447537468
            },
            "atlasBounds": {
                "left": 232.5,
                "top": 263.5,
                "right": 256.5,
                "bottom": 308.5
            }
        },
        {
            "unicode": 117,
            "advance": 0.63,
            "planeBounds": {
                "left": 0.038410064239828685,
                "top": -0.57387580299785867,
                "right": 0.58658993576017127,
                "bottom": 0.059957173447537468
            },
            "atlasBounds": {
                "left": 108.5,
                "top": 430.5,
                "right": 140.5,
                "bottom": 467.5
            }
        },
        {
            "unicode": 118,
            "advance": 0.52600000000000002,
            "planeBounds": {
                "left": -0.03678586723768737,
                "top": -0.57387580299785867,
                "right": 0.56278586723768731,
                "bottom": 0.042826552462526764
            },
            "atlasBounds": {
                "left": 206.5,
                "top": 430.5,
                "right": 241.5,
                "bottom": 466.5
            }
        },
        {
            "unicode": 119,
            "advance": 0.80700000000000005,
            "planeBounds": {
                "left": -0.024765524625267703,
                "top": -0.59100642398286929,
                "right": 0.83176552462526754,
                "bottom": 0.042826552462526764
            },
            "atlasBounds": {
                "left": 414.5,
                "top": 391.5,
                "right": 464.5,
                "bottom": 428.5
            }
        },
        {
            "unicode": 120,
            "advance": 0.54300000000000004,
            "planeBounds": {
                "left": -0.028285867237687376,
                "top": -0.57387580299785867,
                "right": 0.57128586723768726,
                "bottom": 0.042826552462526764
            },
            "atlasBounds": {
                "left": 170.5,
                "top": 430.5,
                "right": 205.5,
                "bottom": 466.5
            }
        },
        {
            "unicode": 121,
            "advance": 0.52700000000000002,
            "planeBounds": {
                "left": -0.035785867237687369,
                "top": -0.57387580299785856,
                "right": 0.56378586723768731,
                "bottom": 0.28265524625267663
            },
            "atlasBounds": {
                "left": 229.5,
                "top": 64.5,
                "right": 264.5,
                "bottom": 114.5
            }
        },
        {
            "unicode": 122,
            "advance": 0.47500000000000003,
            "planeBounds": {
                "left": -0.0028286937901499201,
                "top": -0.57387580299785867,
                "right": 0.47682869379014986,
                "bottom": 0.042826552462526764
            },
            "atlasBounds": {
                "left": 141.5,
                "top": 430.5,
                "right": 169.5,
                "bottom": 466.5
            }
        },
        {
            "unicode": 123,
            "advance": 0.38400000000000001,
            "planeBounds": {
                "left": -0.018567451820128492,
                "top": -0.76231263383297643,
                "right": 0.39256745182012842,
                "bottom": 0.19700214132762311
            },
            "atlasBounds": {
                "left": 174.5,
                "top": 0.5,
                "right": 198.5,
                "bottom": 56.5
            }
        },
        {
            "unicode": 124,
            "advance": 0.55100000000000005,
            "planeBounds": {
                "left": 0.19841220556745182,
                "top": -0.79657387580299766,
                "right": 0.35258779443254823,
                "bottom": 0.28265524625267663
            },
            "atlasBounds": {
                "left": 0.5,
                "top": 0.5,
                "right": 9.5,
                "bottom": 63.5
            }
        },
        {
            "unicode": 125,
            "advance": 0.38400000000000001,
            "planeBounds": {
                "left": -0.0085674518201284914,
                "top": -0.76231263383297643,
                "right": 0.40256745182012843,
                "bottom": 0.19700214132762311
            },
            "atlasBounds": {
                "left": 199.5,
                "top": 0.5,
                "right": 223.5,
                "bottom": 56.5
            }
        },
        {
            "unicode": 126,
            "advance": 0.57200000000000006,
            "planeBounds": {
                "left": 0.011410064239828679,
                "top": -0.47109207708779433,
                "right": 0.55958993576017124,
                "bottom": -0.23126338329764451
            },
            "atlasBounds": {
                "left": 450.5,
                "top": 468.5,
                "right": 482.5,
                "bottom": 482.5
            }
        },
        {
            "unicode": 3585,
            "advance": 0.60699999999999998,
            "planeBounds": {
                "left": 0.021910064239828678,
                "top": -0.60813704496788001,
                "right": 0.5700899357601712,
                "bottom": 0.042826552462526764
            },
            "atlasBounds": {
                "left": 372.5,
                "top": 351.5,
                "right": 404.5,
                "bottom": 389.5
            }
        },
        {
            "unicode": 3586,
            "advance": 0.56000000000000005,
            "planeBounds": {
                "left": 0.010040685224839398,
                "top": -0.5910064239828694,
                "right": 0.52395931477516045,
                "bottom": 0.059957173447537468
            },
            "atlasBounds": {
                "left": 61.5,
                "top": 351.5,
                "right": 91.5,
                "bottom": 389.5
            }
        },
        {
            "unicode": 3587,
            "advance": 0.56400000000000006,
            "planeBounds": {
                "left": 0.0080406852248393803,
                "top": -0.5910064239828694,
                "right": 0.52195931477516044,
                "bottom": 0.059957173447537468
            },
            "atlasBounds": {
                "left": 195.5,
                "top": 391.5,
                "right": 225.5,
                "bottom": 429.5
            }
        },
        {
            "unicode": 3588,
            "advance": 0.623,
            "planeBounds": {
                "left": 0.037910064239828671,
                "top": -0.60813704496788001,
                "right": 0.58608993576017121,
                "bottom": 0.042826552462526764
            },
            "atlasBounds": {
                "left": 65.5,
                "top": 391.5,
                "right": 97.5,
                "bottom": 429.5
            }
        },
        {
            "unicode": 3589,
            "advance": 0.63200000000000001,
            "planeBounds": {
                "left": 0.041910064239828695,
                "top": -0.60813704496788001,
                "right": 0.59008993576017121,
                "bottom": 0.042826552462526764
            },
            "atlasBounds": {
                "left": 455.5,
                "top": 351.5,
                "right": 487.5,
                "bottom": 389.5
            }
        },
        {
            "unicode": 3590,
            "advance": 0.60999999999999999,
            "planeBounds": {
                "left": 0.0053447537473233541,
                "top": -0.5910064239828694,
                "right": 0.57065524625267661,
                "bottom": 0.059957173447537468
            },
            "atlasBounds": {
                "left": 31.5,
                "top": 391.5,
                "right": 64.5,
                "bottom": 429.5
            }
        },
        {
            "unicode": 3591,
            "advance": 0.54700000000000004,
            "planeBounds": {
                "left": -0.033655246252676657,
                "top": -0.59100642398286929,
                "right": 0.53165524625267668,
                "bottom": 0.042826552462526764
            },
            "atlasBounds": {
                "left": 338.5,
                "top": 391.5,
                "right": 371.5,
                "bottom": 428.5
            }
        },
        {
            "unicode": 3592,
            "advance": 0.54000000000000004,
            "planeBounds": {
                "left": 0.0035406852248393949,
                "top": -0.60813704496788001,
                "right": 0.51745931477516049,
                "bottom": 0.042826552462526764
            },
            "atlasBounds": {
                "left": 0.5,
                "top": 391.5,
                "right": 30.5,
                "bottom": 429.5
            }
        },
        {
            "unicode": 3593,
            "advance": 0.60999999999999999,
            "planeBounds": {
                "left": 0.039975374732334035,
                "top": -0.60813704496788001,
                "right": 0.57102462526766595,
                "bottom": 0.059957173447537468
            },
            "atlasBounds": {
                "left": 445.5,
                "top": 311.5,
                "right": 476.5,
                "bottom": 350.5
            }
        },
        {
            "unicode": 3594,
            "advance": 0.56400000000000006,
            "planeBounds": {
                "left": 0.0084753747323340275,
                "top": -0.5910064239828694,
                "right": 0.53952462526766587,
                "bottom": 0.059957173447537468
            },
            "atlasBounds": {
                "left": 254.5,
                "top": 391.5,
                "right": 285.5,
                "bottom": 429.5
            }
        },
        {
            "unicode": 3595,
            "advance": 0.57000000000000006,
            "planeBounds": {
                "left": 0.0069753747323340236,
                "top": -0.5910064239828694,
                "right": 0.53802462526766592,
                "bottom": 0.059957173447537468
            },
            "atlasBounds": {
                "left": 98.5,
                "top": 391.5,
                "right": 129.5,
                "bottom": 429.5
            }
        },
        {
            "unicode": 3596,
            "advance": 0.91200000000000003,
            "planeBounds": {
                "left": 0.020234475374732348,
                "top": -0.60813704496788001,
                "right": 0.87676552462526769,
                "bottom": 0.059957173447537468
            },
            "atlasBounds": {
                "left": 364.5,
                "top": 311.5,
                "right": 414.5,
                "bottom": 350.5
            }
        },
        {
            "unicode": 3597,
            "advance": 0.91700000000000004,
            "planeBounds": {
                "left": 0.027799785867237675,
                "top": -0.60813704496788001,
                "right": 0.86720021413276227,
                "bottom": 0.23126338329764454
            },
            "atlasBounds": {
                "left": 45.5,
                "top": 116.5,
                "right": 94.5,
                "bottom": 165.5
            }
        },
        {
            "unicode": 3598,
            "advance": 0.61299999999999999,
            "planeBounds": {
                "left": -0.022285867237687378,
                "top": -0.60813704496788001,
                "right": 0.57728586723768727,
                "bottom": 0.24839400428265523
            },
            "atlasBounds": {
                "left": 265.5,
                "top": 64.5,
                "right": 300.5,
                "bottom": 114.5
            }
        },
        {
            "unicode": 3599,
            "advance": 0.61299999999999999,
            "planeBounds": {
                "left": -0.022285867237687378,
                "top": -0.60813704496788001,
                "right": 0.57728586723768727,
                "bottom": 0.24839400428265523
            },
            "atlasBounds": {
                "left": 301.5,
                "top": 64.5,
                "right": 336.5,
                "bottom": 114.5
            }
        },
        {
            "unicode": 3600,
            "advance": 0.55400000000000005,
            "planeBounds": {
                "left": -0.0041552462526766587,
                "top": -0.62526766595289074,
                "right": 0.56115524625267665,
                "bottom": 0.24839400428265523
            },
            "atlasBounds": {
                "left": 34.5,
                "top": 64.5,
                "right": 67.5,
                "bottom": 115.5
            }
        },
        {
            "unicode": 3601,
            "advance": 0.63300000000000001,
            "planeBounds": {
                "left": 0.0077794432548179684,
                "top": -0.60813704496788001,
                "right": 0.59022055674518181,
                "bottom": 0.042826552462526764
            },
            "atlasBounds": {
                "left": 477.5,
                "top": 311.5,
                "right": 511.5,
                "bottom": 349.5
            }
        },
        {
            "unicode": 3602,
            "advance": 0.91500000000000004,
            "planeBounds": {
                "left": 0.023169164882227002,
                "top": -0.60813704496788001,
                "right": 0.89683083511777295,
                "bottom": 0.059957173447537468
            },
            "atlasBounds": {
                "left": 249.5,
                "top": 311.5,
                "right": 300.5,
                "bottom": 350.5
            }
        },
        {
            "unicode": 3603,
            "advance": 0.91700000000000004,
            "planeBounds": {
                "left": 0.027799785867237675,
                "top": -0.60813704496788001,
                "right": 0.86720021413276227,
                "bottom": 0.059957173447537468
            },
            "atlasBounds": {
                "left": 199.5,
                "top": 311.5,
                "right": 248.5,
                "bottom": 350.5
            }
        },
        {
            "unicode": 3604,
            "advance": 0.621,
            "planeBounds": {
                "left": 0.017344753747323353,
                "top": -0.60813704496788001,
                "right": 0.58265524625267662,
                "bottom": 0.059957173447537468
            },
            "atlasBounds": {
                "left": 165.5,
                "top": 311.5,
                "right": 198.5,
                "bottom": 350.5
            }
        },
        {
            "unicode": 3605,
            "advance": 0.64100000000000001,
            "planeBounds": {
                "left": 0.020779443254817977,
                "top": -0.60813704496788001,
                "right": 0.60322055674518182,
                "bottom": 0.059957173447537468
            },
            "atlasBounds": {
                "left": 130.5,
                "top": 311.5,
                "right": 164.5,
                "bottom": 350.5
            }
        },
        {
            "unicode": 3606,
            "advance": 0.60899999999999999,
            "planeBounds": {
                "left": 0.022910064239828672,
                "top": -0.60813704496788001,
                "right": 0.5710899357601712,
                "bottom": 0.059957173447537468
            },
            "atlasBounds": {
                "left": 68.5,
                "top": 311.5,
                "right": 100.5,
                "bottom": 350.5
            }
        },
        {
            "unicode": 3607,
            "advance": 0.61899999999999999,
            "planeBounds": {
                "left": 0.04647537473233404,
                "top": -0.60813704496788001,
                "right": 0.5775246252676659,
                "bottom": 0.042826552462526764
            },
            "atlasBounds": {
                "left": 163.5,
                "top": 391.5,
                "right": 194.5,
                "bottom": 429.5
            }
        },
        {
            "unicode": 3608,
            "advance": 0.54800000000000004,
            "planeBounds": {
                "left": 0.024040685224839379,
                "top": -0.60813704496788001,
                "right": 0.53795931477516046,
                "bottom": 0.059957173447537468
            },
            "atlasBounds": {
                "left": 301.5,
                "top": 311.5,
                "right": 331.5,
                "bottom": 350.5
            }
        },
        {
            "unicode": 3609,
            "advance": 0.623,
            "planeBounds": {
                "left": 0.041975374732334023,
                "top": -0.5910064239828694,
                "right": 0.57302462526766595,
                "bottom": 0.059957173447537468
            },
            "atlasBounds": {
                "left": 340.5,
                "top": 351.5,
                "right": 371.5,
                "bottom": 389.5
            }
        },
        {
            "unicode": 3610,
            "advance": 0.61299999999999999,
            "planeBounds": {
                "left": 0.040975374732334029,
                "top": -0.5910064239828694,
                "right": 0.57202462526766595,
                "bottom": 0.059957173447537468
            },
            "atlasBounds": {
                "left": 308.5,
                "top": 351.5,
                "right": 339.5,
                "bottom": 389.5
            }
        },
        {
            "unicode": 3611,
            "advance": 0.61399999999999999,
            "planeBounds": {
                "left": 0.040975374732334029,
                "top": -0.77944325481798704,
                "right": 0.57202462526766595,
                "bottom": 0.059957173447537468
            },
            "atlasBounds": {
                "left": 95.5,
                "top": 116.5,
                "right": 126.5,
                "bottom": 165.5
            }
        },
        {
            "unicode": 3612,
            "advance": 0.65800000000000003,
            "planeBounds": {
                "left": 0.045344753747323323,
                "top": -0.60813704496788001,
                "right": 0.61065524625267653,
                "bottom": 0.042826552462526764
            },
            "atlasBounds": {
                "left": 124.5,
                "top": 351.5,
                "right": 157.5,
                "bottom": 389.5
            }
        },
        {
            "unicode": 3613,
            "advance": 0.66100000000000003,
            "planeBounds": {
                "left": 0.045344753747323323,
                "top": -0.77944325481798704,
                "right": 0.61065524625267653,
                "bottom": 0.042826552462526764
            },
            "atlasBounds": {
                "left": 167.5,
                "top": 166.5,
                "right": 200.5,
                "bottom": 214.5
            }
        },
        {
            "unicode": 3614,
            "advance": 0.70399999999999996,
            "planeBounds": {
                "left": 0.00082226980728052187,
                "top": -0.59100642398286929,
                "right": 0.70317773019271945,
                "bottom": 0.042826552462526764
            },
            "atlasBounds": {
                "left": 372.5,
                "top": 391.5,
                "right": 413.5,
                "bottom": 428.5
            }
        },
        {
            "unicode": 3615,
            "advance": 0.69300000000000006,
            "planeBounds": {
                "left": -0.003243040685224859,
                "top": -0.77944325481798704,
                "right": 0.71624304068522471,
                "bottom": 0.042826552462526764
            },
            "atlasBounds": {
                "left": 201.5,
                "top": 166.5,
                "right": 243.5,
                "bottom": 214.5
            }
        },
        {
            "unicode": 3616,
            "advance": 0.61299999999999999,
            "planeBounds": {
                "left": -0.022285867237687378,
                "top": -0.60813704496788001,
                "right": 0.57728586723768727,
                "bottom": 0.059957173447537468
            },
            "atlasBounds": {
                "left": 456.5,
                "top": 263.5,
                "right": 491.5,
                "bottom": 302.5
            }
        },
        {
            "unicode": 3617,
            "advance": 0.623,
            "planeBounds": {
                "left": 0.050475374732334037,
                "top": -0.5910064239828694,
                "right": 0.58152462526766591,
                "bottom": 0.059957173447537468
            },
            "atlasBounds": {
                "left": 92.5,
                "top": 351.5,
                "right": 123.5,
                "bottom": 389.5
            }
        },
        {
            "unicode": 3618,
            "advance": 0.60199999999999998,
            "planeBounds": {
                "left": 0.028975374732334018,
                "top": -0.5910064239828694,
                "right": 0.56002462526766594,
                "bottom": 0.059957173447537468
            },
            "atlasBounds": {
                "left": 191.5,
                "top": 351.5,
                "right": 222.5,
                "bottom": 389.5
            }
        },
        {
            "unicode": 3619,
            "advance": 0.497,
            "planeBounds": {
                "left": 0.00010599571734474899,
                "top": -0.60813704496788001,
                "right": 0.49689400428265523,
                "bottom": 0.059957173447537468
            },
            "atlasBounds": {
                "left": 415.5,
                "top": 311.5,
                "right": 444.5,
                "bottom": 350.5
            }
        },
        {
            "unicode": 3620,
            "advance": 0.60899999999999999,
            "planeBounds": {
                "left": 0.022910064239828672,
                "top": -0.60813704496788001,
                "right": 0.5710899357601712,
                "bottom": 0.24839400428265523
            },
            "atlasBounds": {
                "left": 337.5,
                "top": 64.5,
                "right": 369.5,
                "bottom": 114.5
            }
        },
        {
            "unicode": 3621,
            "advance": 0.57899999999999996,
            "planeBounds": {
                "left": 0.0084753747323340432,
                "top": -0.60813704496788001,
                "right": 0.53952462526766587,
                "bottom": 0.059957173447537468
            },
            "atlasBounds": {
                "left": 332.5,
                "top": 311.5,
                "right": 363.5,
                "bottom": 350.5
            }
        },
        {
            "unicode": 3622,
            "advance": 0.61299999999999999,
            "planeBounds": {
                "left": -0.022285867237687378,
                "top": -0.60813704496788001,
                "right": 0.57728586723768727,
                "bottom": 0.24839400428265523
            },
            "atlasBounds": {
                "left": 370.5,
                "top": 64.5,
                "right": 405.5,
                "bottom": 114.5
            }
        },
        {
            "unicode": 3623,
            "advance": 0.498,
            "planeBounds": {
                "left": -0.0013286937901499042,
                "top": -0.60813704496788001,
                "right": 0.47832869379014986,
                "bottom": 0.059957173447537468
            },
            "atlasBounds": {
                "left": 101.5,
                "top": 311.5,
                "right": 129.5,
                "bottom": 350.5
            }
        },
        {
            "unicode": 3624,
            "advance": 0.63700000000000001,
            "planeBounds": {
                "left": 0.042279443254817986,
                "top": -0.62526766595289063,
                "right": 0.6247205567451819,
                "bottom": 0.042826552462526764
            },
            "atlasBounds": {
                "left": 33.5,
                "top": 311.5,
                "right": 67.5,
                "bottom": 350.5
            }
        },
        {
            "unicode": 3625,
            "advance": 0.65000000000000002,
            "planeBounds": {
                "left": 0.036648822269807264,
                "top": -0.5910064239828694,
                "right": 0.65335117773019258,
                "bottom": 0.059957173447537468
            },
            "atlasBounds": {
                "left": 405.5,
                "top": 351.5,
                "right": 441.5,
                "bottom": 389.5
            }
        },
        {
            "unicode": 3626,
            "advance": 0.58099999999999996,
            "planeBounds": {
                "left": 0.004279443254818,
                "top": -0.62526766595289074,
                "right": 0.58672055674518186,
                "bottom": 0.059957173447537468
            },
            "atlasBounds": {
                "left": 291.5,
                "top": 263.5,
                "right": 325.5,
                "bottom": 303.5
            }
        },
        {
            "unicode": 3627,
            "advance": 0.59699999999999998,
            "planeBounds": {
                "left": 0.043475374732334024,
                "top": -0.59100642398286929,
                "right": 0.5745246252676659,
                "bottom": 0.042826552462526764
            },
            "atlasBounds": {
                "left": 465.5,
                "top": 391.5,
                "right": 496.5,
                "bottom": 428.5
            }
        },
        {
            "unicode": 3628,
            "advance": 0.68000000000000005,
            "planeBounds": {
                "left": -0.0027430406852248746,
                "top": -0.76231263383297632,
                "right": 0.71674304068522476,
                "bottom": 0.042826552462526764
            },
            "atlasBounds": {
                "left": 405.5,
                "top": 166.5,
                "right": 447.5,
                "bottom": 213.5
            }
        },
        {
            "unicode": 3629,
            "advance": 0.57999999999999996,
            "planeBounds": {
                "left": 0.014910064239828677,
                "top": -0.60813704496788001,
                "right": 0.56308993576017119,
                "bottom": 0.059957173447537468
            },
            "atlasBounds": {
                "left": 0.5,
                "top": 311.5,
                "right": 32.5,
                "bottom": 350.5
            }
        },
        {
            "unicode": 3630,
            "advance": 0.57100000000000006,
            "planeBounds": {
                "left": 0.01784475374732334,
                "top": -0.62526766595289074,
                "right": 0.58315524625267667,
                "bottom": 0.059957173447537468
            },
            "atlasBounds": {
                "left": 257.5,
                "top": 263.5,
                "right": 290.5,
                "bottom": 303.5
            }
        },
        {
            "unicode": 3631,
            "advance": 0.52600000000000002,
            "planeBounds": {
                "left": -0.022394004282655259,
                "top": -0.60813704496788001,
                "right": 0.47439400428265516,
                "bottom": 0.042826552462526764
            },
            "atlasBounds": {
                "left": 31.5,
                "top": 351.5,
                "right": 60.5,
                "bottom": 389.5
            }
        },
        {
            "unicode": 3632,
            "advance": 0.34400000000000003,
            "planeBounds": {
                "left": -0.0003062098501070878,
                "top": -0.53961456102783723,
                "right": 0.34230620985010701,
                "bottom": -0.0085653104925053521
            },
            "atlasBounds": {
                "left": 0.5,
                "top": 468.5,
                "right": 20.5,
                "bottom": 499.5
            }
        },
        {
            "unicode": 3633,
            "advance": 0,
            "planeBounds": {
                "left": -0.37169807280513917,
                "top": -0.83083511777301922,
                "right": 0.073698072805139139,
                "bottom": -0.5910064239828694
            },
            "atlasBounds": {
                "left": 328.5,
                "top": 468.5,
                "right": 354.5,
                "bottom": 482.5
            }
        },
        {
            "unicode": 3634,
            "advance": 0.41500000000000004,
            "planeBounds": {
                "left": -0.022002141327623136,
                "top": -0.60813704496788001,
                "right": 0.37200214132762305,
                "bottom": 0.042826552462526764
            },
            "atlasBounds": {
                "left": 252.5,
                "top": 351.5,
                "right": 275.5,
                "bottom": 389.5
            }
        },
        {
            "unicode": 3635,
            "advance": 0.41500000000000004,
            "planeBounds": {
                "left": -0.31361241970021408,
                "top": -0.83083511777301922,
                "right": 0.37161241970021408,
                "bottom": 0.042826552462526764
            },
            "atlasBounds": {
                "left": 68.5,
                "top": 64.5,
                "right": 108.5,
                "bottom": 115.5
            }
        },
        {
            "unicode": 3636,
            "advance": 0,
            "planeBounds": {
                "left": -0.56045931477516064,
                "top": -0.76231263383297643,
                "right": -0.046540685224839423,
                "bottom": -0.5910064239828694
            },
            "atlasBounds": {
                "left": 0.5,
                "top": 500.5,
                "right": 30.5,
                "bottom": 510.5
            }
        },
        {
            "unicode": 3637,
            "advance": 0,
            "planeBounds": {
                "left": -0.55995931477516059,
                "top": -0.83083511777301922,
                "right": -0.046040685224839423,
                "bottom": -0.5910064239828694
            },
            "atlasBounds": {
                "left": 419.5,
                "top": 468.5,
                "right": 449.5,
                "bottom": 482.5
            }
        },
        {
            "unicode": 3638,
            "advance": 0,
            "planeBounds": {
                "left": -0.56102462526766605,
                "top": -0.84796573875802994,
                "right": -0.029975374732334102,
                "bottom": -0.5910064239828694
            },
            "atlasBounds": {
                "left": 296.5,
                "top": 468.5,
                "right": 327.5,
                "bottom": 483.5
            }
        },
        {
            "unicode": 3639,
            "advance": 0,
            "planeBounds": {
                "left": -0.55995931477516059,
                "top": -0.83083511777301922,
                "right": -0.046040685224839423,
                "bottom": -0.5910064239828694
            },
            "atlasBounds": {
                "left": 375.5,
                "top": 468.5,
                "right": 405.5,
                "bottom": 482.5
            }
        },
        {
            "unicode": 3640,
            "advance": 0,
            "planeBounds": {
                "left": -0.26984903640256952,
                "top": 0.02569593147751607,
                "right": -0.047150963597430408,
                "bottom": 0.29978586723768735
            },
            "atlasBounds": {
                "left": 497.5,
                "top": 412.5,
                "right": 510.5,
                "bottom": 428.5
            }
        },
        {
            "unicode": 3641,
            "advance": 0,
            "planeBounds": {
                "left": -0.44000214132762311,
                "top": 0.02569593147751607,
                "right": -0.045997858672376934,
                "bottom": 0.29978586723768735
            },
            "atlasBounds": {
                "left": 253.5,
                "top": 468.5,
                "right": 276.5,
                "bottom": 484.5
            }
        },
        {
            "unicode": 3642,
            "advance": 0,
            "planeBounds": {
                "left": -0.25334903640256956,
                "top": 0.02569593147751607,
                "right": -0.030650963597430404,
                "bottom": 0.24839400428265523
            },
            "atlasBounds": {
                "left": 483.5,
                "top": 468.5,
                "right": 496.5,
                "bottom": 481.5
            }
        },
        {
            "unicode": 3647,
            "advance": 0.58299999999999996,
            "planeBounds": {
                "left": 0.03847537473233404,
                "top": -0.79657387580299766,
                "right": 0.5695246252676659,
                "bottom": 0.09421841541755889
            },
            "atlasBounds": {
                "left": 379.5,
                "top": 0.5,
                "right": 410.5,
                "bottom": 52.5
            }
        },
        {
            "unicode": 3648,
            "advance": 0.309,
            "planeBounds": {
                "left": 0.053955032119914328,
                "top": -0.5910064239828694,
                "right": 0.32804496788008564,
                "bottom": 0.059957173447537468
            },
            "atlasBounds": {
                "left": 286.5,
                "top": 391.5,
                "right": 302.5,
                "bottom": 429.5
            }
        },
        {
            "unicode": 3649,
            "advance": 0.58999999999999997,
            "planeBounds": {
                "left": 0.057410064239828681,
                "top": -0.5910064239828694,
                "right": 0.60558993576017128,
                "bottom": 0.059957173447537468
            },
            "atlasBounds": {
                "left": 130.5,
                "top": 391.5,
                "right": 162.5,
                "bottom": 429.5
            }
        },
        {
            "unicode": 3650,
            "advance": 0.32000000000000001,
            "planeBounds": {
                "left": -0.03063276231263385,
                "top": -0.86509635974304055,
                "right": 0.39763276231263378,
                "bottom": 0.059957173447537468
            },
            "atlasBounds": {
                "left": 245.5,
                "top": 0.5,
                "right": 270.5,
                "bottom": 54.5
            }
        },
        {
            "unicode": 3651,
            "advance": 0.30299999999999999,
            "planeBounds": {
                "left": -0.014806209850107086,
                "top": -0.88222698072805139,
                "right": 0.327806209850107,
                "bottom": 0.059957173447537468
            },
            "atlasBounds": {
                "left": 224.5,
                "top": 0.5,
                "right": 244.5,
                "bottom": 55.5
            }
        },
        {
            "unicode": 3652,
            "advance": 0.317,
            "planeBounds": {
                "left": -0.047502141327623142,
                "top": -0.86509635974304055,
                "right": 0.34650214132762308,
                "bottom": 0.059957173447537468
            },
            "atlasBounds": {
                "left": 271.5,
                "top": 0.5,
                "right": 294.5,
                "bottom": 54.5
            }
        },
        {
            "unicode": 3653,
            "advance": 0.41500000000000004,
            "planeBounds": {
                "left": -0.022002141327623136,
                "top": -0.60813704496788001,
                "right": 0.37200214132762305,
                "bottom": 0.24839400428265523
            },
            "atlasBounds": {
                "left": 143.5,
                "top": 64.5,
                "right": 166.5,
                "bottom": 114.5
            }
        },
        {
            "unicode": 3654,
            "advance": 0.60699999999999998,
            "planeBounds": {
                "left": 0.035975374732334024,
                "top": -0.60813704496788001,
                "right": 0.56702462526766595,
                "bottom": 0.24839400428265523
            },
            "atlasBounds": {
                "left": 406.5,
                "top": 64.5,
                "right": 437.5,
                "bottom": 114.5
            }
        },
        {
            "unicode": 3655,
            "advance": 0,
            "planeBounds": {
                "left": -0.49163276231263381,
                "top": -0.899357601713062,
                "right": -0.06336723768736624,
                "bottom": -0.57387580299785867
            },
            "atlasBounds": {
                "left": 150.5,
                "top": 468.5,
                "right": 175.5,
                "bottom": 487.5
            }
        },
        {
            "unicode": 3656,
            "advance": 0,
            "planeBounds": {
                "left": -0.22565310492505355,
                "top": -1.0322269807280514,
                "right": -0.054346895074946507,
                "bottom": -0.7410064239828694
            },
            "atlasBounds": {
                "left": 223.5,
                "top": 468.5,
                "right": 233.5,
                "bottom": 485.5
            }
        },
        {
            "unicode": 3657,
            "advance": 0,
            "planeBounds": {
                "left": -0.41250214132762308,
                "top": -1.0322269807280514,
                "right": -0.018497858672376879,
                "bottom": -0.7410064239828694
            },
            "atlasBounds": {
                "left": 488.5,
                "top": 351.5,
                "right": 511.5,
                "bottom": 368.5
            }
        },
        {
            "unicode": 3658,
            "advance": 0,
            "planeBounds": {
                "left": -0.46426338329764449,
                "top": -1.0322269807280514,
                "right": -0.0017366167023554909,
                "bottom": -0.7410064239828694
            },
            "atlasBounds": {
                "left": 195.5,
                "top": 468.5,
                "right": 222.5,
                "bottom": 485.5
            }
        },
        {
            "unicode": 3659,
            "advance": 0,
            "planeBounds": {
                "left": -0.35467558886509637,
                "top": -1.0322269807280514,
                "right": -0.046324411134903702,
                "bottom": -0.7410064239828694
            },
            "atlasBounds": {
                "left": 176.5,
                "top": 468.5,
                "right": 194.5,
                "bottom": 485.5
            }
        },
        {
            "unicode": 3660,
            "advance": 0,
            "planeBounds": {
                "left": -0.31174089935760169,
                "top": -0.9465738758029977,
                "right": 0.013740899357601677,
                "bottom": -0.7067451820128478
            },
            "atlasBounds": {
                "left": 355.5,
                "top": 468.5,
                "right": 374.5,
                "bottom": 482.5
            }
        },
        {
            "unicode": 3661,
            "advance": 0,
            "planeBounds": {
                "left": -0.31917558886509634,
                "top": -0.83083511777301922,
                "right": -0.010824411134903698,
                "bottom": -0.55674518201284784
            },
            "atlasBounds": {
                "left": 234.5,
                "top": 468.5,
                "right": 252.5,
                "bottom": 484.5
            }
        },
        {
            "unicode": 3662,
            "advance": 0,
            "planeBounds": {
                "left": -0.31674089935760169,
                "top": -0.84796573875802983,
                "right": 0.0087408993576016773,
                "bottom": -0.55674518201284784
            },
            "atlasBounds": {
                "left": 492.5,
                "top": 263.5,
                "right": 511.5,
                "bottom": 280.5
            }
        },
        {
            "unicode": 3663,
            "advance": 0.60899999999999999,
            "planeBounds": {
                "left": 0.02234475374732332,
                "top": -0.50535331905781578,
                "right": 0.58765524625267651,
                "bottom": 0.059957173447537468
            },
            "atlasBounds": {
                "left": 341.5,
                "top": 430.5,
                "right": 374.5,
                "bottom": 463.5
            }
        },
        {
            "unicode": 3664,
            "advance": 0.56900000000000006,
            "planeBounds": {
                "left": 0.018975374732334026,
                "top": -0.50535331905781578,
                "right": 0.55002462526766593,
                "bottom": 0.059957173447537468
            },
            "atlasBounds": {
                "left": 406.5,
                "top": 430.5,
                "right": 437.5,
                "bottom": 463.5
            }
        },
        {
            "unicode": 3665,
            "advance": 0.54100000000000004,
            "planeBounds": {
                "left": 0.011540685224839376,
                "top": -0.50535331905781578,
                "right": 0.5254593147751605,
                "bottom": 0.059957173447537468
            },
            "atlasBounds": {
                "left": 375.5,
                "top": 430.5,
                "right": 405.5,
                "bottom": 463.5
            }
        },
        {
            "unicode": 3666,
            "advance": 0.622,
            "planeBounds": {
                "left": 0.019779443254817973,
                "top": -0.62526766595289074,
                "right": 0.60222055674518182,
                "bottom": 0.059957173447537468
            },
            "atlasBounds": {
                "left": 421.5,
                "top": 263.5,
                "right": 455.5,
                "bottom": 303.5
            }
        },
        {
            "unicode": 3667,
            "advance": 0.56100000000000005,
            "planeBounds": {
                "left": 0.020040685224839379,
                "top": -0.50535331905781578,
                "right": 0.53395931477516045,
                "bottom": 0.059957173447537468
            },
            "atlasBounds": {
                "left": 438.5,
                "top": 430.5,
                "right": 468.5,
                "bottom": 463.5
            }
        },
        {
            "unicode": 3668,
            "advance": 0.53800000000000003,
            "planeBounds": {
                "left": 0.015040685224839395,
                "top": -0.62526766595289063,
                "right": 0.52895931477516045,
                "bottom": 0.042826552462526764
            },
            "atlasBounds": {
                "left": 0.5,
                "top": 351.5,
                "right": 30.5,
                "bottom": 390.5
            }
        },
        {
            "unicode": 3669,
            "advance": 0.54400000000000004,
            "planeBounds": {
                "left": 0.016040685224839393,
                "top": -0.64239828693790135,
                "right": 0.52995931477516045,
                "bottom": 0.042826552462526764
            },
            "atlasBounds": {
                "left": 390.5,
                "top": 263.5,
                "right": 420.5,
                "bottom": 303.5
            }
        },
        {
            "unicode": 3670,
            "advance": 0.52200000000000002,
            "planeBounds": {
                "left": -0.023024625267665962,
                "top": -0.62526766595289074,
                "right": 0.5080246252676659,
                "bottom": 0.059957173447537468
            },
            "atlasBounds": {
                "left": 358.5,
                "top": 263.5,
                "right": 389.5,
                "bottom": 303.5
            }
        },
        {
            "unicode": 3671,
            "advance": 0.72899999999999998,
            "planeBounds": {
                "left": 0.016887580299785886,
                "top": -0.62526766595289074,
                "right": 0.7021124197002141,
                "bottom": 0.059957173447537468
            },
            "atlasBounds": {
                "left": 471.5,
                "top": 64.5,
                "right": 511.5,
                "bottom": 104.5
            }
        },
        {
            "unicode": 3672,
            "advance": 0.56600000000000006,
            "planeBounds": {
                "left": 0.01291006423982868,
                "top": -0.62526766595289074,
                "right": 0.56108993576017119,
                "bottom": 0.059957173447537468
            },
            "atlasBounds": {
                "left": 479.5,
                "top": 0.5,
                "right": 511.5,
                "bottom": 40.5
            }
        },
        {
            "unicode": 3673,
            "advance": 0.51700000000000002,
            "planeBounds": {
                "left": 0.013975374732334036,
                "top": -0.62526766595289074,
                "right": 0.54502462526766593,
                "bottom": 0.059957173447537468
            },
            "atlasBounds": {
                "left": 326.5,
                "top": 263.5,
                "right": 357.5,
                "bottom": 303.5
            }
        },
        {
            "unicode": 3674,
            "advance": 0.78500000000000003,
            "planeBounds": {
                "left": -0.021873661670235543,
                "top": -0.60813704496788001,
                "right": 0.73187366167023538,
                "bottom": 0.042826552462526764
            },
            "atlasBounds": {
                "left": 467.5,
                "top": 215.5,
                "right": 511.5,
                "bottom": 253.5
            }
        },
        {
            "unicode": 3675,
            "advance": 0.88200000000000001,
            "planeBounds": {
                "left": 0.008734475374732327,
                "top": -0.47109207708779433,
                "right": 0.86526552462526751,
                "bottom": -0.025695931477516056
            },
            "atlasBounds": {
                "left": 54.5,
                "top": 468.5,
                "right": 104.5,
                "bottom": 494.5
            }
        },
        {
            "unicode": 8226,
            "advance": 0.376,
            "planeBounds": {
                "left": 0.025259100642398266,
                "top": -0.53961456102783723,
                "right": 0.35074089935760161,
                "bottom": -0.19700214132762311
            },
            "atlasBounds": {
                "left": 492.5,
                "top": 281.5,
                "right": 511.5,
                "bottom": 301.5
            }
        }
    ],
    "kerning": []
}