{
    "atlas": {
        "type": "msdf",
        "distanceRange": 4,
        "distanceRangeMiddle": 0,
        "size": 54.78125,
        "width": 512,
        "height": 512,
        "yOrigin": "top"
    },
    "metrics": {
        "emSize": 1,
        "lineHeight": 1.6000000000000001,
        "ascender": -1.25,
        "descender": 0.35000000000000003,
        "underlineY": 0.125,
        "underlineThickness": 0.050000000000000003
    },
    "glyphs": [
        {
            "unicode": 32,
            "advance": 0.26000000000000001
        },
        {
            "unicode": 33,
            "advance": 0.28600000000000003,
            "planeBounds": {
                "left": 0.0060918425556189234,
                "top": -0.75755847119224184,
                "right": 0.27990815744438102,
                "bottom": 0.063890473474044487
            },
            "atlasBounds": {
                "left": 491.5,
                "top": 319.5,
                "right": 506.5,
                "bottom": 364.5
            }
        },
        {
            "unicode": 34,
            "advance": 0.5,
            "planeBounds": {
                "left": 0.021319737592698219,
                "top": -0.75755847119224173,
                "right": 0.47768026240730171,
                "bottom": -0.41072447233314319
            },
            "atlasBounds": {
                "left": 464.5,
                "top": 21.5,
                "right": 489.5,
                "bottom": 40.5
            }
        },
        {
            "unicode": 35,
            "advance": 0.64600000000000002,
            "planeBounds": {
                "left": -0.017833998859098713,
                "top": -0.75755847119224173,
                "right": 0.67583399885909867,
                "bottom": 0.045636052481460347
            },
            "atlasBounds": {
                "left": 109.5,
                "top": 344.5,
                "right": 147.5,
                "bottom": 388.5
            }
        },
        {
            "unicode": 36,
            "advance": 0.57600000000000007,
            "planeBounds": {
                "left": -0.011197946377638315,
                "top": -0.8123217341699942,
                "right": 0.59119794637763834,
                "bottom": 0.10039931545921277
            },
            "atlasBounds": {
                "left": 301.5,
                "top": 154.5,
                "right": 334.5,
                "bottom": 204.5
            }
        },
        {
            "unicode": 37,
            "advance": 0.92300000000000004,
            "planeBounds": {
                "left": -0.0131149458071877,
                "top": -0.77581289218482596,
                "right": 0.93611494580718768,
                "bottom": 0.045636052481460347
            },
            "atlasBounds": {
                "left": 0.5,
                "top": 118.5,
                "right": 52.5,
                "bottom": 163.5
            }
        },
        {
            "unicode": 38,
            "advance": 0.78500000000000003,
            "planeBounds": {
                "left": -0.0063516828294352323,
                "top": -0.77581289218482608,
                "right": 0.83335168282943528,
                "bottom": 0.063890473474044487
            },
            "atlasBounds": {
                "left": 62.5,
                "top": 0.5,
                "right": 108.5,
                "bottom": 46.5
            }
        },
        {
            "unicode": 39,
            "advance": 0.27800000000000002,
            "planeBounds": {
                "left": 0.020346263548203097,
                "top": -0.75755847119224173,
                "right": 0.25765373645179696,
                "bottom": -0.41072447233314319
            },
            "atlasBounds": {
                "left": 491.5,
                "top": 486.5,
                "right": 504.5,
                "bottom": 505.5
            }
        },
        {
            "unicode": 40,
            "advance": 0.34700000000000003,
            "planeBounds": {
                "left": -0.0045442099258414109,
                "top": -0.77581289218482596,
                "right": 0.36054420992584135,
                "bottom": 0.20992584141471762
            },
            "atlasBounds": {
                "left": 491.5,
                "top": 0.5,
                "right": 511.5,
                "bottom": 54.5
            }
        },
        {
            "unicode": 41,
            "advance": 0.34700000000000003,
            "planeBounds": {
                "left": -0.01354420992584141,
                "top": -0.77581289218482596,
                "right": 0.3515442099258414,
                "bottom": 0.20992584141471762
            },
            "atlasBounds": {
                "left": 491.5,
                "top": 55.5,
                "right": 511.5,
                "bottom": 109.5
            }
        },
        {
            "unicode": 42,
            "advance": 0.54000000000000004,
            "planeBounds": {
                "left": -0.01294352538505421,
                "top": -0.81232173416999431,
                "right": 0.5529435253850542,
                "bottom": -0.24643468339988589
            },
            "atlasBounds": {
                "left": 370.5,
                "top": 223.5,
                "right": 401.5,
                "bottom": 254.5
            }
        },
        {
            "unicode": 43,
            "advance": 0.58299999999999996,
            "planeBounds": {
                "left": 0.0080564746149458175,
                "top": -0.64803194523673702,
                "right": 0.57394352538505422,
                "bottom": -0.063890473474044487
            },
            "atlasBounds": {
                "left": 370.5,
                "top": 255.5,
                "right": 401.5,
                "bottom": 287.5
            }
        },
        {
            "unicode": 44,
            "advance": 0.29999999999999999,
            "planeBounds": {
                "left": -0.01153536794067315,
                "top": -0.1916714204221335,
                "right": 0.28053536794067319,
                "bottom": 0.19167142042213348
            },
            "atlasBounds": {
                "left": 190.5,
                "top": 489.5,
                "right": 206.5,
                "bottom": 510.5
            }
        },
        {
            "unicode": 45,
            "advance": 0.31900000000000001,
            "planeBounds": {
                "left": -0.013916999429549369,
                "top": -0.37421563034797489,
                "right": 0.33291699942954933,
                "bottom": -0.15516257843696518
            },
            "atlasBounds": {
                "left": 207.5,
                "top": 489.5,
                "right": 226.5,
                "bottom": 501.5
            }
        },
        {
            "unicode": 46,
            "advance": 0.28500000000000003,
            "planeBounds": {
                "left": 0.0045918425556189194,
                "top": -0.2099258414147176,
                "right": 0.27840815744438102,
                "bottom": 0.063890473474044487
            },
            "atlasBounds": {
                "left": 32.5,
                "top": 494.5,
                "right": 47.5,
                "bottom": 509.5
            }
        },
        {
            "unicode": 47,
            "advance": 0.42699999999999999,
            "planeBounds": {
                "left": -0.0314346833998859,
                "top": -0.77581289218482596,
                "right": 0.46143468339988591,
                "bottom": 0.045636052481460347
            },
            "atlasBounds": {
                "left": 435.5,
                "top": 163.5,
                "right": 462.5,
                "bottom": 208.5
            }
        },
        {
            "unicode": 48,
            "advance": 0.58299999999999996,
            "planeBounds": {
                "left": -0.00057073588134627326,
                "top": -0.77581289218482608,
                "right": 0.58357073588134623,
                "bottom": 0.063890473474044487
            },
            "atlasBounds": {
                "left": 336.5,
                "top": 211.5,
                "right": 368.5,
                "bottom": 257.5
            }
        },
        {
            "unicode": 49,
            "advance": 0.58299999999999996,
            "planeBounds": {
                "left": 0.0071925270964061476,
                "top": -0.75755847119224173,
                "right": 0.48180747290359383,
                "bottom": 0.045636052481460347
            },
            "atlasBounds": {
                "left": 435.5,
                "top": 458.5,
                "right": 461.5,
                "bottom": 502.5
            }
        },
        {
            "unicode": 50,
            "advance": 0.58299999999999996,
            "planeBounds": {
                "left": -0.015697946377638338,
                "top": -0.77581289218482596,
                "right": 0.58669794637763839,
                "bottom": 0.045636052481460347
            },
            "atlasBounds": {
                "left": 301.5,
                "top": 205.5,
                "right": 334.5,
                "bottom": 250.5
            }
        },
        {
            "unicode": 51,
            "advance": 0.58299999999999996,
            "planeBounds": {
                "left": -0.0045707358813462575,
                "top": -0.77581289218482608,
                "right": 0.57957073588134622,
                "bottom": 0.063890473474044487
            },
            "atlasBounds": {
                "left": 336.5,
                "top": 258.5,
                "right": 368.5,
                "bottom": 304.5
            }
        },
        {
            "unicode": 52,
            "advance": 0.58299999999999996,
            "planeBounds": {
                "left": -0.026952367370222489,
                "top": -0.75755847119224173,
                "right": 0.61195236737022241,
                "bottom": 0.045636052481460347
            },
            "atlasBounds": {
                "left": 228.5,
                "top": 193.5,
                "right": 263.5,
                "bottom": 237.5
            }
        },
        {
            "unicode": 53,
            "advance": 0.58299999999999996,
            "planeBounds": {
                "left": 0.0095564746149457876,
                "top": -0.75755847119224184,
                "right": 0.57544352538505417,
                "bottom": 0.063890473474044487
            },
            "atlasBounds": {
                "left": 370.5,
                "top": 325.5,
                "right": 401.5,
                "bottom": 370.5
            }
        },
        {
            "unicode": 54,
            "advance": 0.58299999999999996,
            "planeBounds": {
                "left": 0.0014292641186537428,
                "top": -0.77581289218482608,
                "right": 0.58557073588134623,
                "bottom": 0.063890473474044487
            },
            "atlasBounds": {
                "left": 336.5,
                "top": 305.5,
                "right": 368.5,
                "bottom": 351.5
            }
        },
        {
            "unicode": 55,
            "advance": 0.58299999999999996,
            "planeBounds": {
                "left": 0.00092926411865373914,
                "top": -0.75755847119224173,
                "right": 0.58507073588134617,
                "bottom": 0.045636052481460347
            },
            "atlasBounds": {
                "left": 336.5,
                "top": 352.5,
                "right": 368.5,
                "bottom": 396.5
            }
        },
        {
            "unicode": 56,
            "advance": 0.58299999999999996,
            "planeBounds": {
                "left": -0.00057073588134625732,
                "top": -0.77581289218482608,
                "right": 0.58357073588134623,
                "bottom": 0.063890473474044487
            },
            "atlasBounds": {
                "left": 336.5,
                "top": 397.5,
                "right": 368.5,
                "bottom": 443.5
            }
        },
        {
            "unicode": 57,
            "advance": 0.58299999999999996,
            "planeBounds": {
                "left": -0.0020707358813462696,
                "top": -0.77581289218482608,
                "right": 0.58207073588134617,
                "bottom": 0.063890473474044487
            },
            "atlasBounds": {
                "left": 336.5,
                "top": 444.5,
                "right": 368.5,
                "bottom": 490.5
            }
        },
        {
            "unicode": 58,
            "advance": 0.28500000000000003,
            "planeBounds": {
                "left": 0.0045918425556189194,
                "top": -0.61152310325156878,
                "right": 0.27840815744438102,
                "bottom": 0.063890473474044487
            },
            "atlasBounds": {
                "left": 491.5,
                "top": 381.5,
                "right": 506.5,
                "bottom": 418.5
            }
        },
        {
            "unicode": 59,
            "advance": 0.29099999999999998,
            "planeBounds": {
                "left": -0.013035367940673139,
                "top": -0.61152310325156878,
                "right": 0.27903536794067318,
                "bottom": 0.19167142042213348
            },
            "atlasBounds": {
                "left": 415.5,
                "top": 452.5,
                "right": 431.5,
                "bottom": 496.5
            }
        },
        {
            "unicode": 60,
            "advance": 0.58299999999999996,
            "planeBounds": {
                "left": 0.007556474614945804,
                "top": -0.68454078722190526,
                "right": 0.57344352538505416,
                "bottom": -0.045636052481460354
            },
            "atlasBounds": {
                "left": 109.5,
                "top": 476.5,
                "right": 140.5,
                "bottom": 511.5
            }
        },
        {
            "unicode": 61,
            "advance": 0.58299999999999996,
            "planeBounds": {
                "left": 0.0090564746149457923,
                "top": -0.55675984027381631,
                "right": 0.57494352538505422,
                "bottom": -0.13690815744438106
            },
            "atlasBounds": {
                "left": 62.5,
                "top": 485.5,
                "right": 93.5,
                "bottom": 508.5
            }
        },
        {
            "unicode": 62,
            "advance": 0.58299999999999996,
            "planeBounds": {
                "left": 0.007556474614945804,
                "top": -0.68454078722190526,
                "right": 0.57344352538505416,
                "bottom": -0.045636052481460354
            },
            "atlasBounds": {
                "left": 370.5,
                "top": 371.5,
                "right": 401.5,
                "bottom": 406.5
            }
        },
        {
            "unicode": 63,
            "advance": 0.48999999999999999,
            "planeBounds": {
                "left": -0.03731631488876213,
                "top": -0.77581289218482608,
                "right": 0.51031631488876206,
                "bottom": 0.063890473474044487
            },
            "atlasBounds": {
                "left": 403.5,
                "top": 98.5,
                "right": 433.5,
                "bottom": 144.5
            }
        },
        {
            "unicode": 64,
            "advance": 0.89700000000000002,
            "planeBounds": {
                "left": 0.0017666856816885535,
                "top": -0.75755847119224184,
                "right": 0.89623331431831144,
                "bottom": 0.11865373645179692
            },
            "atlasBounds": {
                "left": 0.5,
                "top": 348.5,
                "right": 49.5,
                "bottom": 396.5
            }
        },
        {
            "unicode": 65,
            "advance": 0.70799999999999996,
            "planeBounds": {
                "left": -0.038470051340559031,
                "top": -0.75755847119224173,
                "right": 0.7464700513405591,
                "bottom": 0.045636052481460347
            },
            "atlasBounds": {
                "left": 62.5,
                "top": 124.5,
                "right": 105.5,
                "bottom": 168.5
            }
        },
        {
            "unicode": 66,
            "advance": 0.66900000000000004,
            "planeBounds": {
                "left": 0.040174843126069587,
                "top": -0.75755847119224173,
                "right": 0.66082515687393029,
                "bottom": 0.045636052481460347
            },
            "atlasBounds": {
                "left": 265.5,
                "top": 235.5,
                "right": 299.5,
                "bottom": 279.5
            }
        },
        {
            "unicode": 67,
            "advance": 0.64500000000000002,
            "planeBounds": {
                "left": 0.014047632629777524,
                "top": -0.77581289218482608,
                "right": 0.65295236737022244,
                "bottom": 0.063890473474044487
            },
            "atlasBounds": {
                "left": 228.5,
                "top": 238.5,
                "right": 263.5,
                "bottom": 284.5
            }
        },
        {
            "unicode": 68,
            "advance": 0.73299999999999998,
            "planeBounds": {
                "left": 0.042793211637193393,
                "top": -0.75755847119224173,
                "right": 0.7182067883628066,
                "bottom": 0.045636052481460347
            },
            "atlasBounds": {
                "left": 151.5,
                "top": 83.5,
                "right": 188.5,
                "bottom": 127.5
            }
        },
        {
            "unicode": 69,
            "advance": 0.55000000000000004,
            "planeBounds": {
                "left": 0.044065316600114084,
                "top": -0.75755847119224173,
                "right": 0.53693468339988593,
                "bottom": 0.045636052481460347
            },
            "atlasBounds": {
                "left": 435.5,
                "top": 118.5,
                "right": 462.5,
                "bottom": 162.5
            }
        },
        {
            "unicode": 70,
            "advance": 0.53500000000000003,
            "planeBounds": {
                "left": 0.04306531660011409,
                "top": -0.75755847119224173,
                "right": 0.53593468339988592,
                "bottom": 0.045636052481460347
            },
            "atlasBounds": {
                "left": 435.5,
                "top": 314.5,
                "right": 462.5,
                "bottom": 358.5
            }
        },
        {
            "unicode": 71,
            "advance": 0.73699999999999999,
            "planeBounds": {
                "left": 0.013666001140901322,
                "top": -0.77581289218482608,
                "right": 0.70733399885909864,
                "bottom": 0.063890473474044487
            },
            "atlasBounds": {
                "left": 109.5,
                "top": 389.5,
                "right": 147.5,
                "bottom": 435.5
            }
        },
        {
            "unicode": 72,
            "advance": 0.76100000000000001,
            "planeBounds": {
                "left": 0.042293211637193413,
                "top": -0.75755847119224173,
                "right": 0.71770678836280666,
                "bottom": 0.045636052481460347
            },
            "atlasBounds": {
                "left": 151.5,
                "top": 128.5,
                "right": 188.5,
                "bottom": 172.5
            }
        },
        {
            "unicode": 73,
            "advance": 0.41899999999999998,
            "planeBounds": {
                "left": -0.010053051911009702,
                "top": -0.75755847119224173,
                "right": 0.42805305191100967,
                "bottom": 0.045636052481460347
            },
            "atlasBounds": {
                "left": 464.5,
                "top": 225.5,
                "right": 488.5,
                "bottom": 269.5
            }
        },
        {
            "unicode": 74,
            "advance": 0.33500000000000002,
            "planeBounds": {
                "left": -0.12192584141471764,
                "top": -0.75755847119224184,
                "right": 0.29792584141471762,
                "bottom": 0.26468910439247001
            },
            "atlasBounds": {
                "left": 464.5,
                "top": 270.5,
                "right": 487.5,
                "bottom": 326.5
            }
        },
        {
            "unicode": 75,
            "advance": 0.67300000000000004,
            "planeBounds": {
                "left": 0.03979321163719339,
                "top": -0.75755847119224173,
                "right": 0.7152067883628066,
                "bottom": 0.045636052481460347
            },
            "atlasBounds": {
                "left": 151.5,
                "top": 173.5,
                "right": 188.5,
                "bottom": 217.5
            }
        },
        {
            "unicode": 76,
            "advance": 0.57000000000000006,
            "planeBounds": {
                "left": 0.043310895607529945,
                "top": -0.75755847119224173,
                "right": 0.57268910439247012,
                "bottom": 0.045636052481460347
            },
            "atlasBounds": {
                "left": 403.5,
                "top": 293.5,
                "right": 432.5,
                "bottom": 337.5
            }
        },
        {
            "unicode": 77,
            "advance": 0.95400000000000007,
            "planeBounds": {
                "left": 0.0388938961779806,
                "top": -0.75755847119224173,
                "right": 0.9151061038220194,
                "bottom": 0.045636052481460347
            },
            "atlasBounds": {
                "left": 0.5,
                "top": 449.5,
                "right": 48.5,
                "bottom": 493.5
            }
        },
        {
            "unicode": 78,
            "advance": 0.81800000000000006,
            "planeBounds": {
                "left": 0.043911580148317191,
                "top": -0.75755847119224173,
                "right": 0.77408841985168286,
                "bottom": 0.045636052481460347
            },
            "atlasBounds": {
                "left": 109.5,
                "top": 176.5,
                "right": 149.5,
                "bottom": 220.5
            }
        },
        {
            "unicode": 79,
            "advance": 0.79400000000000004,
            "planeBounds": {
                "left": 0.01315715915573301,
                "top": -0.77581289218482608,
                "right": 0.77984284084426692,
                "bottom": 0.063890473474044487
            },
            "atlasBounds": {
                "left": 62.5,
                "top": 273.5,
                "right": 104.5,
                "bottom": 319.5
            }
        },
        {
            "unicode": 80,
            "advance": 0.626,
            "planeBounds": {
                "left": 0.041429264118653733,
                "top": -0.75755847119224173,
                "right": 0.62557073588134626,
                "bottom": 0.045636052481460347
            },
            "atlasBounds": {
                "left": 370.5,
                "top": 37.5,
                "right": 402.5,
                "bottom": 81.5
            }
        },
        {
            "unicode": 81,
            "advance": 0.79400000000000004,
            "planeBounds": {
                "left": 0.0080299486594409709,
                "top": -0.77581289218482596,
                "right": 0.79297005134055909,
                "bottom": 0.20992584141471762
            },
            "atlasBounds": {
                "left": 62.5,
                "top": 169.5,
                "right": 105.5,
                "bottom": 223.5
            }
        },
        {
            "unicode": 82,
            "advance": 0.66500000000000004,
            "planeBounds": {
                "left": 0.038793211637193362,
                "top": -0.75755847119224173,
                "right": 0.71420678836280649,
                "bottom": 0.045636052481460347
            },
            "atlasBounds": {
                "left": 151.5,
                "top": 254.5,
                "right": 188.5,
                "bottom": 298.5
            }
        },
        {
            "unicode": 83,
            "advance": 0.57100000000000006,
            "planeBounds": {
                "left": 0.0070564746149458166,
                "top": -0.77581289218482608,
                "right": 0.57294352538505422,
                "bottom": 0.063890473474044487
            },
            "atlasBounds": {
                "left": 403.5,
                "top": 0.5,
                "right": 434.5,
                "bottom": 46.5
            }
        },
        {
            "unicode": 84,
            "advance": 0.58399999999999996,
            "planeBounds": {
                "left": -0.018325156873930434,
                "top": -0.75755847119224173,
                "right": 0.60232515687393029,
                "bottom": 0.045636052481460347
            },
            "atlasBounds": {
                "left": 265.5,
                "top": 318.5,
                "right": 299.5,
                "bottom": 362.5
            }
        },
        {
            "unicode": 85,
            "advance": 0.752,
            "planeBounds": {
                "left": 0.038293211637193417,
                "top": -0.75755847119224184,
                "right": 0.71370678836280665,
                "bottom": 0.063890473474044487
            },
            "atlasBounds": {
                "left": 151.5,
                "top": 299.5,
                "right": 188.5,
                "bottom": 344.5
            }
        },
        {
            "unicode": 86,
            "advance": 0.67400000000000004,
            "planeBounds": {
                "left": -0.037215630347974919,
                "top": -0.75755847119224173,
                "right": 0.71121563034797486,
                "bottom": 0.045636052481460347
            },
            "atlasBounds": {
                "left": 62.5,
                "top": 440.5,
                "right": 103.5,
                "bottom": 484.5
            }
        },
        {
            "unicode": 87,
            "advance": 1.016,
            "planeBounds": {
                "left": -0.030505419281232057,
                "top": -0.75755847119224173,
                "right": 1.0465054192812322,
                "bottom": 0.045636052481460347
            },
            "atlasBounds": {
                "left": 0.5,
                "top": 33.5,
                "right": 59.5,
                "bottom": 77.5
            }
        },
        {
            "unicode": 88,
            "advance": 0.69400000000000006,
            "planeBounds": {
                "left": -0.036842840844266971,
                "top": -0.75755847119224173,
                "right": 0.72984284084426687,
                "bottom": 0.045636052481460347
            },
            "atlasBounds": {
                "left": 62.5,
                "top": 320.5,
                "right": 104.5,
                "bottom": 364.5
            }
        },
        {
            "unicode": 89,
            "advance": 0.64300000000000002,
            "planeBounds": {
                "left": -0.043588419851682804,
                "top": -0.75755847119224173,
                "right": 0.68658841985168284,
                "bottom": 0.045636052481460347
            },
            "atlasBounds": {
                "left": 109.5,
                "top": 221.5,
                "right": 149.5,
                "bottom": 265.5
            }
        },
        {
            "unicode": 90,
            "advance": 0.60299999999999998,
            "planeBounds": {
                "left": -0.0068251568739304304,
                "top": -0.75755847119224173,
                "right": 0.61382515687393024,
                "bottom": 0.045636052481460347
            },
            "atlasBounds": {
                "left": 265.5,
                "top": 437.5,
                "right": 299.5,
                "bottom": 481.5
            }
        },
        {
            "unicode": 91,
            "advance": 0.32500000000000001,
            "planeBounds": {
                "left": 0.017710211066742702,
                "top": -0.77581289218482596,
                "right": 0.34628978893325724,
                "bottom": 0.20992584141471762
            },
            "atlasBounds": {
                "left": 491.5,
                "top": 243.5,
                "right": 509.5,
                "bottom": 297.5
            }
        },
        {
            "unicode": 93,
            "advance": 0.32500000000000001,
            "planeBounds": {
                "left": -0.021289788933257298,
                "top": -0.77581289218482596,
                "right": 0.30728978893325726,
                "bottom": 0.20992584141471762
            },
            "atlasBounds": {
                "left": 491.5,
                "top": 188.5,
                "right": 509.5,
                "bottom": 242.5
            }
        },
        {
            "unicode": 94,
            "advance": 0.53500000000000003,
            "planeBounds": {
                "left": -0.040825156873930395,
                "top": -0.75755847119224173,
                "right": 0.57982515687393044,
                "bottom": -0.20992584141471762
            },
            "atlasBounds": {
                "left": 301.5,
                "top": 37.5,
                "right": 335.5,
                "bottom": 67.5
            }
        },
        {
            "unicode": 95,
            "advance": 0.48799999999999999,
            "planeBounds": {
                "left": -0.03894352538505419,
                "top": 0.027381631488876224,
                "right": 0.52694352538505418,
                "bottom": 0.22818026240730177
            },
            "atlasBounds": {
                "left": 265.5,
                "top": 500.5,
                "right": 296.5,
                "bottom": 511.5
            }
        },
        {
            "unicode": 96,
            "advance": 0.38900000000000001,
            "planeBounds": {
                "left": 0.0028285795778664902,
                "top": -0.8123217341699942,
                "right": 0.38617142042213348,
                "bottom": -0.55675984027381631
            },
            "atlasBounds": {
                "left": 464.5,
                "top": 432.5,
                "right": 485.5,
                "bottom": 446.5
            }
        },
        {
            "unicode": 97,
            "advance": 0.60999999999999999,
            "planeBounds": {
                "left": -0.002070735881346277,
                "top": -0.61152310325156878,
                "right": 0.58207073588134617,
                "bottom": 0.063890473474044487
            },
            "atlasBounds": {
                "left": 370.5,
                "top": 132.5,
                "right": 402.5,
                "bottom": 169.5
            }
        },
        {
            "unicode": 98,
            "advance": 0.63700000000000001,
            "planeBounds": {
                "left": 0.029802053622361678,
                "top": -0.81232173416999431,
                "right": 0.63219794637763838,
                "bottom": 0.063890473474044487
            },
            "atlasBounds": {
                "left": 228.5,
                "top": 463.5,
                "right": 261.5,
                "bottom": 511.5
            }
        },
        {
            "unicode": 99,
            "advance": 0.52700000000000002,
            "planeBounds": {
                "left": 0.0078108956075299543,
                "top": -0.61152310325156878,
                "right": 0.53718910439247014,
                "bottom": 0.063890473474044487
            },
            "atlasBounds": {
                "left": 403.5,
                "top": 255.5,
                "right": 432.5,
                "bottom": 292.5
            }
        },
        {
            "unicode": 100,
            "advance": 0.63700000000000001,
            "planeBounds": {
                "left": 0.0048020536223616758,
                "top": -0.81232173416999431,
                "right": 0.60719794637763835,
                "bottom": 0.063890473474044487
            },
            "atlasBounds": {
                "left": 301.5,
                "top": 272.5,
                "right": 334.5,
                "bottom": 320.5
            }
        },
        {
            "unicode": 101,
            "advance": 0.60699999999999998,
            "planeBounds": {
                "left": 0.0028020536223616918,
                "top": -0.61152310325156878,
                "right": 0.60519794637763835,
                "bottom": 0.063890473474044487
            },
            "atlasBounds": {
                "left": 301.5,
                "top": 358.5,
                "right": 334.5,
                "bottom": 395.5
            }
        },
        {
            "unicode": 102,
            "advance": 0.39900000000000002,
            "planeBounds": {
                "left": -0.02243468339988592,
                "top": -0.8123217341699942,
                "right": 0.47043468339988592,
                "bottom": 0.045636052481460347
            },
            "atlasBounds": {
                "left": 435.5,
                "top": 209.5,
                "right": 462.5,
                "bottom": 256.5
            }
        },
        {
            "unicode": 103,
            "advance": 0.63700000000000001,
            "planeBounds": {
                "left": 0.0048020536223616758,
                "top": -0.61152310325156878,
                "right": 0.60719794637763835,
                "bottom": 0.28294352538505418
            },
            "atlasBounds": {
                "left": 301.5,
                "top": 396.5,
                "right": 334.5,
                "bottom": 445.5
            }
        },
        {
            "unicode": 104,
            "advance": 0.65900000000000003,
            "planeBounds": {
                "left": 0.029802053622361678,
                "top": -0.8123217341699942,
                "right": 0.63219794637763838,
                "bottom": 0.045636052481460347
            },
            "atlasBounds": {
                "left": 301.5,
                "top": 446.5,
                "right": 334.5,
                "bottom": 493.5
            }
        },
        {
            "unicode": 105,
            "advance": 0.311,
            "planeBounds": {
                "left": 0.028219053051911011,
                "top": -0.8123217341699942,
                "right": 0.28378094694808897,
                "bottom": 0.045636052481460347
            },
            "atlasBounds": {
                "left": 464.5,
                "top": 447.5,
                "right": 478.5,
                "bottom": 494.5
            }
        },
        {
            "unicode": 106,
            "advance": 0.31,
            "planeBounds": {
                "left": -0.094171420422133514,
                "top": -0.8123217341699942,
                "right": 0.28917142042213345,
                "bottom": 0.28294352538505418
            },
            "atlasBounds": {
                "left": 464.5,
                "top": 347.5,
                "right": 485.5,
                "bottom": 407.5
            }
        },
        {
            "unicode": 107,
            "advance": 0.63300000000000001,
            "planeBounds": {
                "left": 0.031047632629777524,
                "top": -0.8123217341699942,
                "right": 0.66995236737022246,
                "bottom": 0.045636052481460347
            },
            "atlasBounds": {
                "left": 228.5,
                "top": 323.5,
                "right": 263.5,
                "bottom": 370.5
            }
        },
        {
            "unicode": 108,
            "advance": 0.309,
            "planeBounds": {
                "left": 0.026719053051911013,
                "top": -0.8123217341699942,
                "right": 0.28228094694808897,
                "bottom": 0.045636052481460347
            },
            "atlasBounds": {
                "left": 491.5,
                "top": 438.5,
                "right": 505.5,
                "bottom": 485.5
            }
        },
        {
            "unicode": 109,
            "advance": 0.98599999999999999,
            "planeBounds": {
                "left": 0.029012264689104405,
                "top": -0.61152310325156878,
                "right": 0.95998773531089565,
                "bottom": 0.045636052481460347
            },
            "atlasBounds": {
                "left": 0.5,
                "top": 200.5,
                "right": 51.5,
                "bottom": 236.5
            }
        },
        {
            "unicode": 110,
            "advance": 0.65900000000000003,
            "planeBounds": {
                "left": 0.029802053622361678,
                "top": -0.61152310325156878,
                "right": 0.63219794637763838,
                "bottom": 0.045636052481460347
            },
            "atlasBounds": {
                "left": 336.5,
                "top": 100.5,
                "right": 369.5,
                "bottom": 136.5
            }
        },
        {
            "unicode": 111,
            "advance": 0.63,
            "planeBounds": {
                "left": 0.0046748431260695668,
                "top": -0.61152310325156878,
                "right": 0.62532515687393031,
                "bottom": 0.063890473474044487
            },
            "atlasBounds": {
                "left": 301.5,
                "top": 116.5,
                "right": 335.5,
                "bottom": 153.5
            }
        },
        {
            "unicode": 112,
            "advance": 0.63700000000000001,
            "planeBounds": {
                "left": 0.029802053622361678,
                "top": -0.61152310325156878,
                "right": 0.63219794637763838,
                "bottom": 0.28294352538505418
            },
            "atlasBounds": {
                "left": 336.5,
                "top": 0.5,
                "right": 369.5,
                "bottom": 49.5
            }
        },
        {
            "unicode": 113,
            "advance": 0.63700000000000001,
            "planeBounds": {
                "left": 0.0048020536223616758,
                "top": -0.61152310325156878,
                "right": 0.60719794637763835,
                "bottom": 0.28294352538505418
            },
            "atlasBounds": {
                "left": 336.5,
                "top": 50.5,
                "right": 369.5,
                "bottom": 99.5
            }
        },
        {
            "unicode": 114,
            "advance": 0.45700000000000002,
            "planeBounds": {
                "left": 0.029319737592698233,
                "top": -0.61152310325156878,
                "right": 0.48568026240730172,
                "bottom": 0.045636052481460347
            },
            "atlasBounds": {
                "left": 464.5,
                "top": 78.5,
                "right": 489.5,
                "bottom": 114.5
            }
        },
        {
            "unicode": 115,
            "advance": 0.50900000000000001,
            "planeBounds": {
                "left": 0.00043810610382200287,
                "top": -0.61152310325156878,
                "right": 0.5115618938961779,
                "bottom": 0.063890473474044487
            },
            "atlasBounds": {
                "left": 403.5,
                "top": 414.5,
                "right": 431.5,
                "bottom": 451.5
            }
        },
        {
            "unicode": 116,
            "advance": 0.439,
            "planeBounds": {
                "left": -0.020307472903593835,
                "top": -0.70279520821448949,
                "right": 0.4543074729035938,
                "bottom": 0.063890473474044487
            },
            "atlasBounds": {
                "left": 435.5,
                "top": 415.5,
                "right": 461.5,
                "bottom": 457.5
            }
        },
        {
            "unicode": 117,
            "advance": 0.65900000000000003,
            "planeBounds": {
                "left": 0.027302053622361634,
                "top": -0.59326868225898466,
                "right": 0.62969794637763832,
                "bottom": 0.063890473474044487
            },
            "atlasBounds": {
                "left": 301.5,
                "top": 321.5,
                "right": 334.5,
                "bottom": 357.5
            }
        },
        {
            "unicode": 118,
            "advance": 0.58899999999999997,
            "planeBounds": {
                "left": -0.0432067883628066,
                "top": -0.59326868225898455,
                "right": 0.63220678836280664,
                "bottom": 0.045636052481460347
            },
            "atlasBounds": {
                "left": 151.5,
                "top": 382.5,
                "right": 188.5,
                "bottom": 417.5
            }
        },
        {
            "unicode": 119,
            "advance": 0.88400000000000001,
            "planeBounds": {
                "left": -0.032614945807187698,
                "top": -0.59326868225898455,
                "right": 0.91661494580718761,
                "bottom": 0.045636052481460347
            },
            "atlasBounds": {
                "left": 0.5,
                "top": 164.5,
                "right": 52.5,
                "bottom": 199.5
            }
        },
        {
            "unicode": 120,
            "advance": 0.60899999999999999,
            "planeBounds": {
                "left": -0.033206788362806612,
                "top": -0.59326868225898455,
                "right": 0.64220678836280665,
                "bottom": 0.045636052481460347
            },
            "atlasBounds": {
                "left": 151.5,
                "top": 418.5,
                "right": 188.5,
                "bottom": 453.5
            }
        },
        {
            "unicode": 121,
            "advance": 0.58899999999999997,
            "planeBounds": {
                "left": -0.043706788362806621,
                "top": -0.59326868225898466,
                "right": 0.63170678836280658,
                "bottom": 0.28294352538505418
            },
            "atlasBounds": {
                "left": 151.5,
                "top": 454.5,
                "right": 188.5,
                "bottom": 502.5
            }
        },
        {
            "unicode": 122,
            "advance": 0.499,
            "planeBounds": {
                "left": -0.015689104392470052,
                "top": -0.59326868225898455,
                "right": 0.51368910439247006,
                "bottom": 0.045636052481460347
            },
            "atlasBounds": {
                "left": 403.5,
                "top": 182.5,
                "right": 432.5,
                "bottom": 217.5
            }
        },
        {
            "unicode": 123,
            "advance": 0.42199999999999999,
            "planeBounds": {
                "left": -0.0090530519110097185,
                "top": -0.77581289218482596,
                "right": 0.42905305191100968,
                "bottom": 0.20992584141471762
            },
            "atlasBounds": {
                "left": 464.5,
                "top": 115.5,
                "right": 488.5,
                "bottom": 169.5
            }
        },
        {
            "unicode": 124,
            "advance": 0.51800000000000002,
            "planeBounds": {
                "left": 0.15860068454078721,
                "top": -0.81232173416999431,
                "right": 0.35939931545921278,
                "bottom": 0.26468910439247001
            },
            "atlasBounds": {
                "left": 403.5,
                "top": 452.5,
                "right": 414.5,
                "bottom": 511.5
            }
        },
        {
            "unicode": 125,
            "advance": 0.42199999999999999,
            "planeBounds": {
                "left": -0.0070530519110097193,
                "top": -0.77581289218482596,
                "right": 0.43105305191100968,
                "bottom": 0.20992584141471762
            },
            "atlasBounds": {
                "left": 464.5,
                "top": 170.5,
                "right": 488.5,
                "bottom": 224.5
            }
        },
        {
            "unicode": 126,
            "advance": 0.58299999999999996,
            "planeBounds": {
                "left": 0.0080564746149458175,
                "top": -0.48374215630347972,
                "right": 0.57394352538505422,
                "bottom": -0.20992584141471762
            },
            "atlasBounds": {
                "left": 370.5,
                "top": 207.5,
                "right": 401.5,
                "bottom": 222.5
            }
        },
        {
            "unicode": 3585,
            "advance": 0.65900000000000003,
            "planeBounds": {
                "left": 0.0051748431260695863,
                "top": -0.61152310325156878,
                "right": 0.62582515687393026,
                "bottom": 0.045636052481460347
            },
            "atlasBounds": {
                "left": 301.5,
                "top": 0.5,
                "right": 335.5,
                "bottom": 36.5
            }
        },
        {
            "unicode": 3586,
            "advance": 0.60499999999999998,
            "planeBounds": {
                "left": -0.016570735881346266,
                "top": -0.61152310325156878,
                "right": 0.56757073588134621,
                "bottom": 0.045636052481460347
            },
            "atlasBounds": {
                "left": 370.5,
                "top": 170.5,
                "right": 402.5,
                "bottom": 206.5
            }
        },
        {
            "unicode": 3587,
            "advance": 0.628,
            "planeBounds": {
                "left": -0.031325156873930379,
                "top": -0.61152310325156878,
                "right": 0.58932515687393039,
                "bottom": 0.045636052481460347
            },
            "atlasBounds": {
                "left": 265.5,
                "top": 400.5,
                "right": 299.5,
                "bottom": 436.5
            }
        },
        {
            "unicode": 3588,
            "advance": 0.68300000000000005,
            "planeBounds": {
                "left": 0.011047632629777517,
                "top": -0.61152310325156878,
                "right": 0.64995236737022244,
                "bottom": 0.045636052481460347
            },
            "atlasBounds": {
                "left": 228.5,
                "top": 426.5,
                "right": 263.5,
                "bottom": 462.5
            }
        },
        {
            "unicode": 3589,
            "advance": 0.68200000000000005,
            "planeBounds": {
                "left": 0.010547632629777537,
                "top": -0.61152310325156878,
                "right": 0.64945236737022238,
                "bottom": 0.045636052481460347
            },
            "atlasBounds": {
                "left": 265.5,
                "top": 0.5,
                "right": 300.5,
                "bottom": 36.5
            }
        },
        {
            "unicode": 3590,
            "advance": 0.66300000000000003,
            "planeBounds": {
                "left": -0.030079577866514568,
                "top": -0.61152310325156878,
                "right": 0.62707957786651458,
                "bottom": 0.045636052481460347
            },
            "atlasBounds": {
                "left": 190.5,
                "top": 111.5,
                "right": 226.5,
                "bottom": 147.5
            }
        },
        {
            "unicode": 3591,
            "advance": 0.56400000000000006,
            "planeBounds": {
                "left": -0.030943525385054196,
                "top": -0.61152310325156878,
                "right": 0.53494352538505419,
                "bottom": 0.045636052481460347
            },
            "atlasBounds": {
                "left": 370.5,
                "top": 288.5,
                "right": 401.5,
                "bottom": 324.5
            }
        },
        {
            "unicode": 3592,
            "advance": 0.57999999999999996,
            "planeBounds": {
                "left": -0.010070735881346268,
                "top": -0.61152310325156878,
                "right": 0.57407073588134616,
                "bottom": 0.045636052481460347
            },
            "atlasBounds": {
                "left": 336.5,
                "top": 174.5,
                "right": 368.5,
                "bottom": 210.5
            }
        },
        {
            "unicode": 3593,
            "advance": 0.66300000000000003,
            "planeBounds": {
                "left": -0.0015795778665145175,
                "top": -0.61152310325156878,
                "right": 0.65557957786651455,
                "bottom": 0.045636052481460347
            },
            "atlasBounds": {
                "left": 190.5,
                "top": 148.5,
                "right": 226.5,
                "bottom": 184.5
            }
        },
        {
            "unicode": 3594,
            "advance": 0.60099999999999998,
            "planeBounds": {
                "left": -0.020825156873930425,
                "top": -0.61152310325156878,
                "right": 0.59982515687393023,
                "bottom": 0.045636052481460347
            },
            "atlasBounds": {
                "left": 265.5,
                "top": 124.5,
                "right": 299.5,
                "bottom": 160.5
            }
        },
        {
            "unicode": 3595,
            "advance": 0.61699999999999999,
            "planeBounds": {
                "left": -0.038579577866514517,
                "top": -0.61152310325156878,
                "right": 0.61857957786651463,
                "bottom": 0.045636052481460347
            },
            "atlasBounds": {
                "left": 190.5,
                "top": 185.5,
                "right": 226.5,
                "bottom": 221.5
            }
        },
        {
            "unicode": 3596,
            "advance": 0.93500000000000005,
            "planeBounds": {
                "left": -0.010360524814603542,
                "top": -0.61152310325156878,
                "right": 0.9023605248146036,
                "bottom": 0.045636052481460347
            },
            "atlasBounds": {
                "left": 0.5,
                "top": 311.5,
                "right": 50.5,
                "bottom": 347.5
            }
        },
        {
            "unicode": 3597,
            "advance": 0.92500000000000004,
            "planeBounds": {
                "left": -0.0062333143183114625,
                "top": -0.61152310325156878,
                "right": 0.88823331431831143,
                "bottom": 0.31945236737022242
            },
            "atlasBounds": {
                "left": 0.5,
                "top": 397.5,
                "right": 49.5,
                "bottom": 448.5
            }
        },
        {
            "unicode": 3598,
            "advance": 0.66800000000000004,
            "planeBounds": {
                "left": -0.023079577866514569,
                "top": -0.61152310325156878,
                "right": 0.63407957786651459,
                "bottom": 0.3011979463776383
            },
            "atlasBounds": {
                "left": 190.5,
                "top": 222.5,
                "right": 226.5,
                "bottom": 272.5
            }
        },
        {
            "unicode": 3599,
            "advance": 0.66800000000000004,
            "planeBounds": {
                "left": -0.023079577866514569,
                "top": -0.61152310325156878,
                "right": 0.63407957786651459,
                "bottom": 0.3011979463776383
            },
            "atlasBounds": {
                "left": 190.5,
                "top": 347.5,
                "right": 226.5,
                "bottom": 397.5
            }
        },
        {
            "unicode": 3600,
            "advance": 0.59299999999999997,
            "planeBounds": {
                "left": -0.043452367370222469,
                "top": -0.61152310325156878,
                "right": 0.59545236737022245,
                "bottom": 0.37421563034797489
            },
            "atlasBounds": {
                "left": 228.5,
                "top": 371.5,
                "right": 263.5,
                "bottom": 425.5
            }
        },
        {
            "unicode": 3601,
            "advance": 0.67500000000000004,
            "planeBounds": {
                "left": -0.03470678836280662,
                "top": -0.61152310325156878,
                "right": 0.64070678836280659,
                "bottom": 0.045636052481460347
            },
            "atlasBounds": {
                "left": 190.5,
                "top": 0.5,
                "right": 227.5,
                "bottom": 36.5
            }
        },
        {
            "unicode": 3602,
            "advance": 0.97199999999999998,
            "planeBounds": {
                "left": 0.0030122646891043861,
                "top": -0.61152310325156878,
                "right": 0.93398773531089563,
                "bottom": 0.045636052481460347
            },
            "atlasBounds": {
                "left": 0.5,
                "top": 237.5,
                "right": 51.5,
                "bottom": 273.5
            }
        },
        {
            "unicode": 3603,
            "advance": 0.92900000000000005,
            "planeBounds": {
                "left": -0.0064877353108956197,
                "top": -0.61152310325156878,
                "right": 0.92448773531089556,
                "bottom": 0.045636052481460347
            },
            "atlasBounds": {
                "left": 0.5,
                "top": 274.5,
                "right": 51.5,
                "bottom": 310.5
            }
        },
        {
            "unicode": 3604,
            "advance": 0.68800000000000006,
            "planeBounds": {
                "left": -0.0010795778665145547,
                "top": -0.61152310325156878,
                "right": 0.65607957786651461,
                "bottom": 0.045636052481460347
            },
            "atlasBounds": {
                "left": 228.5,
                "top": 85.5,
                "right": 264.5,
                "bottom": 121.5
            }
        },
        {
            "unicode": 3605,
            "advance": 0.68800000000000006,
            "planeBounds": {
                "left": -0.0010795778665145547,
                "top": -0.61152310325156878,
                "right": 0.65607957786651461,
                "bottom": 0.045636052481460347
            },
            "atlasBounds": {
                "left": 228.5,
                "top": 122.5,
                "right": 264.5,
                "bottom": 158.5
            }
        },
        {
            "unicode": 3606,
            "advance": 0.64800000000000002,
            "planeBounds": {
                "left": -0.0068251568739304139,
                "top": -0.61152310325156878,
                "right": 0.61382515687393024,
                "bottom": 0.045636052481460347
            },
            "atlasBounds": {
                "left": 265.5,
                "top": 198.5,
                "right": 299.5,
                "bottom": 234.5
            }
        },
        {
            "unicode": 3607,
            "advance": 0.69400000000000006,
            "planeBounds": {
                "left": -0.02120678836280665,
                "top": -0.61152310325156878,
                "right": 0.65420678836280655,
                "bottom": 0.045636052481460347
            },
            "atlasBounds": {
                "left": 190.5,
                "top": 37.5,
                "right": 227.5,
                "bottom": 73.5
            }
        },
        {
            "unicode": 3608,
            "advance": 0.59299999999999997,
            "planeBounds": {
                "left": -0.0020707358813462609,
                "top": -0.61152310325156878,
                "right": 0.58207073588134617,
                "bottom": 0.045636052481460347
            },
            "atlasBounds": {
                "left": 336.5,
                "top": 137.5,
                "right": 368.5,
                "bottom": 173.5
            }
        },
        {
            "unicode": 3609,
            "advance": 0.66300000000000003,
            "planeBounds": {
                "left": -0.020706788362806604,
                "top": -0.61152310325156878,
                "right": 0.6547067883628066,
                "bottom": 0.045636052481460347
            },
            "atlasBounds": {
                "left": 190.5,
                "top": 74.5,
                "right": 227.5,
                "bottom": 110.5
            }
        },
        {
            "unicode": 3610,
            "advance": 0.67600000000000005,
            "planeBounds": {
                "left": -0.016079577866514528,
                "top": -0.61152310325156878,
                "right": 0.64107957786651459,
                "bottom": 0.045636052481460347
            },
            "atlasBounds": {
                "left": 228.5,
                "top": 0.5,
                "right": 264.5,
                "bottom": 36.5
            }
        },
        {
            "unicode": 3611,
            "advance": 0.67600000000000005,
            "planeBounds": {
                "left": -0.016079577866514528,
                "top": -0.8123217341699942,
                "right": 0.64107957786651459,
                "bottom": 0.045636052481460347
            },
            "atlasBounds": {
                "left": 228.5,
                "top": 37.5,
                "right": 264.5,
                "bottom": 84.5
            }
        },
        {
            "unicode": 3612,
            "advance": 0.69500000000000006,
            "planeBounds": {
                "left": 0.037174843126069612,
                "top": -0.61152310325156878,
                "right": 0.65782515687393039,
                "bottom": 0.045636052481460347
            },
            "atlasBounds": {
                "left": 265.5,
                "top": 363.5,
                "right": 299.5,
                "bottom": 399.5
            }
        },
        {
            "unicode": 3613,
            "advance": 0.69500000000000006,
            "planeBounds": {
                "left": 0.037174843126069612,
                "top": -0.8123217341699942,
                "right": 0.65782515687393039,
                "bottom": 0.045636052481460347
            },
            "atlasBounds": {
                "left": 301.5,
                "top": 68.5,
                "right": 335.5,
                "bottom": 115.5
            }
        },
        {
            "unicode": 3614,
            "advance": 0.76000000000000001,
            "planeBounds": {
                "left": -0.024715630347974901,
                "top": -0.61152310325156878,
                "right": 0.72371563034797493,
                "bottom": 0.045636052481460347
            },
            "atlasBounds": {
                "left": 109.5,
                "top": 0.5,
                "right": 150.5,
                "bottom": 36.5
            }
        },
        {
            "unicode": 3615,
            "advance": 0.76000000000000001,
            "planeBounds": {
                "left": -0.024715630347974901,
                "top": -0.8123217341699942,
                "right": 0.72371563034797493,
                "bottom": 0.045636052481460347
            },
            "atlasBounds": {
                "left": 109.5,
                "top": 37.5,
                "right": 150.5,
                "bottom": 84.5
            }
        },
        {
            "unicode": 3616,
            "advance": 0.66700000000000004,
            "planeBounds": {
                "left": -0.023579577866514548,
                "top": -0.61152310325156878,
                "right": 0.63357957786651453,
                "bottom": 0.045636052481460347
            },
            "atlasBounds": {
                "left": 190.5,
                "top": 273.5,
                "right": 226.5,
                "bottom": 309.5
            }
        },
        {
            "unicode": 3617,
            "advance": 0.66400000000000003,
            "planeBounds": {
                "left": -0.011952367370222499,
                "top": -0.61152310325156878,
                "right": 0.62695236737022242,
                "bottom": 0.045636052481460347
            },
            "atlasBounds": {
                "left": 265.5,
                "top": 37.5,
                "right": 300.5,
                "bottom": 73.5
            }
        },
        {
            "unicode": 3618,
            "advance": 0.65700000000000003,
            "planeBounds": {
                "left": 0.0036748431260695985,
                "top": -0.61152310325156878,
                "right": 0.62432515687393042,
                "bottom": 0.045636052481460347
            },
            "atlasBounds": {
                "left": 265.5,
                "top": 161.5,
                "right": 299.5,
                "bottom": 197.5
            }
        },
        {
            "unicode": 3619,
            "advance": 0.50800000000000001,
            "planeBounds": {
                "left": -0.029689104392470064,
                "top": -0.61152310325156878,
                "right": 0.49968910439247011,
                "bottom": 0.045636052481460347
            },
            "atlasBounds": {
                "left": 403.5,
                "top": 218.5,
                "right": 432.5,
                "bottom": 254.5
            }
        },
        {
            "unicode": 3620,
            "advance": 0.64800000000000002,
            "planeBounds": {
                "left": -0.0068251568739304139,
                "top": -0.61152310325156878,
                "right": 0.61382515687393024,
                "bottom": 0.28294352538505418
            },
            "atlasBounds": {
                "left": 265.5,
                "top": 74.5,
                "right": 299.5,
                "bottom": 123.5
            }
        },
        {
            "unicode": 3621,
            "advance": 0.61299999999999999,
            "planeBounds": {
                "left": -7.0735881346267959e-05,
                "top": -0.61152310325156878,
                "right": 0.58407073588134617,
                "bottom": 0.045636052481460347
            },
            "atlasBounds": {
                "left": 370.5,
                "top": 0.5,
                "right": 402.5,
                "bottom": 36.5
            }
        },
        {
            "unicode": 3622,
            "advance": 0.66700000000000004,
            "planeBounds": {
                "left": -0.023579577866514548,
                "top": -0.61152310325156878,
                "right": 0.63357957786651453,
                "bottom": 0.28294352538505418
            },
            "atlasBounds": {
                "left": 190.5,
                "top": 398.5,
                "right": 226.5,
                "bottom": 447.5
            }
        },
        {
            "unicode": 3623,
            "advance": 0.50600000000000001,
            "planeBounds": {
                "left": -0.023934683399885914,
                "top": -0.61152310325156878,
                "right": 0.46893468339988592,
                "bottom": 0.045636052481460347
            },
            "atlasBounds": {
                "left": 435.5,
                "top": 81.5,
                "right": 462.5,
                "bottom": 117.5
            }
        },
        {
            "unicode": 3624,
            "advance": 0.68500000000000005,
            "planeBounds": {
                "left": 0.0085387906446092194,
                "top": -0.62977752424415279,
                "right": 0.72046120935539071,
                "bottom": 0.045636052481460347
            },
            "atlasBounds": {
                "left": 109.5,
                "top": 306.5,
                "right": 148.5,
                "bottom": 343.5
            }
        },
        {
            "unicode": 3625,
            "advance": 0.70499999999999996,
            "planeBounds": {
                "left": -0.017715630347974916,
                "top": -0.61152310325156878,
                "right": 0.73071563034797493,
                "bottom": 0.045636052481460347
            },
            "atlasBounds": {
                "left": 109.5,
                "top": 85.5,
                "right": 150.5,
                "bottom": 121.5
            }
        },
        {
            "unicode": 3626,
            "advance": 0.61799999999999999,
            "planeBounds": {
                "left": 0.0075476326297775282,
                "top": -0.62977752424415279,
                "right": 0.64645236737022238,
                "bottom": 0.045636052481460347
            },
            "atlasBounds": {
                "left": 228.5,
                "top": 285.5,
                "right": 263.5,
                "bottom": 322.5
            }
        },
        {
            "unicode": 3627,
            "advance": 0.69200000000000006,
            "planeBounds": {
                "left": -0.021706788362806626,
                "top": -0.61152310325156878,
                "right": 0.65370678836280649,
                "bottom": 0.045636052481460347
            },
            "atlasBounds": {
                "left": 151.5,
                "top": 345.5,
                "right": 188.5,
                "bottom": 381.5
            }
        },
        {
            "unicode": 3628,
            "advance": 0.76100000000000001,
            "planeBounds": {
                "left": -0.02547005134055904,
                "top": -0.83057615516257843,
                "right": 0.75947005134055912,
                "bottom": 0.045636052481460347
            },
            "atlasBounds": {
                "left": 62.5,
                "top": 224.5,
                "right": 105.5,
                "bottom": 272.5
            }
        },
        {
            "unicode": 3629,
            "advance": 0.626,
            "planeBounds": {
                "left": 0.027556474614945793,
                "top": -0.61152310325156878,
                "right": 0.59344352538505418,
                "bottom": 0.045636052481460347
            },
            "atlasBounds": {
                "left": 370.5,
                "top": 425.5,
                "right": 401.5,
                "bottom": 461.5
            }
        },
        {
            "unicode": 3630,
            "advance": 0.63600000000000001,
            "planeBounds": {
                "left": 0.013674843126069574,
                "top": -0.62977752424415279,
                "right": 0.63432515687393032,
                "bottom": 0.045636052481460347
            },
            "atlasBounds": {
                "left": 265.5,
                "top": 280.5,
                "right": 299.5,
                "bottom": 317.5
            }
        },
        {
            "unicode": 3631,
            "advance": 0.54700000000000004,
            "planeBounds": {
                "left": -0.03731631488876213,
                "top": -0.61152310325156878,
                "right": 0.51031631488876206,
                "bottom": 0.045636052481460347
            },
            "atlasBounds": {
                "left": 403.5,
                "top": 145.5,
                "right": 433.5,
                "bottom": 181.5
            }
        },
        {
            "unicode": 3632,
            "advance": 0.42899999999999999,
            "planeBounds": {
                "left": -0.027807472903593842,
                "top": -0.59326868225898455,
                "right": 0.44680747290359379,
                "bottom": 0.02738163148887621
            },
            "atlasBounds": {
                "left": 435.5,
                "top": 380.5,
                "right": 461.5,
                "bottom": 414.5
            }
        },
        {
            "unicode": 3633,
            "advance": 0,
            "planeBounds": {
                "left": -0.47756189389617792,
                "top": -0.90359383913291491,
                "right": 0.033561893896177995,
                "bottom": -0.57501426126640032
            },
            "atlasBounds": {
                "left": 403.5,
                "top": 338.5,
                "right": 431.5,
                "bottom": 356.5
            }
        },
        {
            "unicode": 3634,
            "advance": 0.44500000000000001,
            "planeBounds": {
                "left": -0.043180262407301766,
                "top": -0.61152310325156878,
                "right": 0.41318026240730171,
                "bottom": 0.045636052481460347
            },
            "atlasBounds": {
                "left": 464.5,
                "top": 41.5,
                "right": 489.5,
                "bottom": 77.5
            }
        },
        {
            "unicode": 3635,
            "advance": 0.44500000000000001,
            "planeBounds": {
                "left": -0.33571563034797486,
                "top": -0.92184826012549914,
                "right": 0.41271563034797493,
                "bottom": 0.045636052481460347
            },
            "atlasBounds": {
                "left": 109.5,
                "top": 122.5,
                "right": 150.5,
                "bottom": 175.5
            }
        },
        {
            "unicode": 3636,
            "advance": 0,
            "planeBounds": {
                "left": -0.60494352538505414,
                "top": -0.90359383913291502,
                "right": -0.039056474614945727,
                "bottom": -0.59326868225898455
            },
            "atlasBounds": {
                "left": 0.5,
                "top": 494.5,
                "right": 31.5,
                "bottom": 511.5
            }
        },
        {
            "unicode": 3637,
            "advance": 0,
            "planeBounds": {
                "left": -0.60494352538505414,
                "top": -0.90359383913291502,
                "right": -0.039056474614945727,
                "bottom": -0.59326868225898455
            },
            "atlasBounds": {
                "left": 370.5,
                "top": 407.5,
                "right": 401.5,
                "bottom": 424.5
            }
        },
        {
            "unicode": 3638,
            "advance": 0,
            "planeBounds": {
                "left": -0.60569794637763841,
                "top": -0.90359383913291502,
                "right": -0.0033020536223616545,
                "bottom": -0.59326868225898455
            },
            "atlasBounds": {
                "left": 265.5,
                "top": 482.5,
                "right": 298.5,
                "bottom": 499.5
            }
        },
        {
            "unicode": 3639,
            "advance": 0,
            "planeBounds": {
                "left": -0.60494352538505414,
                "top": -0.90359383913291502,
                "right": -0.039056474614945727,
                "bottom": -0.59326868225898455
            },
            "atlasBounds": {
                "left": 301.5,
                "top": 494.5,
                "right": 332.5,
                "bottom": 511.5
            }
        },
        {
            "unicode": 3640,
            "advance": 0,
            "planeBounds": {
                "left": -0.36378978893325725,
                "top": 0.0091272104962920944,
                "right": -0.035210211066742714,
                "bottom": 0.37421563034797489
            },
            "atlasBounds": {
                "left": 491.5,
                "top": 167.5,
                "right": 509.5,
                "bottom": 187.5
            }
        },
        {
            "unicode": 3641,
            "advance": 0,
            "planeBounds": {
                "left": -0.50780747290359385,
                "top": 0.0091272104962920944,
                "right": -0.033192527096406195,
                "bottom": 0.37421563034797489
            },
            "atlasBounds": {
                "left": 464.5,
                "top": 0.5,
                "right": 490.5,
                "bottom": 20.5
            }
        },
        {
            "unicode": 3642,
            "advance": 0,
            "planeBounds": {
                "left": -0.29440815744438109,
                "top": 0.0091272104962920944,
                "right": -0.020591842555618998,
                "bottom": 0.28294352538505418
            },
            "atlasBounds": {
                "left": 491.5,
                "top": 365.5,
                "right": 506.5,
                "bottom": 380.5
            }
        },
        {
            "unicode": 3647,
            "advance": 0.57600000000000007,
            "planeBounds": {
                "left": 0.024183685111237866,
                "top": -0.8123217341699942,
                "right": 0.57181631488876217,
                "bottom": 0.10039931545921277
            },
            "atlasBounds": {
                "left": 403.5,
                "top": 47.5,
                "right": 433.5,
                "bottom": 97.5
            }
        },
        {
            "unicode": 3648,
            "advance": 0.36499999999999999,
            "planeBounds": {
                "left": 0.042083000570450647,
                "top": -0.61152310325156878,
                "right": 0.38891699942954933,
                "bottom": 0.045636052481460347
            },
            "atlasBounds": {
                "left": 491.5,
                "top": 130.5,
                "right": 510.5,
                "bottom": 166.5
            }
        },
        {
            "unicode": 3649,
            "advance": 0.67800000000000005,
            "planeBounds": {
                "left": 0.043420422133485424,
                "top": -0.61152310325156878,
                "right": 0.70057957786651459,
                "bottom": 0.045636052481460347
            },
            "atlasBounds": {
                "left": 190.5,
                "top": 310.5,
                "right": 226.5,
                "bottom": 346.5
            }
        },
        {
            "unicode": 3650,
            "advance": 0.38900000000000001,
            "planeBounds": {
                "left": -0.053061893896177978,
                "top": -0.97661152310325161,
                "right": 0.45806189389617802,
                "bottom": 0.045636052481460347
            },
            "atlasBounds": {
                "left": 435.5,
                "top": 0.5,
                "right": 463.5,
                "bottom": 56.5
            }
        },
        {
            "unicode": 3651,
            "advance": 0.38900000000000001,
            "planeBounds": {
                "left": -0.048934683399885923,
                "top": -0.97661152310325161,
                "right": 0.4439346833998859,
                "bottom": 0.045636052481460347
            },
            "atlasBounds": {
                "left": 435.5,
                "top": 257.5,
                "right": 462.5,
                "bottom": 313.5
            }
        },
        {
            "unicode": 3652,
            "advance": 0.36899999999999999,
            "planeBounds": {
                "left": -0.092561893896177999,
                "top": -0.97661152310325161,
                "right": 0.41856189389617793,
                "bottom": 0.045636052481460347
            },
            "atlasBounds": {
                "left": 403.5,
                "top": 357.5,
                "right": 431.5,
                "bottom": 413.5
            }
        },
        {
            "unicode": 3653,
            "advance": 0.44500000000000001,
            "planeBounds": {
                "left": -0.043180262407301766,
                "top": -0.61152310325156878,
                "right": 0.41318026240730171,
                "bottom": 0.28294352538505418
            },
            "atlasBounds": {
                "left": 370.5,
                "top": 462.5,
                "right": 395.5,
                "bottom": 511.5
            }
        },
        {
            "unicode": 3654,
            "advance": 0.60999999999999999,
            "planeBounds": {
                "left": -0.010570735881346275,
                "top": -0.61152310325156878,
                "right": 0.57357073588134622,
                "bottom": 0.28294352538505418
            },
            "atlasBounds": {
                "left": 370.5,
                "top": 82.5,
                "right": 402.5,
                "bottom": 131.5
            }
        },
        {
            "unicode": 3655,
            "advance": 0,
            "planeBounds": {
                "left": -0.56456189389617806,
                "top": -0.99486594409583562,
                "right": -0.053438106103822068,
                "bottom": -0.57501426126640032
            },
            "atlasBounds": {
                "left": 435.5,
                "top": 57.5,
                "right": 463.5,
                "bottom": 80.5
            }
        },
        {
            "unicode": 3656,
            "advance": 0,
            "planeBounds": {
                "left": -0.28778094694808898,
                "top": -1.09184826012549914,
                "right": -0.032219053051911035,
                "bottom": -0.76326868225898455
            },
            "atlasBounds": {
                "left": 491.5,
                "top": 419.5,
                "right": 505.5,
                "bottom": 437.5
            }
        },
        {
            "unicode": 3657,
            "advance": 0,
            "planeBounds": {
                "left": -0.5039346833998859,
                "top": -1.12835710211066738,
                "right": -0.011065316600114046,
                "bottom": -0.76326868225898455
            },
            "atlasBounds": {
                "left": 435.5,
                "top": 359.5,
                "right": 462.5,
                "bottom": 379.5
            }
        },
        {
            "unicode": 3658,
            "advance": 0,
            "planeBounds": {
                "left": -0.55964666432635635,
                "top": -1.12835710211066738,
                "right": 0.04274922842892033,
                "bottom": -0.76326868225898455
            },
            "atlasBounds": {
                "left": 301.5,
                "top": 251.5,
                "right": 334.5,
                "bottom": 271.5
            }
        },
        {
            "unicode": 3659,
            "advance": 0,
            "planeBounds": {
                "left": -0.36179863091842557,
                "top": -1.11010268111808315,
                "right": 0.039798630918425545,
                "bottom": -0.76326868225898455
            },
            "atlasBounds": {
                "left": 464.5,
                "top": 327.5,
                "right": 486.5,
                "bottom": 346.5
            }
        },
        {
            "unicode": 3660,
            "advance": 0,
            "planeBounds": {
                "left": -0.38579863091842553,
                "top": -1.12835710211066738,
                "right": 0.015798630918425545,
                "bottom": -0.76326868225898455
            },
            "atlasBounds": {
                "left": 336.5,
                "top": 491.5,
                "right": 358.5,
                "bottom": 511.5
            }
        },
        {
            "unicode": 3661,
            "advance": 0,
            "planeBounds": {
                "left": -0.33341699942954933,
                "top": -0.92184826012549914,
                "right": 0.013416999429549322,
                "bottom": -0.57501426126640032
            },
            "atlasBounds": {
                "left": 491.5,
                "top": 110.5,
                "right": 510.5,
                "bottom": 129.5
            }
        },
        {
            "unicode": 3662,
            "advance": 0,
            "planeBounds": {
                "left": -0.34566257843696518,
                "top": -0.95835710211066738,
                "right": -0.035337421563034807,
                "bottom": -0.59326868225898455
            },
            "atlasBounds": {
                "left": 491.5,
                "top": 298.5,
                "right": 508.5,
                "bottom": 318.5
            }
        },
        {
            "unicode": 3663,
            "advance": 0.65100000000000002,
            "planeBounds": {
                "left": 0.0060476326297775156,
                "top": -0.57501426126640043,
                "right": 0.64495236737022243,
                "bottom": 0.02738163148887621
            },
            "atlasBounds": {
                "left": 228.5,
                "top": 159.5,
                "right": 263.5,
                "bottom": 192.5
            }
        },
        {
            "unicode": 3664,
            "advance": 0.67500000000000004,
            "planeBounds": {
                "left": -0.00020678836280660739,
                "top": -0.57501426126640043,
                "right": 0.67520678836280656,
                "bottom": 0.063890473474044487
            },
            "atlasBounds": {
                "left": 151.5,
                "top": 218.5,
                "right": 188.5,
                "bottom": 253.5
            }
        },
        {
            "unicode": 3665,
            "advance": 0.68400000000000005,
            "planeBounds": {
                "left": -0.0048339988590986654,
                "top": -0.57501426126640032,
                "right": 0.6888339988590988,
                "bottom": 0.13690815744438106
            },
            "atlasBounds": {
                "left": 109.5,
                "top": 436.5,
                "right": 147.5,
                "bottom": 475.5
            }
        },
        {
            "unicode": 3666,
            "advance": 0.83899999999999997,
            "planeBounds": {
                "left": 0.036657159155733025,
                "top": -0.66628636622932103,
                "right": 0.80334284084426688,
                "bottom": 0.045636052481460347
            },
            "atlasBounds": {
                "left": 62.5,
                "top": 365.5,
                "right": 104.5,
                "bottom": 404.5
            }
        },
        {
            "unicode": 3667,
            "advance": 0.79300000000000004,
            "planeBounds": {
                "left": 0.019784369652025124,
                "top": -0.57501426126640032,
                "right": 0.76821563034797502,
                "bottom": 0.045636052481460347
            },
            "atlasBounds": {
                "left": 62.5,
                "top": 405.5,
                "right": 103.5,
                "bottom": 439.5
            }
        },
        {
            "unicode": 3668,
            "advance": 0.66800000000000004,
            "planeBounds": {
                "left": 0.0011660011409012851,
                "top": -0.66628636622932103,
                "right": 0.69483399885909869,
                "bottom": 0.045636052481460347
            },
            "atlasBounds": {
                "left": 151.5,
                "top": 0.5,
                "right": 189.5,
                "bottom": 39.5
            }
        },
        {
            "unicode": 3669,
            "advance": 0.66800000000000004,
            "planeBounds": {
                "left": 0.0011660011409012851,
                "top": -0.72104962920707349,
                "right": 0.69483399885909869,
                "bottom": 0.045636052481460347
            },
            "atlasBounds": {
                "left": 151.5,
                "top": 40.5,
                "right": 189.5,
                "bottom": 82.5
            }
        },
        {
            "unicode": 3670,
            "advance": 0.63600000000000001,
            "planeBounds": {
                "left": -0.02207957786651454,
                "top": -0.66628636622932114,
                "right": 0.63507957786651459,
                "bottom": 0.063890473474044487
            },
            "atlasBounds": {
                "left": 190.5,
                "top": 448.5,
                "right": 226.5,
                "bottom": 488.5
            }
        },
        {
            "unicode": 3671,
            "advance": 0.995,
            "planeBounds": {
                "left": 0.012757843696520277,
                "top": -0.66628636622932103,
                "right": 0.98024215630347977,
                "bottom": 0.045636052481460347
            },
            "atlasBounds": {
                "left": 0.5,
                "top": 78.5,
                "right": 53.5,
                "bottom": 117.5
            }
        },
        {
            "unicode": 3672,
            "advance": 0.70499999999999996,
            "planeBounds": {
                "left": 3.879064460921455e-05,
                "top": -0.66628636622932103,
                "right": 0.71196120935539065,
                "bottom": 0.045636052481460347
            },
            "atlasBounds": {
                "left": 109.5,
                "top": 266.5,
                "right": 148.5,
                "bottom": 305.5
            }
        },
        {
            "unicode": 3673,
            "advance": 0.77000000000000002,
            "planeBounds": {
                "left": 0.015529948659440936,
                "top": -0.66628636622932103,
                "right": 0.80047005134055904,
                "bottom": 0.045636052481460347
            },
            "atlasBounds": {
                "left": 62.5,
                "top": 84.5,
                "right": 105.5,
                "bottom": 123.5
            }
        },
        {
            "unicode": 3674,
            "advance": 0.82700000000000007,
            "planeBounds": {
                "left": -0.034224472333143185,
                "top": -0.61152310325156878,
                "right": 0.78722447233314319,
                "bottom": 0.045636052481460347
            },
            "atlasBounds": {
                "left": 62.5,
                "top": 47.5,
                "right": 107.5,
                "bottom": 83.5
            }
        },
        {
            "unicode": 3675,
            "advance": 1.0800000000000001,
            "planeBounds": {
                "left": 0.005240159726183833,
                "top": -0.57501426126640032,
                "right": 1.1187598402738164,
                "bottom": 0.0091272104962920701
            },
            "atlasBounds": {
                "left": 0.5,
                "top": 0.5,
                "right": 61.5,
                "bottom": 32.5
            }
        },
        {
            "unicode": 8226,
            "advance": 0.38900000000000001,
            "planeBounds": {
                "left": 0.0028285795778664972,
                "top": -0.57501426126640043,
                "right": 0.38617142042213348,
                "bottom": -0.15516257843696518
            },
            "atlasBounds": {
                "left": 464.5,
                "top": 408.5,
                "right": 485.5,
                "bottom": 431.5
            }
        }
    ],
    "kerning": []
}