{
    "atlas": {
        "type": "msdf",
        "distanceRange": 4,
        "distanceRangeMiddle": 0,
        "size": 56.375,
        "width": 512,
        "height": 512,
        "yOrigin": "top"
    },
    "metrics": {
        "emSize": 1,
        "lineHeight": 1.5110000000000001,
        "ascender": -1.0609999999999999,
        "descender": 0.45000000000000001,
        "underlineY": 0.125,
        "underlineThickness": 0.050000000000000003
    },
    "glyphs": [
        {
            "unicode": 32,
            "advance": 0.26000000000000001
        },
        {
            "unicode": 33,
            "advance": 0.28800000000000003,
            "planeBounds": {
                "left": 0.011462305986696253,
                "top": -0.75388026607538805,
                "right": 0.2775376940133038,
                "bottom": 0.062084257206208429
            },
            "atlasBounds": {
                "left": 493.5,
                "top": 114.5,
                "right": 508.5,
                "bottom": 160.5
            }
        },
        {
            "unicode": 34,
            "advance": 0.496,
            "planeBounds": {
                "left": 0.026270509977827077,
                "top": -0.75388026607538805,
                "right": 0.46972949002217296,
                "bottom": -0.41685144124168516
            },
            "atlasBounds": {
                "left": 419.5,
                "top": 458.5,
                "right": 444.5,
                "bottom": 477.5
            }
        },
        {
            "unicode": 35,
            "advance": 0.65300000000000002,
            "planeBounds": {
                "left": -0.019398004434589781,
                "top": -0.75388026607538805,
                "right": 0.67239800443458975,
                "bottom": 0.044345898004434586
            },
            "atlasBounds": {
                "left": 369.5,
                "top": 163.5,
                "right": 408.5,
                "bottom": 208.5
            }
        },
        {
            "unicode": 36,
            "advance": 0.57400000000000007,
            "planeBounds": {
                "left": -0.0036829268292682881,
                "top": -0.80709534368070956,
                "right": 0.58168292682926837,
                "bottom": 0.097560975609756087
            },
            "atlasBounds": {
                "left": 310.5,
                "top": 0.5,
                "right": 343.5,
                "bottom": 51.5
            }
        },
        {
            "unicode": 37,
            "advance": 0.92300000000000004,
            "planeBounds": {
                "left": -0.017935698447893514,
                "top": -0.77161862527716185,
                "right": 0.9399356984478936,
                "bottom": 0.062084257206208429
            },
            "atlasBounds": {
                "left": 189.5,
                "top": 114.5,
                "right": 243.5,
                "bottom": 161.5
            }
        },
        {
            "unicode": 38,
            "advance": 0.77300000000000002,
            "planeBounds": {
                "left": -0.0014822616407982245,
                "top": -0.77161862527716185,
                "right": 0.81448226164079829,
                "bottom": 0.062084257206208429
            },
            "atlasBounds": {
                "left": 244.5,
                "top": 114.5,
                "right": 290.5,
                "bottom": 161.5
            }
        },
        {
            "unicode": 39,
            "advance": 0.27800000000000002,
            "planeBounds": {
                "left": 0.023700665188470062,
                "top": -0.75388026607538805,
                "right": 0.25429933481152994,
                "bottom": -0.41685144124168516
            },
            "atlasBounds": {
                "left": 445.5,
                "top": 458.5,
                "right": 458.5,
                "bottom": 477.5
            }
        },
        {
            "unicode": 40,
            "advance": 0.34800000000000003,
            "planeBounds": {
                "left": 0.0016164079822616592,
                "top": -0.77161862527716185,
                "right": 0.35638359201773834,
                "bottom": 0.2039911308203991
            },
            "atlasBounds": {
                "left": 104.5,
                "top": 0.5,
                "right": 124.5,
                "bottom": 55.5
            }
        },
        {
            "unicode": 41,
            "advance": 0.34800000000000003,
            "planeBounds": {
                "left": -0.0078835920177383351,
                "top": -0.77161862527716185,
                "right": 0.34688359201773838,
                "bottom": 0.2039911308203991
            },
            "atlasBounds": {
                "left": 125.5,
                "top": 0.5,
                "right": 145.5,
                "bottom": 55.5
            }
        },
        {
            "unicode": 42,
            "advance": 0.54100000000000004,
            "planeBounds": {
                "left": -0.012813747228381351,
                "top": -0.80709534368070956,
                "right": 0.55481374722838139,
                "bottom": -0.23946784922394679
            },
            "atlasBounds": {
                "left": 195.5,
                "top": 458.5,
                "right": 227.5,
                "bottom": 490.5
            }
        },
        {
            "unicode": 43,
            "advance": 0.57799999999999996,
            "planeBounds": {
                "left": 0.0051862527716186671,
                "top": -0.64745011086474502,
                "right": 0.57281374722838141,
                "bottom": -0.062084257206208422
            },
            "atlasBounds": {
                "left": 66.5,
                "top": 458.5,
                "right": 98.5,
                "bottom": 491.5
            }
        },
        {
            "unicode": 44,
            "advance": 0.29599999999999999,
            "planeBounds": {
                "left": -0.0089068736141906645,
                "top": -0.16851441241685144,
                "right": 0.27490687361419069,
                "bottom": 0.18625277161862527
            },
            "atlasBounds": {
                "left": 494.5,
                "top": 257.5,
                "right": 510.5,
                "bottom": 277.5
            }
        },
        {
            "unicode": 45,
            "advance": 0.32000000000000001,
            "planeBounds": {
                "left": -0.017383592017738331,
                "top": -0.3813747228381375,
                "right": 0.33738359201773838,
                "bottom": -0.15077605321507762
            },
            "atlasBounds": {
                "left": 263.5,
                "top": 495.5,
                "right": 283.5,
                "bottom": 508.5
            }
        },
        {
            "unicode": 46,
            "advance": 0.28700000000000003,
            "planeBounds": {
                "left": 0.0099623059866962588,
                "top": -0.20399113082039913,
                "right": 0.2760376940133038,
                "bottom": 0.062084257206208429
            },
            "atlasBounds": {
                "left": 476.5,
                "top": 96.5,
                "right": 491.5,
                "bottom": 111.5
            }
        },
        {
            "unicode": 47,
            "advance": 0.42599999999999999,
            "planeBounds": {
                "left": -0.033837028824833665,
                "top": -0.77161862527716185,
                "right": 0.46283702882483374,
                "bottom": 0.044345898004434586
            },
            "atlasBounds": {
                "left": 234.5,
                "top": 163.5,
                "right": 262.5,
                "bottom": 209.5
            }
        },
        {
            "unicode": 48,
            "advance": 0.57799999999999996,
            "planeBounds": {
                "left": -0.0036829268292682738,
                "top": -0.77161862527716185,
                "right": 0.58168292682926837,
                "bottom": 0.062084257206208429
            },
            "atlasBounds": {
                "left": 291.5,
                "top": 114.5,
                "right": 324.5,
                "bottom": 161.5
            }
        },
        {
            "unicode": 49,
            "advance": 0.57799999999999996,
            "planeBounds": {
                "left": 0.012401330376940163,
                "top": -0.75388026607538805,
                "right": 0.47359866962305991,
                "bottom": 0.044345898004434586
            },
            "atlasBounds": {
                "left": 409.5,
                "top": 163.5,
                "right": 435.5,
                "bottom": 208.5
            }
        },
        {
            "unicode": 50,
            "advance": 0.57799999999999996,
            "planeBounds": {
                "left": -0.0056829268292682544,
                "top": -0.77161862527716185,
                "right": 0.57968292682926836,
                "bottom": 0.044345898004434586
            },
            "atlasBounds": {
                "left": 263.5,
                "top": 163.5,
                "right": 296.5,
                "bottom": 209.5
            }
        },
        {
            "unicode": 51,
            "advance": 0.57799999999999996,
            "planeBounds": {
                "left": -0.005682926829268244,
                "top": -0.77161862527716185,
                "right": 0.57968292682926836,
                "bottom": 0.062084257206208429
            },
            "atlasBounds": {
                "left": 325.5,
                "top": 114.5,
                "right": 358.5,
                "bottom": 161.5
            }
        },
        {
            "unicode": 52,
            "advance": 0.57799999999999996,
            "planeBounds": {
                "left": -0.020921286031042114,
                "top": -0.75388026607538805,
                "right": 0.59992128603104222,
                "bottom": 0.044345898004434586
            },
            "atlasBounds": {
                "left": 0.5,
                "top": 211.5,
                "right": 35.5,
                "bottom": 256.5
            }
        },
        {
            "unicode": 53,
            "advance": 0.57799999999999996,
            "planeBounds": {
                "left": 0.006186252771618648,
                "top": -0.75388026607538805,
                "right": 0.57381374722838141,
                "bottom": 0.062084257206208429
            },
            "atlasBounds": {
                "left": 297.5,
                "top": 163.5,
                "right": 329.5,
                "bottom": 209.5
            }
        },
        {
            "unicode": 54,
            "advance": 0.57799999999999996,
            "planeBounds": {
                "left": -0.0021829268292682773,
                "top": -0.77161862527716185,
                "right": 0.58318292682926831,
                "bottom": 0.062084257206208429
            },
            "atlasBounds": {
                "left": 359.5,
                "top": 114.5,
                "right": 392.5,
                "bottom": 161.5
            }
        },
        {
            "unicode": 55,
            "advance": 0.57799999999999996,
            "planeBounds": {
                "left": -0.0041829268292682938,
                "top": -0.75388026607538805,
                "right": 0.58118292682926842,
                "bottom": 0.044345898004434586
            },
            "atlasBounds": {
                "left": 36.5,
                "top": 211.5,
                "right": 69.5,
                "bottom": 256.5
            }
        },
        {
            "unicode": 56,
            "advance": 0.57799999999999996,
            "planeBounds": {
                "left": -0.00368292682926824,
                "top": -0.77161862527716185,
                "right": 0.58168292682926837,
                "bottom": 0.062084257206208429
            },
            "atlasBounds": {
                "left": 393.5,
                "top": 114.5,
                "right": 426.5,
                "bottom": 161.5
            }
        },
        {
            "unicode": 57,
            "advance": 0.57799999999999996,
            "planeBounds": {
                "left": -0.0051829268292682773,
                "top": -0.77161862527716185,
                "right": 0.58018292682926842,
                "bottom": 0.062084257206208429
            },
            "atlasBounds": {
                "left": 427.5,
                "top": 114.5,
                "right": 460.5,
                "bottom": 161.5
            }
        },
        {
            "unicode": 58,
            "advance": 0.28700000000000003,
            "planeBounds": {
                "left": 0.0099623059866962588,
                "top": -0.5942350332594234,
                "right": 0.2760376940133038,
                "bottom": 0.062084257206208429
            },
            "atlasBounds": {
                "left": 494.5,
                "top": 303.5,
                "right": 509.5,
                "bottom": 340.5
            }
        },
        {
            "unicode": 59,
            "advance": 0.29099999999999998,
            "planeBounds": {
                "left": -0.0079068736141906636,
                "top": -0.59423503325942351,
                "right": 0.2759068736141907,
                "bottom": 0.18625277161862527
            },
            "atlasBounds": {
                "left": 301.5,
                "top": 257.5,
                "right": 317.5,
                "bottom": 301.5
            }
        },
        {
            "unicode": 60,
            "advance": 0.57799999999999996,
            "planeBounds": {
                "left": 0.0046862527716186424,
                "top": -0.68292682926829273,
                "right": 0.57231374722838146,
                "bottom": -0.044345898004434586
            },
            "atlasBounds": {
                "left": 0.5,
                "top": 458.5,
                "right": 32.5,
                "bottom": 494.5
            }
        },
        {
            "unicode": 61,
            "advance": 0.57799999999999996,
            "planeBounds": {
                "left": 0.0051862527716186671,
                "top": -0.55875831485587579,
                "right": 0.57281374722838141,
                "bottom": -0.15077605321507762
            },
            "atlasBounds": {
                "left": 359.5,
                "top": 458.5,
                "right": 391.5,
                "bottom": 481.5
            }
        },
        {
            "unicode": 62,
            "advance": 0.57799999999999996,
            "planeBounds": {
                "left": 0.0046862527716186424,
                "top": -0.68292682926829273,
                "right": 0.57231374722838146,
                "bottom": -0.044345898004434586
            },
            "atlasBounds": {
                "left": 33.5,
                "top": 458.5,
                "right": 65.5,
                "bottom": 494.5
            }
        },
        {
            "unicode": 63,
            "advance": 0.48999999999999999,
            "planeBounds": {
                "left": -0.039444567627494438,
                "top": -0.77161862527716185,
                "right": 0.51044456762749446,
                "bottom": 0.062084257206208429
            },
            "atlasBounds": {
                "left": 461.5,
                "top": 114.5,
                "right": 492.5,
                "bottom": 161.5
            }
        },
        {
            "unicode": 64,
            "advance": 0.89700000000000002,
            "planeBounds": {
                "left": 0.005041019955654159,
                "top": -0.75388026607538805,
                "right": 0.89195898004434593,
                "bottom": 0.13303769401330376
            },
            "atlasBounds": {
                "left": 0.5,
                "top": 63.5,
                "right": 50.5,
                "bottom": 113.5
            }
        },
        {
            "unicode": 65,
            "advance": 0.70699999999999996,
            "planeBounds": {
                "left": -0.03674390243902436,
                "top": -0.75388026607538805,
                "right": 0.74374390243902444,
                "bottom": 0.044345898004434586
            },
            "atlasBounds": {
                "left": 70.5,
                "top": 211.5,
                "right": 114.5,
                "bottom": 256.5
            }
        },
        {
            "unicode": 66,
            "advance": 0.67300000000000004,
            "planeBounds": {
                "left": 0.04307871396895787,
                "top": -0.75388026607538805,
                "right": 0.66392128603104217,
                "bottom": 0.044345898004434586
            },
            "atlasBounds": {
                "left": 115.5,
                "top": 211.5,
                "right": 150.5,
                "bottom": 256.5
            }
        },
        {
            "unicode": 67,
            "advance": 0.64300000000000002,
            "planeBounds": {
                "left": 0.012709534368071001,
                "top": -0.77161862527716185,
                "right": 0.65129046563192916,
                "bottom": 0.062084257206208429
            },
            "atlasBounds": {
                "left": 0.5,
                "top": 163.5,
                "right": 36.5,
                "bottom": 210.5
            }
        },
        {
            "unicode": 68,
            "advance": 0.73699999999999999,
            "planeBounds": {
                "left": 0.04597117516629716,
                "top": -0.75388026607538805,
                "right": 0.7200288248337029,
                "bottom": 0.044345898004434586
            },
            "atlasBounds": {
                "left": 151.5,
                "top": 211.5,
                "right": 189.5,
                "bottom": 256.5
            }
        },
        {
            "unicode": 69,
            "advance": 0.55500000000000005,
            "planeBounds": {
                "left": 0.044162971175166335,
                "top": -0.75388026607538805,
                "right": 0.54083702882483375,
                "bottom": 0.044345898004434586
            },
            "atlasBounds": {
                "left": 190.5,
                "top": 211.5,
                "right": 218.5,
                "bottom": 256.5
            }
        },
        {
            "unicode": 70,
            "advance": 0.54400000000000004,
            "planeBounds": {
                "left": 0.04316297117516632,
                "top": -0.75388026607538805,
                "right": 0.53983702882483375,
                "bottom": 0.044345898004434586
            },
            "atlasBounds": {
                "left": 219.5,
                "top": 211.5,
                "right": 247.5,
                "bottom": 256.5
            }
        },
        {
            "unicode": 71,
            "advance": 0.73099999999999998,
            "planeBounds": {
                "left": 0.018971175166297129,
                "top": -0.77161862527716185,
                "right": 0.69302882483370287,
                "bottom": 0.062084257206208429
            },
            "atlasBounds": {
                "left": 37.5,
                "top": 163.5,
                "right": 75.5,
                "bottom": 210.5
            }
        },
        {
            "unicode": 72,
            "advance": 0.76500000000000001,
            "planeBounds": {
                "left": 0.045471175166297131,
                "top": -0.75388026607538805,
                "right": 0.71952882483370284,
                "bottom": 0.044345898004434586
            },
            "atlasBounds": {
                "left": 248.5,
                "top": 211.5,
                "right": 286.5,
                "bottom": 256.5
            }
        },
        {
            "unicode": 73,
            "advance": 0.41300000000000003,
            "planeBounds": {
                "left": -0.006360310421286014,
                "top": -0.75388026607538805,
                "right": 0.41936031042128608,
                "bottom": 0.044345898004434586
            },
            "atlasBounds": {
                "left": 287.5,
                "top": 211.5,
                "right": 311.5,
                "bottom": 256.5
            }
        },
        {
            "unicode": 74,
            "advance": 0.34100000000000003,
            "planeBounds": {
                "left": -0.11349113082039908,
                "top": -0.75388026607538816,
                "right": 0.29449113082039918,
                "bottom": 0.25720620842572062
            },
            "atlasBounds": {
                "left": 35.5,
                "top": 0.5,
                "right": 58.5,
                "bottom": 57.5
            }
        },
        {
            "unicode": 75,
            "advance": 0.67500000000000004,
            "planeBounds": {
                "left": 0.042471175166297177,
                "top": -0.75388026607538805,
                "right": 0.71652882483370284,
                "bottom": 0.044345898004434586
            },
            "atlasBounds": {
                "left": 312.5,
                "top": 211.5,
                "right": 350.5,
                "bottom": 256.5
            }
        },
        {
            "unicode": 76,
            "advance": 0.57300000000000006,
            "planeBounds": {
                "left": 0.044424611973392487,
                "top": -0.75388026607538805,
                "right": 0.57657538802660757,
                "bottom": 0.044345898004434586
            },
            "atlasBounds": {
                "left": 481.5,
                "top": 0.5,
                "right": 511.5,
                "bottom": 45.5
            }
        },
        {
            "unicode": 77,
            "advance": 0.95400000000000007,
            "planeBounds": {
                "left": 0.042410199556541073,
                "top": -0.75388026607538805,
                "right": 0.91158980044345905,
                "bottom": 0.044345898004434586
            },
            "atlasBounds": {
                "left": 351.5,
                "top": 211.5,
                "right": 400.5,
                "bottom": 256.5
            }
        },
        {
            "unicode": 78,
            "advance": 0.82300000000000006,
            "planeBounds": {
                "left": 0.047863636363636393,
                "top": -0.75388026607538805,
                "right": 0.77513636363636362,
                "bottom": 0.044345898004434586
            },
            "atlasBounds": {
                "left": 401.5,
                "top": 211.5,
                "right": 442.5,
                "bottom": 256.5
            }
        },
        {
            "unicode": 79,
            "advance": 0.79600000000000004,
            "planeBounds": {
                "left": 0.016625277161862555,
                "top": -0.77161862527716185,
                "right": 0.77937472283813747,
                "bottom": 0.062084257206208429
            },
            "atlasBounds": {
                "left": 76.5,
                "top": 163.5,
                "right": 119.5,
                "bottom": 210.5
            }
        },
        {
            "unicode": 80,
            "advance": 0.63,
            "planeBounds": {
                "left": 0.043817073170731767,
                "top": -0.75388026607538805,
                "right": 0.62918292682926835,
                "bottom": 0.044345898004434586
            },
            "atlasBounds": {
                "left": 443.5,
                "top": 211.5,
                "right": 476.5,
                "bottom": 256.5
            }
        },
        {
            "unicode": 81,
            "advance": 0.79600000000000004,
            "planeBounds": {
                "left": 0.011256097560975616,
                "top": -0.77161862527716185,
                "right": 0.79174390243902437,
                "bottom": 0.22172949002217293
            },
            "atlasBounds": {
                "left": 59.5,
                "top": 0.5,
                "right": 103.5,
                "bottom": 56.5
            }
        },
        {
            "unicode": 82,
            "advance": 0.66800000000000004,
            "planeBounds": {
                "left": 0.041471175166297128,
                "top": -0.75388026607538805,
                "right": 0.71552882483370284,
                "bottom": 0.044345898004434586
            },
            "atlasBounds": {
                "left": 0.5,
                "top": 257.5,
                "right": 38.5,
                "bottom": 302.5
            }
        },
        {
            "unicode": 83,
            "advance": 0.56300000000000006,
            "planeBounds": {
                "left": 0.0016862527716186388,
                "top": -0.77161862527716185,
                "right": 0.56931374722838146,
                "bottom": 0.062084257206208429
            },
            "atlasBounds": {
                "left": 120.5,
                "top": 163.5,
                "right": 152.5,
                "bottom": 210.5
            }
        },
        {
            "unicode": 84,
            "advance": 0.58499999999999996,
            "planeBounds": {
                "left": -0.018421286031042108,
                "top": -0.75388026607538805,
                "right": 0.60242128603104217,
                "bottom": 0.044345898004434586
            },
            "atlasBounds": {
                "left": 39.5,
                "top": 257.5,
                "right": 74.5,
                "bottom": 302.5
            }
        },
        {
            "unicode": 85,
            "advance": 0.75600000000000001,
            "planeBounds": {
                "left": 0.040971175166297162,
                "top": -0.75388026607538805,
                "right": 0.71502882483370289,
                "bottom": 0.062084257206208429
            },
            "atlasBounds": {
                "left": 330.5,
                "top": 163.5,
                "right": 368.5,
                "bottom": 209.5
            }
        },
        {
            "unicode": 86,
            "advance": 0.67000000000000004,
            "planeBounds": {
                "left": -0.037505543237250541,
                "top": -0.75388026607538805,
                "right": 0.70750554323725057,
                "bottom": 0.044345898004434586
            },
            "atlasBounds": {
                "left": 75.5,
                "top": 257.5,
                "right": 117.5,
                "bottom": 302.5
            }
        },
        {
            "unicode": 87,
            "advance": 1,
            "planeBounds": {
                "left": -0.032150776053215042,
                "top": -0.75388026607538805,
                "right": 1.0321507760532151,
                "bottom": 0.044345898004434586
            },
            "atlasBounds": {
                "left": 118.5,
                "top": 257.5,
                "right": 178.5,
                "bottom": 302.5
            }
        },
        {
            "unicode": 88,
            "advance": 0.69300000000000006,
            "planeBounds": {
                "left": -0.035374722838137418,
                "top": -0.75388026607538805,
                "right": 0.72737472283813764,
                "bottom": 0.044345898004434586
            },
            "atlasBounds": {
                "left": 179.5,
                "top": 257.5,
                "right": 222.5,
                "bottom": 302.5
            }
        },
        {
            "unicode": 89,
            "advance": 0.64200000000000002,
            "planeBounds": {
                "left": -0.042636363636363604,
                "top": -0.75388026607538805,
                "right": 0.6846363636363636,
                "bottom": 0.044345898004434586
            },
            "atlasBounds": {
                "left": 223.5,
                "top": 257.5,
                "right": 264.5,
                "bottom": 302.5
            }
        },
        {
            "unicode": 90,
            "advance": 0.59399999999999997,
            "planeBounds": {
                "left": -0.01242128603104212,
                "top": -0.75388026607538805,
                "right": 0.60842128603104217,
                "bottom": 0.044345898004434586
            },
            "atlasBounds": {
                "left": 265.5,
                "top": 257.5,
                "right": 300.5,
                "bottom": 302.5
            }
        },
        {
            "unicode": 91,
            "advance": 0.32800000000000001,
            "planeBounds": {
                "left": 0.024354767184035488,
                "top": -0.77161862527716185,
                "right": 0.3436452328159646,
                "bottom": 0.2039911308203991
            },
            "atlasBounds": {
                "left": 146.5,
                "top": 0.5,
                "right": 164.5,
                "bottom": 55.5
            }
        },
        {
            "unicode": 93,
            "advance": 0.32800000000000001,
            "planeBounds": {
                "left": -0.01564523281596451,
                "top": -0.77161862527716185,
                "right": 0.30364523281596456,
                "bottom": 0.2039911308203991
            },
            "atlasBounds": {
                "left": 165.5,
                "top": 0.5,
                "right": 183.5,
                "bottom": 55.5
            }
        },
        {
            "unicode": 94,
            "advance": 0.55000000000000004,
            "planeBounds": {
                "left": -0.033921286031042101,
                "top": -0.75388026607538805,
                "right": 0.58692128603104221,
                "bottom": -0.20399113082039913
            },
            "atlasBounds": {
                "left": 228.5,
                "top": 458.5,
                "right": 263.5,
                "bottom": 489.5
            }
        },
        {
            "unicode": 95,
            "advance": 0.45200000000000001,
            "planeBounds": {
                "left": -0.040075388026607504,
                "top": 0.026607538802660743,
                "right": 0.49207538802660761,
                "bottom": 0.22172949002217293
            },
            "atlasBounds": {
                "left": 316.5,
                "top": 495.5,
                "right": 346.5,
                "bottom": 506.5
            }
        },
        {
            "unicode": 96,
            "advance": 0.38800000000000001,
            "planeBounds": {
                "left": -0.0011219512195121783,
                "top": -0.80709534368070945,
                "right": 0.38912195121951221,
                "bottom": -0.55875831485587579
            },
            "atlasBounds": {
                "left": 240.5,
                "top": 495.5,
                "right": 262.5,
                "bottom": 509.5
            }
        },
        {
            "unicode": 97,
            "advance": 0.61299999999999999,
            "planeBounds": {
                "left": -0.0016829268292682577,
                "top": -0.61197339246119731,
                "right": 0.58368292682926837,
                "bottom": 0.062084257206208429
            },
            "atlasBounds": {
                "left": 151.5,
                "top": 343.5,
                "right": 184.5,
                "bottom": 381.5
            }
        },
        {
            "unicode": 98,
            "advance": 0.63800000000000001,
            "planeBounds": {
                "left": 0.031447893569844815,
                "top": -0.80709534368070945,
                "right": 0.63455210643015525,
                "bottom": 0.062084257206208429
            },
            "atlasBounds": {
                "left": 170.5,
                "top": 63.5,
                "right": 204.5,
                "bottom": 112.5
            }
        },
        {
            "unicode": 99,
            "advance": 0.52600000000000002,
            "planeBounds": {
                "left": 0.0044246119733924909,
                "top": -0.61197339246119731,
                "right": 0.53657538802660765,
                "bottom": 0.062084257206208429
            },
            "atlasBounds": {
                "left": 185.5,
                "top": 343.5,
                "right": 215.5,
                "bottom": 381.5
            }
        },
        {
            "unicode": 100,
            "advance": 0.63800000000000001,
            "planeBounds": {
                "left": 0.0029478935698447942,
                "top": -0.80709534368070945,
                "right": 0.60605210643015528,
                "bottom": 0.062084257206208429
            },
            "atlasBounds": {
                "left": 231.5,
                "top": 63.5,
                "right": 265.5,
                "bottom": 112.5
            }
        },
        {
            "unicode": 101,
            "advance": 0.60299999999999998,
            "planeBounds": {
                "left": 0.00094789356984482432,
                "top": -0.61197339246119731,
                "right": 0.60405210643015528,
                "bottom": 0.062084257206208429
            },
            "atlasBounds": {
                "left": 216.5,
                "top": 343.5,
                "right": 250.5,
                "bottom": 381.5
            }
        },
        {
            "unicode": 102,
            "advance": 0.39900000000000002,
            "planeBounds": {
                "left": -0.020337028824833674,
                "top": -0.80709534368070945,
                "right": 0.47633702882483375,
                "bottom": 0.044345898004434586
            },
            "atlasBounds": {
                "left": 447.5,
                "top": 63.5,
                "right": 475.5,
                "bottom": 111.5
            }
        },
        {
            "unicode": 103,
            "advance": 0.63800000000000001,
            "planeBounds": {
                "left": 0.0029478935698447942,
                "top": -0.61197339246119742,
                "right": 0.60605210643015528,
                "bottom": 0.29268292682926833
            },
            "atlasBounds": {
                "left": 344.5,
                "top": 0.5,
                "right": 378.5,
                "bottom": 51.5
            }
        },
        {
            "unicode": 104,
            "advance": 0.66300000000000003,
            "planeBounds": {
                "left": 0.030947893569844794,
                "top": -0.80709534368070945,
                "right": 0.6340521064301553,
                "bottom": 0.044345898004434586
            },
            "atlasBounds": {
                "left": 0.5,
                "top": 114.5,
                "right": 34.5,
                "bottom": 162.5
            }
        },
        {
            "unicode": 105,
            "advance": 0.314,
            "planeBounds": {
                "left": 0.024462305986696249,
                "top": -0.80709534368070945,
                "right": 0.29053769401330382,
                "bottom": 0.044345898004434586
            },
            "atlasBounds": {
                "left": 35.5,
                "top": 114.5,
                "right": 50.5,
                "bottom": 162.5
            }
        },
        {
            "unicode": 106,
            "advance": 0.314,
            "planeBounds": {
                "left": -0.10012195121951216,
                "top": -0.80709534368070968,
                "right": 0.29012195121951229,
                "bottom": 0.29268292682926833
            },
            "atlasBounds": {
                "left": 0.5,
                "top": 0.5,
                "right": 22.5,
                "bottom": 62.5
            }
        },
        {
            "unicode": 107,
            "advance": 0.63800000000000001,
            "planeBounds": {
                "left": 0.035709534368070978,
                "top": -0.80709534368070945,
                "right": 0.67429046563192918,
                "bottom": 0.044345898004434586
            },
            "atlasBounds": {
                "left": 51.5,
                "top": 114.5,
                "right": 87.5,
                "bottom": 162.5
            }
        },
        {
            "unicode": 108,
            "advance": 0.313,
            "planeBounds": {
                "left": 0.032331485587583163,
                "top": -0.80709534368070945,
                "right": 0.28066851441241686,
                "bottom": 0.044345898004434586
            },
            "atlasBounds": {
                "left": 88.5,
                "top": 114.5,
                "right": 102.5,
                "bottom": 162.5
            }
        },
        {
            "unicode": 109,
            "advance": 0.98999999999999999,
            "planeBounds": {
                "left": 0.034802660753880305,
                "top": -0.61197339246119731,
                "right": 0.95719733924611983,
                "bottom": 0.044345898004434586
            },
            "atlasBounds": {
                "left": 355.5,
                "top": 382.5,
                "right": 407.5,
                "bottom": 419.5
            }
        },
        {
            "unicode": 110,
            "advance": 0.66300000000000003,
            "planeBounds": {
                "left": 0.030947893569844794,
                "top": -0.61197339246119731,
                "right": 0.6340521064301553,
                "bottom": 0.044345898004434586
            },
            "atlasBounds": {
                "left": 249.5,
                "top": 382.5,
                "right": 283.5,
                "bottom": 419.5
            }
        },
        {
            "unicode": 111,
            "advance": 0.627,
            "planeBounds": {
                "left": 0.0030787139689578708,
                "top": -0.61197339246119731,
                "right": 0.62392128603104224,
                "bottom": 0.062084257206208429
            },
            "atlasBounds": {
                "left": 371.5,
                "top": 303.5,
                "right": 406.5,
                "bottom": 341.5
            }
        },
        {
            "unicode": 112,
            "advance": 0.63800000000000001,
            "planeBounds": {
                "left": 0.031447893569844815,
                "top": -0.61197339246119742,
                "right": 0.63455210643015525,
                "bottom": 0.29268292682926833
            },
            "atlasBounds": {
                "left": 379.5,
                "top": 0.5,
                "right": 413.5,
                "bottom": 51.5
            }
        },
        {
            "unicode": 113,
            "advance": 0.63800000000000001,
            "planeBounds": {
                "left": 0.0029478935698447942,
                "top": -0.61197339246119742,
                "right": 0.60605210643015528,
                "bottom": 0.29268292682926833
            },
            "atlasBounds": {
                "left": 414.5,
                "top": 0.5,
                "right": 448.5,
                "bottom": 51.5
            }
        },
        {
            "unicode": 114,
            "advance": 0.46100000000000002,
            "planeBounds": {
                "left": 0.027901330376940151,
                "top": -0.61197339246119731,
                "right": 0.48909866962305992,
                "bottom": 0.044345898004434586
            },
            "atlasBounds": {
                "left": 391.5,
                "top": 343.5,
                "right": 417.5,
                "bottom": 380.5
            }
        },
        {
            "unicode": 115,
            "advance": 0.50600000000000001,
            "planeBounds": {
                "left": 0.0071629711751663248,
                "top": -0.61197339246119731,
                "right": 0.50383702882483372,
                "bottom": 0.062084257206208429
            },
            "atlasBounds": {
                "left": 236.5,
                "top": 303.5,
                "right": 264.5,
                "bottom": 341.5
            }
        },
        {
            "unicode": 116,
            "advance": 0.44600000000000001,
            "planeBounds": {
                "left": -0.011598669623059851,
                "top": -0.70066518847006654,
                "right": 0.44959866962305989,
                "bottom": 0.062084257206208429
            },
            "atlasBounds": {
                "left": 318.5,
                "top": 257.5,
                "right": 344.5,
                "bottom": 300.5
            }
        },
        {
            "unicode": 117,
            "advance": 0.66300000000000003,
            "planeBounds": {
                "left": 0.028947893569844795,
                "top": -0.5942350332594234,
                "right": 0.6320521064301553,
                "bottom": 0.062084257206208429
            },
            "atlasBounds": {
                "left": 322.5,
                "top": 343.5,
                "right": 356.5,
                "bottom": 380.5
            }
        },
        {
            "unicode": 118,
            "advance": 0.58799999999999997,
            "planeBounds": {
                "left": -0.043028824833702836,
                "top": -0.59423503325942351,
                "right": 0.63102882483370282,
                "bottom": 0.044345898004434586
            },
            "atlasBounds": {
                "left": 37.5,
                "top": 420.5,
                "right": 75.5,
                "bottom": 456.5
            }
        },
        {
            "unicode": 119,
            "advance": 0.88100000000000001,
            "planeBounds": {
                "left": -0.0295665188470066,
                "top": -0.59423503325942351,
                "right": 0.91056651884700668,
                "bottom": 0.044345898004434586
            },
            "atlasBounds": {
                "left": 230.5,
                "top": 420.5,
                "right": 283.5,
                "bottom": 456.5
            }
        },
        {
            "unicode": 120,
            "advance": 0.60199999999999998,
            "planeBounds": {
                "left": -0.036028824833702865,
                "top": -0.59423503325942351,
                "right": 0.63802882483370282,
                "bottom": 0.044345898004434586
            },
            "atlasBounds": {
                "left": 284.5,
                "top": 420.5,
                "right": 322.5,
                "bottom": 456.5
            }
        },
        {
            "unicode": 121,
            "advance": 0.58799999999999997,
            "planeBounds": {
                "left": -0.043028824833702836,
                "top": -0.59423503325942351,
                "right": 0.63102882483370282,
                "bottom": 0.29268292682926833
            },
            "atlasBounds": {
                "left": 51.5,
                "top": 63.5,
                "right": 89.5,
                "bottom": 113.5
            }
        },
        {
            "unicode": 122,
            "advance": 0.497,
            "planeBounds": {
                "left": -0.0097062084257205812,
                "top": -0.59423503325942351,
                "right": 0.50470620842572067,
                "bottom": 0.044345898004434586
            },
            "atlasBounds": {
                "left": 401.5,
                "top": 420.5,
                "right": 430.5,
                "bottom": 456.5
            }
        },
        {
            "unicode": 123,
            "advance": 0.41200000000000003,
            "planeBounds": {
                "left": -0.013860310421286003,
                "top": -0.77161862527716185,
                "right": 0.41186031042128607,
                "bottom": 0.2039911308203991
            },
            "atlasBounds": {
                "left": 184.5,
                "top": 0.5,
                "right": 208.5,
                "bottom": 55.5
            }
        },
        {
            "unicode": 124,
            "advance": 0.53200000000000003,
            "planeBounds": {
                "left": 0.16843902439024394,
                "top": -0.80709534368070968,
                "right": 0.36356097560975614,
                "bottom": 0.27494456762749447
            },
            "atlasBounds": {
                "left": 23.5,
                "top": 0.5,
                "right": 34.5,
                "bottom": 61.5
            }
        },
        {
            "unicode": 125,
            "advance": 0.41200000000000003,
            "planeBounds": {
                "left": 0.00013968957871399645,
                "top": -0.77161862527716185,
                "right": 0.42586031042128603,
                "bottom": 0.2039911308203991
            },
            "atlasBounds": {
                "left": 209.5,
                "top": 0.5,
                "right": 233.5,
                "bottom": 55.5
            }
        },
        {
            "unicode": 126,
            "advance": 0.57799999999999996,
            "planeBounds": {
                "left": 0.0051862527716186671,
                "top": -0.48780487804878042,
                "right": 0.57281374722838141,
                "bottom": -0.22172949002217293
            },
            "atlasBounds": {
                "left": 143.5,
                "top": 495.5,
                "right": 175.5,
                "bottom": 510.5
            }
        },
        {
            "unicode": 3585,
            "advance": 0.63600000000000001,
            "planeBounds": {
                "left": 0.011947893569844825,
                "top": -0.61197339246119731,
                "right": 0.61505210643015529,
                "bottom": 0.044345898004434586
            },
            "atlasBounds": {
                "left": 287.5,
                "top": 343.5,
                "right": 321.5,
                "bottom": 380.5
            }
        },
        {
            "unicode": 3586,
            "advance": 0.60499999999999998,
            "planeBounds": {
                "left": -0.0021829268292682526,
                "top": -0.5942350332594234,
                "right": 0.58318292682926831,
                "bottom": 0.062084257206208429
            },
            "atlasBounds": {
                "left": 357.5,
                "top": 343.5,
                "right": 390.5,
                "bottom": 380.5
            }
        },
        {
            "unicode": 3587,
            "advance": 0.61499999999999999,
            "planeBounds": {
                "left": -0.0080521064301551613,
                "top": -0.5942350332594234,
                "right": 0.59505210643015527,
                "bottom": 0.062084257206208429
            },
            "atlasBounds": {
                "left": 146.5,
                "top": 382.5,
                "right": 180.5,
                "bottom": 419.5
            }
        },
        {
            "unicode": 3588,
            "advance": 0.65400000000000003,
            "planeBounds": {
                "left": 0.025447893569844789,
                "top": -0.61197339246119731,
                "right": 0.62855210643015524,
                "bottom": 0.044345898004434586
            },
            "atlasBounds": {
                "left": 39.5,
                "top": 382.5,
                "right": 73.5,
                "bottom": 419.5
            }
        },
        {
            "unicode": 3589,
            "advance": 0.66800000000000004,
            "planeBounds": {
                "left": 0.023078713968957873,
                "top": -0.61197339246119731,
                "right": 0.64392128603104226,
                "bottom": 0.044345898004434586
            },
            "atlasBounds": {
                "left": 74.5,
                "top": 382.5,
                "right": 109.5,
                "bottom": 419.5
            }
        },
        {
            "unicode": 3590,
            "advance": 0.65100000000000002,
            "planeBounds": {
                "left": 0.0030787139689578886,
                "top": -0.5942350332594234,
                "right": 0.62392128603104224,
                "bottom": 0.062084257206208429
            },
            "atlasBounds": {
                "left": 110.5,
                "top": 382.5,
                "right": 145.5,
                "bottom": 419.5
            }
        },
        {
            "unicode": 3591,
            "advance": 0.57899999999999996,
            "planeBounds": {
                "left": -0.037921286031042133,
                "top": -0.59423503325942351,
                "right": 0.58292128603104221,
                "bottom": 0.044345898004434586
            },
            "atlasBounds": {
                "left": 466.5,
                "top": 420.5,
                "right": 501.5,
                "bottom": 456.5
            }
        },
        {
            "unicode": 3592,
            "advance": 0.56600000000000006,
            "planeBounds": {
                "left": -0.0013137472283813575,
                "top": -0.61197339246119731,
                "right": 0.56631374722838146,
                "bottom": 0.044345898004434586
            },
            "atlasBounds": {
                "left": 181.5,
                "top": 382.5,
                "right": 213.5,
                "bottom": 419.5
            }
        },
        {
            "unicode": 3593,
            "advance": 0.628,
            "planeBounds": {
                "left": 0.034186252771618658,
                "top": -0.61197339246119731,
                "right": 0.60181374722838143,
                "bottom": 0.062084257206208429
            },
            "atlasBounds": {
                "left": 118.5,
                "top": 343.5,
                "right": 150.5,
                "bottom": 381.5
            }
        },
        {
            "unicode": 3594,
            "advance": 0.61299999999999999,
            "planeBounds": {
                "left": 0.0019478935698448278,
                "top": -0.5942350332594234,
                "right": 0.60505210643015528,
                "bottom": 0.062084257206208429
            },
            "atlasBounds": {
                "left": 320.5,
                "top": 382.5,
                "right": 354.5,
                "bottom": 419.5
            }
        },
        {
            "unicode": 3595,
            "advance": 0.61599999999999999,
            "planeBounds": {
                "left": -0.0079212860310420852,
                "top": -0.5942350332594234,
                "right": 0.61292128603104223,
                "bottom": 0.062084257206208429
            },
            "atlasBounds": {
                "left": 251.5,
                "top": 343.5,
                "right": 286.5,
                "bottom": 380.5
            }
        },
        {
            "unicode": 3596,
            "advance": 0.93400000000000005,
            "planeBounds": {
                "left": 0.0076718403547672391,
                "top": -0.61197339246119731,
                "right": 0.91232815964523284,
                "bottom": 0.062084257206208429
            },
            "atlasBounds": {
                "left": 34.5,
                "top": 343.5,
                "right": 85.5,
                "bottom": 381.5
            }
        },
        {
            "unicode": 3597,
            "advance": 0.94600000000000006,
            "planeBounds": {
                "left": 0.0086718403547672244,
                "top": -0.61197339246119731,
                "right": 0.91332815964523284,
                "bottom": 0.23946784922394679
            },
            "atlasBounds": {
                "left": 103.5,
                "top": 114.5,
                "right": 154.5,
                "bottom": 162.5
            }
        },
        {
            "unicode": 3598,
            "advance": 0.64600000000000002,
            "planeBounds": {
                "left": -0.017790465631929018,
                "top": -0.61197339246119742,
                "right": 0.62079046563192919,
                "bottom": 0.25720620842572062
            },
            "atlasBounds": {
                "left": 266.5,
                "top": 63.5,
                "right": 302.5,
                "bottom": 112.5
            }
        },
        {
            "unicode": 3599,
            "advance": 0.64600000000000002,
            "planeBounds": {
                "left": -0.017790465631929018,
                "top": -0.61197339246119742,
                "right": 0.62079046563192919,
                "bottom": 0.25720620842572062
            },
            "atlasBounds": {
                "left": 303.5,
                "top": 63.5,
                "right": 339.5,
                "bottom": 112.5
            }
        },
        {
            "unicode": 3600,
            "advance": 0.57799999999999996,
            "planeBounds": {
                "left": -0.0020521064301552059,
                "top": -0.62971175166297122,
                "right": 0.60105210643015528,
                "bottom": 0.25720620842572062
            },
            "atlasBounds": {
                "left": 90.5,
                "top": 63.5,
                "right": 124.5,
                "bottom": 113.5
            }
        },
        {
            "unicode": 3601,
            "advance": 0.65600000000000003,
            "planeBounds": {
                "left": -0.0052904656319290155,
                "top": -0.59423503325942351,
                "right": 0.63329046563192914,
                "bottom": 0.044345898004434586
            },
            "atlasBounds": {
                "left": 161.5,
                "top": 420.5,
                "right": 197.5,
                "bottom": 456.5
            }
        },
        {
            "unicode": 3602,
            "advance": 0.95400000000000007,
            "planeBounds": {
                "left": 0.01030266075388033,
                "top": -0.5942350332594234,
                "right": 0.93269733924611975,
                "bottom": 0.062084257206208429
            },
            "atlasBounds": {
                "left": 434.5,
                "top": 382.5,
                "right": 486.5,
                "bottom": 419.5
            }
        },
        {
            "unicode": 3603,
            "advance": 0.94600000000000006,
            "planeBounds": {
                "left": 0.0086718403547672244,
                "top": -0.61197339246119731,
                "right": 0.91332815964523284,
                "bottom": 0.062084257206208429
            },
            "atlasBounds": {
                "left": 442.5,
                "top": 303.5,
                "right": 493.5,
                "bottom": 341.5
            }
        },
        {
            "unicode": 3604,
            "advance": 0.63900000000000001,
            "planeBounds": {
                "left": 0.0064478935698448082,
                "top": -0.61197339246119731,
                "right": 0.60955210643015534,
                "bottom": 0.062084257206208429
            },
            "atlasBounds": {
                "left": 407.5,
                "top": 303.5,
                "right": 441.5,
                "bottom": 341.5
            }
        },
        {
            "unicode": 3605,
            "advance": 0.65900000000000003,
            "planeBounds": {
                "left": 0.010078713968957875,
                "top": -0.5942350332594234,
                "right": 0.63092128603104225,
                "bottom": 0.062084257206208429
            },
            "atlasBounds": {
                "left": 284.5,
                "top": 382.5,
                "right": 319.5,
                "bottom": 419.5
            }
        },
        {
            "unicode": 3606,
            "advance": 0.63100000000000001,
            "planeBounds": {
                "left": 0.0069478935698448242,
                "top": -0.61197339246119731,
                "right": 0.61005210643015528,
                "bottom": 0.062084257206208429
            },
            "atlasBounds": {
                "left": 336.5,
                "top": 303.5,
                "right": 370.5,
                "bottom": 341.5
            }
        },
        {
            "unicode": 3607,
            "advance": 0.65300000000000002,
            "planeBounds": {
                "left": 0.029447893569844803,
                "top": -0.59423503325942351,
                "right": 0.63255210643015525,
                "bottom": 0.044345898004434586
            },
            "atlasBounds": {
                "left": 431.5,
                "top": 420.5,
                "right": 465.5,
                "bottom": 456.5
            }
        },
        {
            "unicode": 3608,
            "advance": 0.56200000000000006,
            "planeBounds": {
                "left": 0.0016862527716186406,
                "top": -0.61197339246119731,
                "right": 0.56931374722838146,
                "bottom": 0.062084257206208429
            },
            "atlasBounds": {
                "left": 265.5,
                "top": 303.5,
                "right": 297.5,
                "bottom": 341.5
            }
        },
        {
            "unicode": 3609,
            "advance": 0.65400000000000003,
            "planeBounds": {
                "left": 0.020447893569844802,
                "top": -0.5942350332594234,
                "right": 0.62355210643015524,
                "bottom": 0.062084257206208429
            },
            "atlasBounds": {
                "left": 477.5,
                "top": 211.5,
                "right": 511.5,
                "bottom": 248.5
            }
        },
        {
            "unicode": 3610,
            "advance": 0.64100000000000001,
            "planeBounds": {
                "left": 0.027817073170731704,
                "top": -0.5942350332594234,
                "right": 0.61318292682926834,
                "bottom": 0.062084257206208429
            },
            "atlasBounds": {
                "left": 453.5,
                "top": 343.5,
                "right": 486.5,
                "bottom": 380.5
            }
        },
        {
            "unicode": 3611,
            "advance": 0.64300000000000002,
            "planeBounds": {
                "left": 0.027817073170731704,
                "top": -0.78935698447893565,
                "right": 0.61318292682926834,
                "bottom": 0.062084257206208429
            },
            "atlasBounds": {
                "left": 155.5,
                "top": 114.5,
                "right": 188.5,
                "bottom": 162.5
            }
        },
        {
            "unicode": 3612,
            "advance": 0.69100000000000006,
            "planeBounds": {
                "left": 0.033078713968957875,
                "top": -0.59423503325942351,
                "right": 0.65392128603104216,
                "bottom": 0.044345898004434586
            },
            "atlasBounds": {
                "left": 125.5,
                "top": 420.5,
                "right": 160.5,
                "bottom": 456.5
            }
        },
        {
            "unicode": 3613,
            "advance": 0.69200000000000006,
            "planeBounds": {
                "left": 0.033078713968957875,
                "top": -0.78935698447893576,
                "right": 0.65392128603104216,
                "bottom": 0.044345898004434586
            },
            "atlasBounds": {
                "left": 153.5,
                "top": 163.5,
                "right": 188.5,
                "bottom": 210.5
            }
        },
        {
            "unicode": 3614,
            "advance": 0.73699999999999999,
            "planeBounds": {
                "left": -0.012874722838137471,
                "top": -0.59423503325942351,
                "right": 0.7498747228381375,
                "bottom": 0.044345898004434586
            },
            "atlasBounds": {
                "left": 323.5,
                "top": 420.5,
                "right": 366.5,
                "bottom": 456.5
            }
        },
        {
            "unicode": 3615,
            "advance": 0.72899999999999998,
            "planeBounds": {
                "left": -0.01374390243902438,
                "top": -0.78935698447893576,
                "right": 0.76674390243902446,
                "bottom": 0.044345898004434586
            },
            "atlasBounds": {
                "left": 189.5,
                "top": 163.5,
                "right": 233.5,
                "bottom": 210.5
            }
        },
        {
            "unicode": 3616,
            "advance": 0.64600000000000002,
            "planeBounds": {
                "left": -0.017790465631929018,
                "top": -0.61197339246119731,
                "right": 0.62079046563192919,
                "bottom": 0.062084257206208429
            },
            "atlasBounds": {
                "left": 164.5,
                "top": 303.5,
                "right": 200.5,
                "bottom": 341.5
            }
        },
        {
            "unicode": 3617,
            "advance": 0.65400000000000003,
            "planeBounds": {
                "left": 0.030447893569844803,
                "top": -0.5942350332594234,
                "right": 0.63355210643015525,
                "bottom": 0.062084257206208429
            },
            "atlasBounds": {
                "left": 418.5,
                "top": 343.5,
                "right": 452.5,
                "bottom": 380.5
            }
        },
        {
            "unicode": 3618,
            "advance": 0.629,
            "planeBounds": {
                "left": 0.0044478935698447995,
                "top": -0.5942350332594234,
                "right": 0.60755210643015534,
                "bottom": 0.062084257206208429
            },
            "atlasBounds": {
                "left": 214.5,
                "top": 382.5,
                "right": 248.5,
                "bottom": 419.5
            }
        },
        {
            "unicode": 3619,
            "advance": 0.52600000000000002,
            "planeBounds": {
                "left": -0.012944567627494413,
                "top": -0.61197339246119731,
                "right": 0.53694456762749454,
                "bottom": 0.062084257206208429
            },
            "atlasBounds": {
                "left": 86.5,
                "top": 343.5,
                "right": 117.5,
                "bottom": 381.5
            }
        },
        {
            "unicode": 3620,
            "advance": 0.63100000000000001,
            "planeBounds": {
                "left": 0.0069478935698448242,
                "top": -0.61197339246119742,
                "right": 0.61005210643015528,
                "bottom": 0.25720620842572062
            },
            "atlasBounds": {
                "left": 340.5,
                "top": 63.5,
                "right": 374.5,
                "bottom": 112.5
            }
        },
        {
            "unicode": 3621,
            "advance": 0.60599999999999998,
            "planeBounds": {
                "left": -0.0051829268292682487,
                "top": -0.61197339246119731,
                "right": 0.58018292682926842,
                "bottom": 0.062084257206208429
            },
            "atlasBounds": {
                "left": 0.5,
                "top": 343.5,
                "right": 33.5,
                "bottom": 381.5
            }
        },
        {
            "unicode": 3622,
            "advance": 0.64600000000000002,
            "planeBounds": {
                "left": -0.017790465631929018,
                "top": -0.61197339246119742,
                "right": 0.62079046563192919,
                "bottom": 0.25720620842572062
            },
            "atlasBounds": {
                "left": 375.5,
                "top": 63.5,
                "right": 411.5,
                "bottom": 112.5
            }
        },
        {
            "unicode": 3623,
            "advance": 0.52000000000000002,
            "planeBounds": {
                "left": -0.011075388026607508,
                "top": -0.61197339246119731,
                "right": 0.52107538802660758,
                "bottom": 0.062084257206208429
            },
            "atlasBounds": {
                "left": 481.5,
                "top": 163.5,
                "right": 511.5,
                "bottom": 201.5
            }
        },
        {
            "unicode": 3624,
            "advance": 0.66700000000000004,
            "planeBounds": {
                "left": 0.021840354767184079,
                "top": -0.62971175166297111,
                "right": 0.67815964523281591,
                "bottom": 0.044345898004434586
            },
            "atlasBounds": {
                "left": 298.5,
                "top": 303.5,
                "right": 335.5,
                "bottom": 341.5
            }
        },
        {
            "unicode": 3625,
            "advance": 0.68400000000000005,
            "planeBounds": {
                "left": 0.020471175166297144,
                "top": -0.5942350332594234,
                "right": 0.69452882483370282,
                "bottom": 0.062084257206208429
            },
            "atlasBounds": {
                "left": 0.5,
                "top": 382.5,
                "right": 38.5,
                "bottom": 419.5
            }
        },
        {
            "unicode": 3626,
            "advance": 0.60999999999999999,
            "planeBounds": {
                "left": -0.010290465631929034,
                "top": -0.62971175166297111,
                "right": 0.62829046563192914,
                "bottom": 0.062084257206208429
            },
            "atlasBounds": {
                "left": 457.5,
                "top": 257.5,
                "right": 493.5,
                "bottom": 296.5
            }
        },
        {
            "unicode": 3627,
            "advance": 0.63200000000000001,
            "planeBounds": {
                "left": 0.035817073170731739,
                "top": -0.59423503325942351,
                "right": 0.62118292682926834,
                "bottom": 0.044345898004434586
            },
            "atlasBounds": {
                "left": 367.5,
                "top": 420.5,
                "right": 400.5,
                "bottom": 456.5
            }
        },
        {
            "unicode": 3628,
            "advance": 0.72099999999999997,
            "planeBounds": {
                "left": -0.01274390243902433,
                "top": -0.75388026607538805,
                "right": 0.76774390243902457,
                "bottom": 0.044345898004434586
            },
            "atlasBounds": {
                "left": 436.5,
                "top": 163.5,
                "right": 480.5,
                "bottom": 208.5
            }
        },
        {
            "unicode": 3629,
            "advance": 0.59799999999999998,
            "planeBounds": {
                "left": -0.0010521064301551757,
                "top": -0.61197339246119731,
                "right": 0.60205210643015528,
                "bottom": 0.062084257206208429
            },
            "atlasBounds": {
                "left": 201.5,
                "top": 303.5,
                "right": 235.5,
                "bottom": 341.5
            }
        },
        {
            "unicode": 3630,
            "advance": 0.60599999999999998,
            "planeBounds": {
                "left": 0.001578713968957894,
                "top": -0.62971175166297111,
                "right": 0.62242128603104219,
                "bottom": 0.062084257206208429
            },
            "atlasBounds": {
                "left": 345.5,
                "top": 257.5,
                "right": 380.5,
                "bottom": 296.5
            }
        },
        {
            "unicode": 3631,
            "advance": 0.54900000000000004,
            "planeBounds": {
                "left": -0.028944567627494443,
                "top": -0.59423503325942351,
                "right": 0.52094456762749453,
                "bottom": 0.044345898004434586
            },
            "atlasBounds": {
                "left": 198.5,
                "top": 420.5,
                "right": 229.5,
                "bottom": 456.5
            }
        },
        {
            "unicode": 3632,
            "advance": 0.36199999999999999,
            "planeBounds": {
                "left": 0.00061640798226165756,
                "top": -0.54101995565410199,
                "right": 0.35538359201773834,
                "bottom": 0.008869179600886918
            },
            "atlasBounds": {
                "left": 264.5,
                "top": 458.5,
                "right": 284.5,
                "bottom": 489.5
            }
        },
        {
            "unicode": 3633,
            "advance": 0,
            "planeBounds": {
                "left": -0.39559866962305984,
                "top": -0.84257206208425717,
                "right": 0.065598669623059894,
                "bottom": -0.57649667405764971
            },
            "atlasBounds": {
                "left": 116.5,
                "top": 495.5,
                "right": 142.5,
                "bottom": 510.5
            }
        },
        {
            "unicode": 3634,
            "advance": 0.44700000000000001,
            "planeBounds": {
                "left": -0.017229490022172913,
                "top": -0.61197339246119731,
                "right": 0.42622949002217297,
                "bottom": 0.044345898004434586
            },
            "atlasBounds": {
                "left": 408.5,
                "top": 382.5,
                "right": 433.5,
                "bottom": 419.5
            }
        },
        {
            "unicode": 3635,
            "advance": 0.44700000000000001,
            "planeBounds": {
                "left": -0.35574390243902437,
                "top": -0.84257206208425717,
                "right": 0.42474390243902443,
                "bottom": 0.044345898004434586
            },
            "atlasBounds": {
                "left": 125.5,
                "top": 63.5,
                "right": 169.5,
                "bottom": 113.5
            }
        },
        {
            "unicode": 3636,
            "advance": 0,
            "planeBounds": {
                "left": -0.58394456762749436,
                "top": -0.77161862527716185,
                "right": -0.034055432372505495,
                "bottom": -0.57649667405764971
            },
            "atlasBounds": {
                "left": 284.5,
                "top": 495.5,
                "right": 315.5,
                "bottom": 506.5
            }
        },
        {
            "unicode": 3637,
            "advance": 0,
            "planeBounds": {
                "left": -0.58394456762749436,
                "top": -0.84257206208425717,
                "right": -0.034055432372505495,
                "bottom": -0.57649667405764971
            },
            "atlasBounds": {
                "left": 176.5,
                "top": 495.5,
                "right": 207.5,
                "bottom": 510.5
            }
        },
        {
            "unicode": 3638,
            "advance": 0,
            "planeBounds": {
                "left": -0.5798137472283813,
                "top": -0.86031042128603097,
                "right": -0.012186252771618569,
                "bottom": -0.57649667405764971
            },
            "atlasBounds": {
                "left": 63.5,
                "top": 495.5,
                "right": 95.5,
                "bottom": 511.5
            }
        },
        {
            "unicode": 3639,
            "advance": 0,
            "planeBounds": {
                "left": -0.58294456762749436,
                "top": -0.84257206208425717,
                "right": -0.033055432372505494,
                "bottom": -0.57649667405764971
            },
            "atlasBounds": {
                "left": 208.5,
                "top": 495.5,
                "right": 239.5,
                "bottom": 510.5
            }
        },
        {
            "unicode": 3640,
            "advance": 0,
            "planeBounds": {
                "left": -0.30353769401330372,
                "top": 0.026607538802660712,
                "right": -0.037462305986696212,
                "bottom": 0.31042128603104208
            },
            "atlasBounds": {
                "left": 0.5,
                "top": 495.5,
                "right": 15.5,
                "bottom": 511.5
            }
        },
        {
            "unicode": 3641,
            "advance": 0,
            "planeBounds": {
                "left": -0.47772949002217291,
                "top": 0.026607538802660712,
                "right": -0.034270509977827032,
                "bottom": 0.31042128603104208
            },
            "atlasBounds": {
                "left": 16.5,
                "top": 495.5,
                "right": 41.5,
                "bottom": 511.5
            }
        },
        {
            "unicode": 3642,
            "advance": 0,
            "planeBounds": {
                "left": -0.27766851441241686,
                "top": 0.0088691796008869232,
                "right": -0.029331485587583188,
                "bottom": 0.25720620842572062
            },
            "atlasBounds": {
                "left": 492.5,
                "top": 96.5,
                "right": 506.5,
                "bottom": 110.5
            }
        },
        {
            "unicode": 3647,
            "advance": 0.58299999999999996,
            "planeBounds": {
                "left": 0.020055432372505573,
                "top": -0.80709534368070956,
                "right": 0.56994456762749457,
                "bottom": 0.097560975609756087
            },
            "atlasBounds": {
                "left": 449.5,
                "top": 0.5,
                "right": 480.5,
                "bottom": 51.5
            }
        },
        {
            "unicode": 3648,
            "advance": 0.35199999999999998,
            "planeBounds": {
                "left": 0.036485587583148592,
                "top": -0.5942350332594234,
                "right": 0.37351441241685146,
                "bottom": 0.062084257206208429
            },
            "atlasBounds": {
                "left": 487.5,
                "top": 343.5,
                "right": 506.5,
                "bottom": 380.5
            }
        },
        {
            "unicode": 3649,
            "advance": 0.66900000000000004,
            "planeBounds": {
                "left": 0.044209534368070999,
                "top": -0.5942350332594234,
                "right": 0.68279046563192913,
                "bottom": 0.062084257206208429
            },
            "atlasBounds": {
                "left": 0.5,
                "top": 420.5,
                "right": 36.5,
                "bottom": 457.5
            }
        },
        {
            "unicode": 3650,
            "advance": 0.35899999999999999,
            "planeBounds": {
                "left": -0.02472949002217292,
                "top": -0.87804878048780488,
                "right": 0.41872949002217297,
                "bottom": 0.062084257206208429
            },
            "atlasBounds": {
                "left": 258.5,
                "top": 0.5,
                "right": 283.5,
                "bottom": 53.5
            }
        },
        {
            "unicode": 3651,
            "advance": 0.35000000000000003,
            "planeBounds": {
                "left": -0.017991130820399086,
                "top": -0.89578713968957868,
                "right": 0.38999113082039921,
                "bottom": 0.062084257206208429
            },
            "atlasBounds": {
                "left": 234.5,
                "top": 0.5,
                "right": 257.5,
                "bottom": 54.5
            }
        },
        {
            "unicode": 3652,
            "advance": 0.35599999999999998,
            "planeBounds": {
                "left": -0.038729490022172935,
                "top": -0.87804878048780488,
                "right": 0.40472949002217296,
                "bottom": 0.062084257206208429
            },
            "atlasBounds": {
                "left": 284.5,
                "top": 0.5,
                "right": 309.5,
                "bottom": 53.5
            }
        },
        {
            "unicode": 3653,
            "advance": 0.44700000000000001,
            "planeBounds": {
                "left": -0.017229490022172913,
                "top": -0.61197339246119742,
                "right": 0.42622949002217297,
                "bottom": 0.25720620842572062
            },
            "atlasBounds": {
                "left": 205.5,
                "top": 63.5,
                "right": 230.5,
                "bottom": 112.5
            }
        },
        {
            "unicode": 3654,
            "advance": 0.64900000000000002,
            "planeBounds": {
                "left": 0.017447893569844823,
                "top": -0.61197339246119742,
                "right": 0.62055210643015524,
                "bottom": 0.25720620842572062
            },
            "atlasBounds": {
                "left": 412.5,
                "top": 63.5,
                "right": 446.5,
                "bottom": 112.5
            }
        },
        {
            "unicode": 3655,
            "advance": 0,
            "planeBounds": {
                "left": -0.5225986696230599,
                "top": -0.91352549889135259,
                "right": -0.061401330376940171,
                "bottom": -0.57649667405764971
            },
            "atlasBounds": {
                "left": 392.5,
                "top": 458.5,
                "right": 418.5,
                "bottom": 477.5
            }
        },
        {
            "unicode": 3656,
            "advance": 0,
            "planeBounds": {
                "left": -0.27379933481152996,
                "top": -1.04578713968957868,
                "right": -0.043200665188470086,
                "bottom": -0.72649667405764971
            },
            "atlasBounds": {
                "left": 494.5,
                "top": 278.5,
                "right": 507.5,
                "bottom": 296.5
            }
        },
        {
            "unicode": 3657,
            "advance": 0,
            "planeBounds": {
                "left": -0.42749113082039908,
                "top": -1.04578713968957868,
                "right": -0.019508869179600822,
                "bottom": -0.72649667405764971
            },
            "atlasBounds": {
                "left": 487.5,
                "top": 382.5,
                "right": 510.5,
                "bottom": 400.5
            }
        },
        {
            "unicode": 3658,
            "advance": 0,
            "planeBounds": {
                "left": -0.50370620842572056,
                "top": -1.04578713968957868,
                "right": 0.01070620842572066,
                "bottom": -0.72649667405764971
            },
            "atlasBounds": {
                "left": 459.5,
                "top": 458.5,
                "right": 488.5,
                "bottom": 476.5
            }
        },
        {
            "unicode": 3659,
            "advance": 0,
            "planeBounds": {
                "left": -0.36138359201773834,
                "top": -1.04578713968957868,
                "right": -0.0066164079822616491,
                "bottom": -0.72649667405764971
            },
            "atlasBounds": {
                "left": 487.5,
                "top": 401.5,
                "right": 507.5,
                "bottom": 419.5
            }
        },
        {
            "unicode": 3660,
            "advance": 0,
            "planeBounds": {
                "left": -0.32838359201773837,
                "top": -0.99257206208425717,
                "right": 0.026383592017738353,
                "bottom": -0.70875831485587579
            },
            "atlasBounds": {
                "left": 42.5,
                "top": 495.5,
                "right": 62.5,
                "bottom": 511.5
            }
        },
        {
            "unicode": 3661,
            "advance": 0,
            "planeBounds": {
                "left": -0.35151441241685144,
                "top": -0.84257206208425717,
                "right": -0.014485587583148572,
                "bottom": -0.55875831485587579
            },
            "atlasBounds": {
                "left": 96.5,
                "top": 495.5,
                "right": 115.5,
                "bottom": 511.5
            }
        },
        {
            "unicode": 3662,
            "advance": 0,
            "planeBounds": {
                "left": -0.33238359201773837,
                "top": -0.86031042128603097,
                "right": 0.022383592017738353,
                "bottom": -0.55875831485587579
            },
            "atlasBounds": {
                "left": 489.5,
                "top": 458.5,
                "right": 509.5,
                "bottom": 475.5
            }
        },
        {
            "unicode": 3663,
            "advance": 0.65800000000000003,
            "planeBounds": {
                "left": 0.019078713968957908,
                "top": -0.50554323725055439,
                "right": 0.63992128603104226,
                "bottom": 0.062084257206208429
            },
            "atlasBounds": {
                "left": 476.5,
                "top": 63.5,
                "right": 511.5,
                "bottom": 95.5
            }
        },
        {
            "unicode": 3664,
            "advance": 0.56500000000000006,
            "planeBounds": {
                "left": -0.0013137472283813612,
                "top": -0.50554323725055439,
                "right": 0.56631374722838146,
                "bottom": 0.062084257206208429
            },
            "atlasBounds": {
                "left": 130.5,
                "top": 458.5,
                "right": 162.5,
                "bottom": 490.5
            }
        },
        {
            "unicode": 3665,
            "advance": 0.52800000000000002,
            "planeBounds": {
                "left": -0.0045753880266075127,
                "top": -0.50554323725055439,
                "right": 0.52757538802660764,
                "bottom": 0.062084257206208429
            },
            "atlasBounds": {
                "left": 99.5,
                "top": 458.5,
                "right": 129.5,
                "bottom": 490.5
            }
        },
        {
            "unicode": 3666,
            "advance": 0.65300000000000002,
            "planeBounds": {
                "left": 0.0067095343680709527,
                "top": -0.62971175166297111,
                "right": 0.64529046563192916,
                "bottom": 0.062084257206208429
            },
            "atlasBounds": {
                "left": 96.5,
                "top": 303.5,
                "right": 132.5,
                "bottom": 342.5
            }
        },
        {
            "unicode": 3667,
            "advance": 0.56700000000000006,
            "planeBounds": {
                "left": 0.0040554323725055762,
                "top": -0.50554323725055439,
                "right": 0.55394456762749456,
                "bottom": 0.062084257206208429
            },
            "atlasBounds": {
                "left": 163.5,
                "top": 458.5,
                "right": 194.5,
                "bottom": 490.5
            }
        },
        {
            "unicode": 3668,
            "advance": 0.53600000000000003,
            "planeBounds": {
                "left": -0.0010753880266075218,
                "top": -0.62971175166297111,
                "right": 0.53107538802660759,
                "bottom": 0.044345898004434586
            },
            "atlasBounds": {
                "left": 133.5,
                "top": 303.5,
                "right": 163.5,
                "bottom": 341.5
            }
        },
        {
            "unicode": 3669,
            "advance": 0.55700000000000005,
            "planeBounds": {
                "left": -0.001444567627494438,
                "top": -0.64745011086474491,
                "right": 0.54844456762749449,
                "bottom": 0.044345898004434586
            },
            "atlasBounds": {
                "left": 64.5,
                "top": 303.5,
                "right": 95.5,
                "bottom": 342.5
            }
        },
        {
            "unicode": 3670,
            "advance": 0.52700000000000002,
            "planeBounds": {
                "left": -0.011075388026607498,
                "top": -0.62971175166297111,
                "right": 0.52107538802660758,
                "bottom": 0.062084257206208429
            },
            "atlasBounds": {
                "left": 33.5,
                "top": 303.5,
                "right": 63.5,
                "bottom": 342.5
            }
        },
        {
            "unicode": 3671,
            "advance": 0.75900000000000001,
            "planeBounds": {
                "left": 0.0034944567627494794,
                "top": -0.62971175166297111,
                "right": 0.7485055432372506,
                "bottom": 0.062084257206208429
            },
            "atlasBounds": {
                "left": 414.5,
                "top": 257.5,
                "right": 456.5,
                "bottom": 296.5
            }
        },
        {
            "unicode": 3672,
            "advance": 0.56600000000000006,
            "planeBounds": {
                "left": 0.00018625277161864773,
                "top": -0.62971175166297111,
                "right": 0.5678137472283814,
                "bottom": 0.062084257206208429
            },
            "atlasBounds": {
                "left": 381.5,
                "top": 257.5,
                "right": 413.5,
                "bottom": 296.5
            }
        },
        {
            "unicode": 3673,
            "advance": 0.56100000000000005,
            "planeBounds": {
                "left": 0.006186252771618655,
                "top": -0.62971175166297111,
                "right": 0.57381374722838141,
                "bottom": 0.062084257206208429
            },
            "atlasBounds": {
                "left": 0.5,
                "top": 303.5,
                "right": 32.5,
                "bottom": 342.5
            }
        },
        {
            "unicode": 3674,
            "advance": 0.84499999999999997,
            "planeBounds": {
                "left": -0.031720620842572003,
                "top": -0.59423503325942351,
                "right": 0.81972062084257213,
                "bottom": 0.044345898004434586
            },
            "atlasBounds": {
                "left": 76.5,
                "top": 420.5,
                "right": 124.5,
                "bottom": 456.5
            }
        },
        {
            "unicode": 3675,
            "advance": 0.91800000000000004,
            "planeBounds": {
                "left": 0.0056718403547672391,
                "top": -0.48780487804878053,
                "right": 0.91032815964523284,
                "bottom": -0.026607538802660757
            },
            "atlasBounds": {
                "left": 285.5,
                "top": 458.5,
                "right": 336.5,
                "bottom": 484.5
            }
        },
        {
            "unicode": 8226,
            "advance": 0.38300000000000001,
            "planeBounds": {
                "left": 0.005247228381374743,
                "top": -0.57649667405764971,
                "right": 0.3777527716186253,
                "bottom": -0.15077605321507762
            },
            "atlasBounds": {
                "left": 337.5,
                "top": 458.5,
                "right": 358.5,
                "bottom": 482.5
            }
        }
    ],
    "kerning": []
}