{
    "atlas": {
        "type": "msdf",
        "distanceRange": 4,
        "distanceRangeMiddle": 0,
        "size": 60.03125,
        "width": 512,
        "height": 512,
        "yOrigin": "top"
    },
    "metrics": {
        "emSize": 1,
        "lineHeight": 1.5110000000000001,
        "ascender": -1.0609999999999999,
        "descender": 0.45000000000000001,
        "underlineY": 0.125,
        "underlineThickness": 0.050000000000000003
    },
    "glyphs": [
        {
            "unicode": 32,
            "advance": 0.26000000000000001
        },
        {
            "unicode": 33,
            "advance": 0.26900000000000002,
            "planeBounds": {
                "left": 0.034052056220718378,
                "top": -0.75793857365955242,
                "right": 0.23394794377928166,
                "bottom": 0.058302967204580947
            },
            "atlasBounds": {
                "left": 274.5,
                "top": 119.5,
                "right": 286.5,
                "bottom": 168.5
            }
        },
        {
            "unicode": 34,
            "advance": 0.40800000000000003,
            "planeBounds": {
                "left": 0.02909109838625713,
                "top": -0.75793857365955231,
                "right": 0.3789089016137428,
                "bottom": -0.40812077043206663
            },
            "atlasBounds": {
                "left": 374.5,
                "top": 476.5,
                "right": 395.5,
                "bottom": 497.5
            }
        },
        {
            "unicode": 35,
            "advance": 0.64600000000000002,
            "planeBounds": {
                "left": -0.01065981259760544,
                "top": -0.75793857365955242,
                "right": 0.65565981259760542,
                "bottom": 0.041644976574700669
            },
            "atlasBounds": {
                "left": 154.5,
                "top": 170.5,
                "right": 194.5,
                "bottom": 218.5
            }
        },
        {
            "unicode": 36,
            "advance": 0.57200000000000006,
            "planeBounds": {
                "left": 0.022472149921915645,
                "top": -0.80791254554919312,
                "right": 0.55552785007808425,
                "bottom": 0.091618948464341488
            },
            "atlasBounds": {
                "left": 293.5,
                "top": 0.5,
                "right": 325.5,
                "bottom": 54.5
            }
        },
        {
            "unicode": 37,
            "advance": 0.83100000000000007,
            "planeBounds": {
                "left": 0.0073792295679333273,
                "top": -0.75793857365955242,
                "right": 0.82362077043206661,
                "bottom": 0.058302967204580947
            },
            "atlasBounds": {
                "left": 287.5,
                "top": 119.5,
                "right": 336.5,
                "bottom": 168.5
            }
        },
        {
            "unicode": 38,
            "advance": 0.73199999999999998,
            "planeBounds": {
                "left": 0.016695210827693922,
                "top": -0.77459656428943269,
                "right": 0.76630478917230604,
                "bottom": 0.058302967204580947
            },
            "atlasBounds": {
                "left": 349.5,
                "top": 66.5,
                "right": 394.5,
                "bottom": 116.5
            }
        },
        {
            "unicode": 39,
            "advance": 0.22500000000000001,
            "planeBounds": {
                "left": 0.02921004685059865,
                "top": -0.75793857365955231,
                "right": 0.19578995314940137,
                "bottom": -0.40812077043206663
            },
            "atlasBounds": {
                "left": 396.5,
                "top": 476.5,
                "right": 406.5,
                "bottom": 497.5
            }
        },
        {
            "unicode": 40,
            "advance": 0.29999999999999999,
            "planeBounds": {
                "left": 0.0050780843310775448,
                "top": -0.75793857365955231,
                "right": 0.30492191566892241,
                "bottom": 0.19156689224362311
            },
            "atlasBounds": {
                "left": 96.5,
                "top": 0.5,
                "right": 114.5,
                "bottom": 57.5
            }
        },
        {
            "unicode": 41,
            "advance": 0.29999999999999999,
            "planeBounds": {
                "left": -0.0049219156689224554,
                "top": -0.75793857365955231,
                "right": 0.2949219156689224,
                "bottom": 0.19156689224362311
            },
            "atlasBounds": {
                "left": 115.5,
                "top": 0.5,
                "right": 133.5,
                "bottom": 57.5
            }
        },
        {
            "unicode": 42,
            "advance": 0.55100000000000005,
            "planeBounds": {
                "left": -0.00035684539302447327,
                "top": -0.80791254554919312,
                "right": 0.54935684539302443,
                "bottom": -0.27485684539302446
            },
            "atlasBounds": {
                "left": 233.5,
                "top": 476.5,
                "right": 266.5,
                "bottom": 508.5
            }
        },
        {
            "unicode": 43,
            "advance": 0.57200000000000006,
            "planeBounds": {
                "left": 0.010143154606975506,
                "top": -0.6413326392503903,
                "right": 0.55985684539302438,
                "bottom": -0.074960957834461217
            },
            "atlasBounds": {
                "left": 34.5,
                "top": 476.5,
                "right": 67.5,
                "bottom": 510.5
            }
        },
        {
            "unicode": 44,
            "advance": 0.26800000000000002,
            "planeBounds": {
                "left": -0.0001059344091618879,
                "top": -0.1582509109838626,
                "right": 0.23310593440916189,
                "bottom": 0.17490890161374284
            },
            "atlasBounds": {
                "left": 407.5,
                "top": 476.5,
                "right": 421.5,
                "bottom": 496.5
            }
        },
        {
            "unicode": 45,
            "advance": 0.32200000000000001,
            "planeBounds": {
                "left": 0.0027490890161374166,
                "top": -0.34148880791254554,
                "right": 0.3192509109838626,
                "bottom": -0.19156689224362311
            },
            "atlasBounds": {
                "left": 262.5,
                "top": 455.5,
                "right": 281.5,
                "bottom": 464.5
            }
        },
        {
            "unicode": 46,
            "advance": 0.26800000000000002,
            "planeBounds": {
                "left": 0.034052056220718378,
                "top": -0.1582509109838626,
                "right": 0.23394794377928166,
                "bottom": 0.058302967204580947
            },
            "atlasBounds": {
                "left": 484.5,
                "top": 437.5,
                "right": 496.5,
                "bottom": 450.5
            }
        },
        {
            "unicode": 47,
            "advance": 0.372,
            "planeBounds": {
                "left": -0.030553878188443542,
                "top": -0.75793857365955242,
                "right": 0.40255387818844351,
                "bottom": 0.041644976574700669
            },
            "atlasBounds": {
                "left": 238.5,
                "top": 170.5,
                "right": 264.5,
                "bottom": 218.5
            }
        },
        {
            "unicode": 48,
            "advance": 0.57200000000000006,
            "planeBounds": {
                "left": 0.011143154606975498,
                "top": -0.77459656428943269,
                "right": 0.56085684539302438,
                "bottom": 0.058302967204580947
            },
            "atlasBounds": {
                "left": 395.5,
                "top": 66.5,
                "right": 428.5,
                "bottom": 116.5
            }
        },
        {
            "unicode": 49,
            "advance": 0.57200000000000006,
            "planeBounds": {
                "left": 0.055420093701197271,
                "top": -0.75793857365955242,
                "right": 0.38857990629880274,
                "bottom": 0.041644976574700669
            },
            "atlasBounds": {
                "left": 265.5,
                "top": 170.5,
                "right": 285.5,
                "bottom": 218.5
            }
        },
        {
            "unicode": 50,
            "advance": 0.57200000000000006,
            "planeBounds": {
                "left": 0.0091431546069755329,
                "top": -0.75793857365955242,
                "right": 0.55885684539302438,
                "bottom": 0.041644976574700669
            },
            "atlasBounds": {
                "left": 286.5,
                "top": 170.5,
                "right": 319.5,
                "bottom": 218.5
            }
        },
        {
            "unicode": 51,
            "advance": 0.57200000000000006,
            "planeBounds": {
                "left": 0.0051431546069755059,
                "top": -0.75793857365955242,
                "right": 0.55485684539302438,
                "bottom": 0.058302967204580947
            },
            "atlasBounds": {
                "left": 337.5,
                "top": 119.5,
                "right": 370.5,
                "bottom": 168.5
            }
        },
        {
            "unicode": 52,
            "advance": 0.57200000000000006,
            "planeBounds": {
                "left": -0.013343831337844891,
                "top": -0.75793857365955242,
                "right": 0.58634383133784485,
                "bottom": 0.041644976574700669
            },
            "atlasBounds": {
                "left": 320.5,
                "top": 170.5,
                "right": 356.5,
                "bottom": 218.5
            }
        },
        {
            "unicode": 53,
            "advance": 0.57200000000000006,
            "planeBounds": {
                "left": 0.022472149921915648,
                "top": -0.75793857365955242,
                "right": 0.55552785007808425,
                "bottom": 0.058302967204580947
            },
            "atlasBounds": {
                "left": 371.5,
                "top": 119.5,
                "right": 403.5,
                "bottom": 168.5
            }
        },
        {
            "unicode": 54,
            "advance": 0.57200000000000006,
            "planeBounds": {
                "left": 0.015143154606975505,
                "top": -0.75793857365955242,
                "right": 0.56485684539302439,
                "bottom": 0.058302967204580947
            },
            "atlasBounds": {
                "left": 404.5,
                "top": 119.5,
                "right": 437.5,
                "bottom": 168.5
            }
        },
        {
            "unicode": 55,
            "advance": 0.57200000000000006,
            "planeBounds": {
                "left": 0.0086431546069755012,
                "top": -0.75793857365955242,
                "right": 0.55835684539302444,
                "bottom": 0.041644976574700669
            },
            "atlasBounds": {
                "left": 357.5,
                "top": 170.5,
                "right": 390.5,
                "bottom": 218.5
            }
        },
        {
            "unicode": 56,
            "advance": 0.57200000000000006,
            "planeBounds": {
                "left": 0.010643154606975545,
                "top": -0.75793857365955242,
                "right": 0.56035684539302444,
                "bottom": 0.058302967204580947
            },
            "atlasBounds": {
                "left": 438.5,
                "top": 119.5,
                "right": 471.5,
                "bottom": 168.5
            }
        },
        {
            "unicode": 57,
            "advance": 0.57200000000000006,
            "planeBounds": {
                "left": 0.010143154606975506,
                "top": -0.75793857365955242,
                "right": 0.55985684539302438,
                "bottom": 0.058302967204580947
            },
            "atlasBounds": {
                "left": 472.5,
                "top": 119.5,
                "right": 505.5,
                "bottom": 168.5
            }
        },
        {
            "unicode": 58,
            "advance": 0.26800000000000002,
            "planeBounds": {
                "left": 0.034052056220718378,
                "top": -0.59135866736074971,
                "right": 0.23394794377928166,
                "bottom": 0.058302967204580947
            },
            "atlasBounds": {
                "left": 225.5,
                "top": 318.5,
                "right": 237.5,
                "bottom": 357.5
            }
        },
        {
            "unicode": 59,
            "advance": 0.26800000000000002,
            "planeBounds": {
                "left": -0.0041059344091618826,
                "top": -0.5913586673607496,
                "right": 0.22910593440916191,
                "bottom": 0.17490890161374284
            },
            "atlasBounds": {
                "left": 134.5,
                "top": 269.5,
                "right": 148.5,
                "bottom": 315.5
            }
        },
        {
            "unicode": 60,
            "advance": 0.57200000000000006,
            "planeBounds": {
                "left": 0.010643154606975519,
                "top": -0.6413326392503903,
                "right": 0.56035684539302444,
                "bottom": -0.074960957834461217
            },
            "atlasBounds": {
                "left": 100.5,
                "top": 476.5,
                "right": 133.5,
                "bottom": 510.5
            }
        },
        {
            "unicode": 61,
            "advance": 0.57200000000000006,
            "planeBounds": {
                "left": 0.018472149921915666,
                "top": -0.52472670484122852,
                "right": 0.55152785007808425,
                "bottom": -0.17490890161374284
            },
            "atlasBounds": {
                "left": 479.5,
                "top": 398.5,
                "right": 511.5,
                "bottom": 419.5
            }
        },
        {
            "unicode": 62,
            "advance": 0.57200000000000006,
            "planeBounds": {
                "left": 0.010643154606975519,
                "top": -0.6413326392503903,
                "right": 0.56035684539302444,
                "bottom": -0.074960957834461217
            },
            "atlasBounds": {
                "left": 199.5,
                "top": 476.5,
                "right": 232.5,
                "bottom": 510.5
            }
        },
        {
            "unicode": 63,
            "advance": 0.434,
            "planeBounds": {
                "left": -0.023211868818323815,
                "top": -0.75793857365955242,
                "right": 0.44321186881832375,
                "bottom": 0.058302967204580947
            },
            "atlasBounds": {
                "left": 0.5,
                "top": 170.5,
                "right": 28.5,
                "bottom": 219.5
            }
        },
        {
            "unicode": 64,
            "advance": 0.89900000000000002,
            "planeBounds": {
                "left": 0.016392243623112968,
                "top": -0.75793857365955231,
                "right": 0.88260775637688715,
                "bottom": 0.12493492972410204
            },
            "atlasBounds": {
                "left": 359.5,
                "top": 0.5,
                "right": 411.5,
                "bottom": 53.5
            }
        },
        {
            "unicode": 65,
            "advance": 0.63900000000000001,
            "planeBounds": {
                "left": -0.03914679854242583,
                "top": -0.75793857365955242,
                "right": 0.67714679854242588,
                "bottom": 0.041644976574700669
            },
            "atlasBounds": {
                "left": 391.5,
                "top": 170.5,
                "right": 434.5,
                "bottom": 218.5
            }
        },
        {
            "unicode": 66,
            "advance": 0.65000000000000002,
            "planeBounds": {
                "left": 0.063314159292035391,
                "top": -0.75793857365955242,
                "right": 0.62968584070796452,
                "bottom": 0.041644976574700669
            },
            "atlasBounds": {
                "left": 435.5,
                "top": 170.5,
                "right": 469.5,
                "bottom": 218.5
            }
        },
        {
            "unicode": 67,
            "advance": 0.63200000000000001,
            "planeBounds": {
                "left": 0.022827173347214975,
                "top": -0.75793857365955242,
                "right": 0.63917282665278508,
                "bottom": 0.058302967204580947
            },
            "atlasBounds": {
                "left": 474.5,
                "top": 66.5,
                "right": 511.5,
                "bottom": 115.5
            }
        },
        {
            "unicode": 68,
            "advance": 0.72999999999999998,
            "planeBounds": {
                "left": 0.058169182717334698,
                "top": -0.75793857365955242,
                "right": 0.70783081728266528,
                "bottom": 0.041644976574700669
            },
            "atlasBounds": {
                "left": 0.5,
                "top": 220.5,
                "right": 39.5,
                "bottom": 268.5
            }
        },
        {
            "unicode": 69,
            "advance": 0.55600000000000005,
            "planeBounds": {
                "left": 0.063288131181676199,
                "top": -0.75793857365955242,
                "right": 0.52971186881832377,
                "bottom": 0.041644976574700669
            },
            "atlasBounds": {
                "left": 40.5,
                "top": 220.5,
                "right": 68.5,
                "bottom": 268.5
            }
        },
        {
            "unicode": 70,
            "advance": 0.51900000000000002,
            "planeBounds": {
                "left": 0.063288131181676199,
                "top": -0.75793857365955242,
                "right": 0.52971186881832377,
                "bottom": 0.041644976574700669
            },
            "atlasBounds": {
                "left": 69.5,
                "top": 220.5,
                "right": 97.5,
                "bottom": 268.5
            }
        },
        {
            "unicode": 71,
            "advance": 0.72799999999999998,
            "planeBounds": {
                "left": 0.024340187402394593,
                "top": -0.75793857365955242,
                "right": 0.69065981259760545,
                "bottom": 0.058302967204580947
            },
            "atlasBounds": {
                "left": 29.5,
                "top": 170.5,
                "right": 69.5,
                "bottom": 219.5
            }
        },
        {
            "unicode": 72,
            "advance": 0.74099999999999999,
            "planeBounds": {
                "left": 0.061827173347214992,
                "top": -0.75793857365955242,
                "right": 0.678172826652785,
                "bottom": 0.041644976574700669
            },
            "atlasBounds": {
                "left": 98.5,
                "top": 220.5,
                "right": 135.5,
                "bottom": 268.5
            }
        },
        {
            "unicode": 73,
            "advance": 0.33900000000000002,
            "planeBounds": {
                "left": 0.0024200937011972777,
                "top": -0.75793857365955242,
                "right": 0.33557990629880274,
                "bottom": 0.041644976574700669
            },
            "atlasBounds": {
                "left": 136.5,
                "top": 220.5,
                "right": 156.5,
                "bottom": 268.5
            }
        },
        {
            "unicode": 74,
            "advance": 0.27300000000000002,
            "planeBounds": {
                "left": -0.11457990629880271,
                "top": -0.75793857365955242,
                "right": 0.21857990629880272,
                "bottom": 0.22488287350338365
            },
            "atlasBounds": {
                "left": 30.5,
                "top": 0.5,
                "right": 50.5,
                "bottom": 59.5
            }
        },
        {
            "unicode": 75,
            "advance": 0.61899999999999999,
            "planeBounds": {
                "left": 0.058156168662155117,
                "top": -0.75793857365955242,
                "right": 0.65784383133784485,
                "bottom": 0.041644976574700669
            },
            "atlasBounds": {
                "left": 157.5,
                "top": 220.5,
                "right": 193.5,
                "bottom": 268.5
            }
        },
        {
            "unicode": 76,
            "advance": 0.52400000000000002,
            "planeBounds": {
                "left": 0.056459135866736072,
                "top": -0.75793857365955242,
                "right": 0.53954086413326396,
                "bottom": 0.041644976574700669
            },
            "atlasBounds": {
                "left": 194.5,
                "top": 220.5,
                "right": 223.5,
                "bottom": 268.5
            }
        },
        {
            "unicode": 77,
            "advance": 0.90700000000000003,
            "planeBounds": {
                "left": 0.062037220197813644,
                "top": -0.75793857365955242,
                "right": 0.84496277980218637,
                "bottom": 0.041644976574700669
            },
            "atlasBounds": {
                "left": 224.5,
                "top": 220.5,
                "right": 271.5,
                "bottom": 268.5
            }
        },
        {
            "unicode": 78,
            "advance": 0.76000000000000001,
            "planeBounds": {
                "left": 0.06349817803227481,
                "top": -0.75793857365955242,
                "right": 0.69650182196772514,
                "bottom": 0.041644976574700669
            },
            "atlasBounds": {
                "left": 272.5,
                "top": 220.5,
                "right": 310.5,
                "bottom": 268.5
            }
        },
        {
            "unicode": 79,
            "advance": 0.78100000000000003,
            "planeBounds": {
                "left": 0.024024206142634008,
                "top": -0.77459656428943269,
                "right": 0.75697579385736591,
                "bottom": 0.058302967204580947
            },
            "atlasBounds": {
                "left": 429.5,
                "top": 66.5,
                "right": 473.5,
                "bottom": 116.5
            }
        },
        {
            "unicode": 80,
            "advance": 0.60499999999999998,
            "planeBounds": {
                "left": 0.058972149921915649,
                "top": -0.75793857365955242,
                "right": 0.59202785007808423,
                "bottom": 0.041644976574700669
            },
            "atlasBounds": {
                "left": 311.5,
                "top": 220.5,
                "right": 343.5,
                "bottom": 268.5
            }
        },
        {
            "unicode": 81,
            "advance": 0.78100000000000003,
            "planeBounds": {
                "left": 0.024024206142634008,
                "top": -0.77459656428943269,
                "right": 0.75697579385736591,
                "bottom": 0.20822488287350338
            },
            "atlasBounds": {
                "left": 51.5,
                "top": 0.5,
                "right": 95.5,
                "bottom": 59.5
            }
        },
        {
            "unicode": 82,
            "advance": 0.622,
            "planeBounds": {
                "left": 0.060485163977095274,
                "top": -0.75793857365955242,
                "right": 0.64351483602290471,
                "bottom": 0.041644976574700669
            },
            "atlasBounds": {
                "left": 344.5,
                "top": 220.5,
                "right": 379.5,
                "bottom": 268.5
            }
        },
        {
            "unicode": 83,
            "advance": 0.54900000000000004,
            "planeBounds": {
                "left": 0.0099721499219156632,
                "top": -0.75793857365955242,
                "right": 0.5430278500780843,
                "bottom": 0.058302967204580947
            },
            "atlasBounds": {
                "left": 70.5,
                "top": 170.5,
                "right": 102.5,
                "bottom": 219.5
            }
        },
        {
            "unicode": 84,
            "advance": 0.55600000000000005,
            "planeBounds": {
                "left": -0.030672826652785035,
                "top": -0.75793857365955242,
                "right": 0.58567282665278508,
                "bottom": 0.041644976574700669
            },
            "atlasBounds": {
                "left": 431.5,
                "top": 220.5,
                "right": 468.5,
                "bottom": 268.5
            }
        },
        {
            "unicode": 85,
            "advance": 0.73099999999999998,
            "planeBounds": {
                "left": 0.048498178032274845,
                "top": -0.75793857365955242,
                "right": 0.68150182196772513,
                "bottom": 0.058302967204580947
            },
            "atlasBounds": {
                "left": 103.5,
                "top": 170.5,
                "right": 141.5,
                "bottom": 219.5
            }
        },
        {
            "unicode": 86,
            "advance": 0.59999999999999998,
            "planeBounds": {
                "left": -0.041488807912545576,
                "top": -0.75793857365955242,
                "right": 0.64148880791254559,
                "bottom": 0.041644976574700669
            },
            "atlasBounds": {
                "left": 470.5,
                "top": 170.5,
                "right": 511.5,
                "bottom": 218.5
            }
        },
        {
            "unicode": 87,
            "advance": 0.93000000000000005,
            "planeBounds": {
                "left": -0.026910723581468014,
                "top": -0.75793857365955242,
                "right": 0.955910723581468,
                "bottom": 0.041644976574700669
            },
            "atlasBounds": {
                "left": 0.5,
                "top": 269.5,
                "right": 59.5,
                "bottom": 317.5
            }
        },
        {
            "unicode": 88,
            "advance": 0.58599999999999997,
            "planeBounds": {
                "left": -0.031830817282665284,
                "top": -0.75793857365955242,
                "right": 0.61783081728266531,
                "bottom": 0.041644976574700669
            },
            "atlasBounds": {
                "left": 469.5,
                "top": 220.5,
                "right": 508.5,
                "bottom": 268.5
            }
        },
        {
            "unicode": 89,
            "advance": 0.56600000000000006,
            "planeBounds": {
                "left": -0.033501821967725186,
                "top": -0.75793857365955242,
                "right": 0.59950182196772517,
                "bottom": 0.041644976574700669
            },
            "atlasBounds": {
                "left": 60.5,
                "top": 269.5,
                "right": 98.5,
                "bottom": 317.5
            }
        },
        {
            "unicode": 90,
            "advance": 0.57200000000000006,
            "planeBounds": {
                "left": 0.0023141592920353934,
                "top": -0.75793857365955242,
                "right": 0.56868584070796457,
                "bottom": 0.041644976574700669
            },
            "atlasBounds": {
                "left": 99.5,
                "top": 269.5,
                "right": 133.5,
                "bottom": 317.5
            }
        },
        {
            "unicode": 91,
            "advance": 0.32900000000000001,
            "planeBounds": {
                "left": 0.042078084331077556,
                "top": -0.75793857365955231,
                "right": 0.34192191566892238,
                "bottom": 0.19156689224362311
            },
            "atlasBounds": {
                "left": 134.5,
                "top": 0.5,
                "right": 152.5,
                "bottom": 57.5
            }
        },
        {
            "unicode": 93,
            "advance": 0.32900000000000001,
            "planeBounds": {
                "left": -0.012921915668922443,
                "top": -0.75793857365955231,
                "right": 0.28692191566892239,
                "bottom": 0.19156689224362311
            },
            "atlasBounds": {
                "left": 153.5,
                "top": 0.5,
                "right": 171.5,
                "bottom": 57.5
            }
        },
        {
            "unicode": 94,
            "advance": 0.57200000000000006,
            "planeBounds": {
                "left": 0.0028141592920354077,
                "top": -0.75793857365955231,
                "right": 0.56918584070796452,
                "bottom": -0.22488287350338365
            },
            "atlasBounds": {
                "left": 267.5,
                "top": 476.5,
                "right": 301.5,
                "bottom": 508.5
            }
        },
        {
            "unicode": 95,
            "advance": 0.44400000000000001,
            "planeBounds": {
                "left": -0.036198854763144203,
                "top": 0.041644976574700648,
                "right": 0.48019885476314422,
                "bottom": 0.19156689224362311
            },
            "atlasBounds": {
                "left": 480.5,
                "top": 42.5,
                "right": 511.5,
                "bottom": 51.5
            }
        },
        {
            "unicode": 96,
            "advance": 0.28100000000000003,
            "planeBounds": {
                "left": -0.001092920353982306,
                "top": -0.80791254554919312,
                "right": 0.28209292035398226,
                "bottom": -0.55804268610098906
            },
            "atlasBounds": {
                "left": 356.5,
                "top": 437.5,
                "right": 373.5,
                "bottom": 452.5
            }
        },
        {
            "unicode": 97,
            "advance": 0.56100000000000005,
            "planeBounds": {
                "left": 0.0048011452368557899,
                "top": -0.59135866736074971,
                "right": 0.5211988547631442,
                "bottom": 0.058302967204580947
            },
            "atlasBounds": {
                "left": 264.5,
                "top": 358.5,
                "right": 295.5,
                "bottom": 397.5
            }
        },
        {
            "unicode": 98,
            "advance": 0.61499999999999999,
            "planeBounds": {
                "left": 0.047643154606975519,
                "top": -0.80791254554919323,
                "right": 0.59735684539302436,
                "bottom": 0.058302967204580947
            },
            "atlasBounds": {
                "left": 412.5,
                "top": 0.5,
                "right": 445.5,
                "bottom": 52.5
            }
        },
        {
            "unicode": 99,
            "advance": 0.47999999999999998,
            "planeBounds": {
                "left": 0.017788131181676194,
                "top": -0.59135866736074971,
                "right": 0.48421186881832379,
                "bottom": 0.058302967204580947
            },
            "atlasBounds": {
                "left": 182.5,
                "top": 358.5,
                "right": 210.5,
                "bottom": 397.5
            }
        },
        {
            "unicode": 100,
            "advance": 0.61499999999999999,
            "planeBounds": {
                "left": 0.017643154606975513,
                "top": -0.80791254554919323,
                "right": 0.56735684539302444,
                "bottom": 0.058302967204580947
            },
            "atlasBounds": {
                "left": 446.5,
                "top": 0.5,
                "right": 479.5,
                "bottom": 52.5
            }
        },
        {
            "unicode": 101,
            "advance": 0.56400000000000006,
            "planeBounds": {
                "left": 0.017472149921915665,
                "top": -0.59135866736074971,
                "right": 0.55052785007808425,
                "bottom": 0.058302967204580947
            },
            "atlasBounds": {
                "left": 98.5,
                "top": 358.5,
                "right": 130.5,
                "bottom": 397.5
            }
        },
        {
            "unicode": 102,
            "advance": 0.34400000000000003,
            "planeBounds": {
                "left": -0.023882873503383657,
                "top": -0.80791254554919323,
                "right": 0.42588287350338361,
                "bottom": 0.041644976574700669
            },
            "atlasBounds": {
                "left": 177.5,
                "top": 66.5,
                "right": 204.5,
                "bottom": 117.5
            }
        },
        {
            "unicode": 103,
            "advance": 0.61499999999999999,
            "planeBounds": {
                "left": 0.017643154606975513,
                "top": -0.59135866736074971,
                "right": 0.56735684539302444,
                "bottom": 0.27485684539302446
            },
            "atlasBounds": {
                "left": 0.5,
                "top": 66.5,
                "right": 33.5,
                "bottom": 118.5
            }
        },
        {
            "unicode": 104,
            "advance": 0.61799999999999999,
            "planeBounds": {
                "left": 0.04447214992191565,
                "top": -0.80791254554919323,
                "right": 0.57752785007808427,
                "bottom": 0.041644976574700669
            },
            "atlasBounds": {
                "left": 205.5,
                "top": 66.5,
                "right": 237.5,
                "bottom": 117.5
            }
        },
        {
            "unicode": 105,
            "advance": 0.25800000000000001,
            "planeBounds": {
                "left": 0.03788105153565853,
                "top": -0.77459656428943269,
                "right": 0.22111894846434149,
                "bottom": 0.041644976574700669
            },
            "atlasBounds": {
                "left": 142.5,
                "top": 170.5,
                "right": 153.5,
                "bottom": 219.5
            }
        },
        {
            "unicode": 106,
            "advance": 0.25800000000000001,
            "planeBounds": {
                "left": -0.095250910983862583,
                "top": -0.77459656428943258,
                "right": 0.2212509109838626,
                "bottom": 0.27485684539302446
            },
            "atlasBounds": {
                "left": 10.5,
                "top": 0.5,
                "right": 29.5,
                "bottom": 63.5
            }
        },
        {
            "unicode": 107,
            "advance": 0.53400000000000003,
            "planeBounds": {
                "left": 0.04680114523685578,
                "top": -0.80791254554919323,
                "right": 0.56319885476314413,
                "bottom": 0.041644976574700669
            },
            "atlasBounds": {
                "left": 238.5,
                "top": 66.5,
                "right": 269.5,
                "bottom": 117.5
            }
        },
        {
            "unicode": 108,
            "advance": 0.25800000000000001,
            "planeBounds": {
                "left": 0.045710046850598665,
                "top": -0.80791254554919323,
                "right": 0.21228995314940136,
                "bottom": 0.041644976574700669
            },
            "atlasBounds": {
                "left": 270.5,
                "top": 66.5,
                "right": 280.5,
                "bottom": 117.5
            }
        },
        {
            "unicode": 109,
            "advance": 0.93500000000000005,
            "planeBounds": {
                "left": 0.044721238938053104,
                "top": -0.59135866736074971,
                "right": 0.89427876106194704,
                "bottom": 0.041644976574700669
            },
            "atlasBounds": {
                "left": 367.5,
                "top": 398.5,
                "right": 418.5,
                "bottom": 436.5
            }
        },
        {
            "unicode": 110,
            "advance": 0.61799999999999999,
            "planeBounds": {
                "left": 0.04447214992191565,
                "top": -0.59135866736074971,
                "right": 0.57752785007808427,
                "bottom": 0.041644976574700669
            },
            "atlasBounds": {
                "left": 334.5,
                "top": 398.5,
                "right": 366.5,
                "bottom": 436.5
            }
        },
        {
            "unicode": 111,
            "advance": 0.60499999999999998,
            "planeBounds": {
                "left": 0.019814159292035408,
                "top": -0.59135866736074971,
                "right": 0.58618584070796453,
                "bottom": 0.058302967204580947
            },
            "atlasBounds": {
                "left": 304.5,
                "top": 318.5,
                "right": 338.5,
                "bottom": 357.5
            }
        },
        {
            "unicode": 112,
            "advance": 0.61499999999999999,
            "planeBounds": {
                "left": 0.047643154606975519,
                "top": -0.59135866736074971,
                "right": 0.59735684539302436,
                "bottom": 0.27485684539302446
            },
            "atlasBounds": {
                "left": 34.5,
                "top": 66.5,
                "right": 67.5,
                "bottom": 118.5
            }
        },
        {
            "unicode": 113,
            "advance": 0.61499999999999999,
            "planeBounds": {
                "left": 0.017643154606975513,
                "top": -0.59135866736074971,
                "right": 0.56735684539302444,
                "bottom": 0.27485684539302446
            },
            "atlasBounds": {
                "left": 68.5,
                "top": 66.5,
                "right": 101.5,
                "bottom": 118.5
            }
        },
        {
            "unicode": 114,
            "advance": 0.41300000000000003,
            "planeBounds": {
                "left": 0.049933107756376861,
                "top": -0.59135866736074971,
                "right": 0.43306689224362305,
                "bottom": 0.041644976574700669
            },
            "atlasBounds": {
                "left": 488.5,
                "top": 318.5,
                "right": 511.5,
                "bottom": 356.5
            }
        },
        {
            "unicode": 115,
            "advance": 0.47900000000000004,
            "planeBounds": {
                "left": 0.017617126496616328,
                "top": -0.59135866736074971,
                "right": 0.46738287350338364,
                "bottom": 0.058302967204580947
            },
            "atlasBounds": {
                "left": 197.5,
                "top": 318.5,
                "right": 224.5,
                "bottom": 357.5
            }
        },
        {
            "unicode": 116,
            "advance": 0.36099999999999999,
            "planeBounds": {
                "left": -0.022395887558563261,
                "top": -0.70796460176991149,
                "right": 0.37739588755856324,
                "bottom": 0.058302967204580947
            },
            "atlasBounds": {
                "left": 149.5,
                "top": 269.5,
                "right": 173.5,
                "bottom": 315.5
            }
        },
        {
            "unicode": 117,
            "advance": 0.61799999999999999,
            "planeBounds": {
                "left": 0.039472149921915646,
                "top": -0.57470067673086944,
                "right": 0.57252785007808427,
                "bottom": 0.058302967204580947
            },
            "atlasBounds": {
                "left": 235.5,
                "top": 398.5,
                "right": 267.5,
                "bottom": 436.5
            }
        },
        {
            "unicode": 118,
            "advance": 0.50800000000000001,
            "planeBounds": {
                "left": -0.03751483602290475,
                "top": -0.57470067673086944,
                "right": 0.54551483602290463,
                "bottom": 0.041644976574700669
            },
            "atlasBounds": {
                "left": 163.5,
                "top": 437.5,
                "right": 198.5,
                "bottom": 474.5
            }
        },
        {
            "unicode": 119,
            "advance": 0.78600000000000003,
            "planeBounds": {
                "left": -0.023449765747006766,
                "top": -0.57470067673086944,
                "right": 0.80944976574700689,
                "bottom": 0.041644976574700669
            },
            "atlasBounds": {
                "left": 112.5,
                "top": 437.5,
                "right": 162.5,
                "bottom": 474.5
            }
        },
        {
            "unicode": 120,
            "advance": 0.52900000000000003,
            "planeBounds": {
                "left": -0.01868584070796463,
                "top": -0.57470067673086944,
                "right": 0.54768584070796456,
                "bottom": 0.041644976574700669
            },
            "atlasBounds": {
                "left": 77.5,
                "top": 437.5,
                "right": 111.5,
                "bottom": 474.5
            }
        },
        {
            "unicode": 121,
            "advance": 0.51000000000000001,
            "planeBounds": {
                "left": -0.036014836022904742,
                "top": -0.57470067673086944,
                "right": 0.54701483602290468,
                "bottom": 0.27485684539302446
            },
            "atlasBounds": {
                "left": 281.5,
                "top": 66.5,
                "right": 316.5,
                "bottom": 117.5
            }
        },
        {
            "unicode": 122,
            "advance": 0.47000000000000003,
            "planeBounds": {
                "left": 0.0017881311816761922,
                "top": -0.57470067673086944,
                "right": 0.46821186881832377,
                "bottom": 0.041644976574700669
            },
            "atlasBounds": {
                "left": 199.5,
                "top": 437.5,
                "right": 227.5,
                "bottom": 474.5
            }
        },
        {
            "unicode": 123,
            "advance": 0.38,
            "planeBounds": {
                "left": -0.011895887558563269,
                "top": -0.75793857365955231,
                "right": 0.38789588755856325,
                "bottom": 0.19156689224362311
            },
            "atlasBounds": {
                "left": 172.5,
                "top": 0.5,
                "right": 196.5,
                "bottom": 57.5
            }
        },
        {
            "unicode": 124,
            "advance": 0.55100000000000005,
            "planeBounds": {
                "left": 0.20053904216553878,
                "top": -0.80791254554919312,
                "right": 0.35046095783446124,
                "bottom": 0.27485684539302446
            },
            "atlasBounds": {
                "left": 0.5,
                "top": 0.5,
                "right": 9.5,
                "bottom": 65.5
            }
        },
        {
            "unicode": 125,
            "advance": 0.38,
            "planeBounds": {
                "left": -0.0078958875585632693,
                "top": -0.75793857365955231,
                "right": 0.39189588755856325,
                "bottom": 0.19156689224362311
            },
            "atlasBounds": {
                "left": 197.5,
                "top": 0.5,
                "right": 221.5,
                "bottom": 57.5
            }
        },
        {
            "unicode": 126,
            "advance": 0.57200000000000006,
            "planeBounds": {
                "left": 0.010643154606975519,
                "top": -0.45809474232170744,
                "right": 0.56035684539302444,
                "bottom": -0.24154086413326392
            },
            "atlasBounds": {
                "left": 228.5,
                "top": 455.5,
                "right": 261.5,
                "bottom": 468.5
            }
        },
        {
            "unicode": 3585,
            "advance": 0.59999999999999998,
            "planeBounds": {
                "left": 0.025972149921915658,
                "top": -0.59135866736074971,
                "right": 0.55902785007808431,
                "bottom": 0.041644976574700669
            },
            "atlasBounds": {
                "left": 301.5,
                "top": 398.5,
                "right": 333.5,
                "bottom": 436.5
            }
        },
        {
            "unicode": 3586,
            "advance": 0.54700000000000004,
            "planeBounds": {
                "left": 0.018459135866736049,
                "top": -0.59135866736074971,
                "right": 0.50154086413326393,
                "bottom": 0.058302967204580947
            },
            "atlasBounds": {
                "left": 101.5,
                "top": 318.5,
                "right": 130.5,
                "bottom": 357.5
            }
        },
        {
            "unicode": 3587,
            "advance": 0.54900000000000004,
            "planeBounds": {
                "left": 0.0061301405517959163,
                "top": -0.59135866736074971,
                "right": 0.50586985944820406,
                "bottom": 0.058302967204580947
            },
            "atlasBounds": {
                "left": 481.5,
                "top": 269.5,
                "right": 511.5,
                "bottom": 308.5
            }
        },
        {
            "unicode": 3588,
            "advance": 0.61399999999999999,
            "planeBounds": {
                "left": 0.040472149921915654,
                "top": -0.59135866736074971,
                "right": 0.57352785007808427,
                "bottom": 0.041644976574700669
            },
            "atlasBounds": {
                "left": 0.5,
                "top": 398.5,
                "right": 32.5,
                "bottom": 436.5
            }
        },
        {
            "unicode": 3589,
            "advance": 0.621,
            "planeBounds": {
                "left": 0.04397214992191565,
                "top": -0.59135866736074971,
                "right": 0.57702785007808433,
                "bottom": 0.041644976574700669
            },
            "atlasBounds": {
                "left": 268.5,
                "top": 398.5,
                "right": 300.5,
                "bottom": 436.5
            }
        },
        {
            "unicode": 3590,
            "advance": 0.59799999999999998,
            "planeBounds": {
                "left": 0.0056431546069755445,
                "top": -0.59135866736074971,
                "right": 0.55535684539302443,
                "bottom": 0.058302967204580947
            },
            "atlasBounds": {
                "left": 238.5,
                "top": 318.5,
                "right": 271.5,
                "bottom": 357.5
            }
        },
        {
            "unicode": 3591,
            "advance": 0.53700000000000003,
            "planeBounds": {
                "left": -0.033356845393024505,
                "top": -0.59135866736074971,
                "right": 0.5163568453930244,
                "bottom": 0.041644976574700669
            },
            "atlasBounds": {
                "left": 64.5,
                "top": 398.5,
                "right": 97.5,
                "bottom": 436.5
            }
        },
        {
            "unicode": 3592,
            "advance": 0.53200000000000003,
            "planeBounds": {
                "left": 0.0046301405517959133,
                "top": -0.59135866736074971,
                "right": 0.50436985944820412,
                "bottom": 0.041644976574700669
            },
            "atlasBounds": {
                "left": 33.5,
                "top": 398.5,
                "right": 63.5,
                "bottom": 436.5
            }
        },
        {
            "unicode": 3593,
            "advance": 0.60399999999999998,
            "planeBounds": {
                "left": 0.043801145236855805,
                "top": -0.59135866736074971,
                "right": 0.56019885476314413,
                "bottom": 0.058302967204580947
            },
            "atlasBounds": {
                "left": 440.5,
                "top": 358.5,
                "right": 471.5,
                "bottom": 397.5
            }
        },
        {
            "unicode": 3594,
            "advance": 0.55000000000000004,
            "planeBounds": {
                "left": 0.015630140551795933,
                "top": -0.59135866736074971,
                "right": 0.51536985944820402,
                "bottom": 0.058302967204580947
            },
            "atlasBounds": {
                "left": 472.5,
                "top": 358.5,
                "right": 502.5,
                "bottom": 397.5
            }
        },
        {
            "unicode": 3595,
            "advance": 0.55600000000000005,
            "planeBounds": {
                "left": 0.0053011452368557938,
                "top": -0.59135866736074971,
                "right": 0.52169885476314415,
                "bottom": 0.058302967204580947
            },
            "atlasBounds": {
                "left": 347.5,
                "top": 358.5,
                "right": 378.5,
                "bottom": 397.5
            }
        },
        {
            "unicode": 3596,
            "advance": 0.90600000000000003,
            "planeBounds": {
                "left": 0.029050234252993228,
                "top": -0.59135866736074971,
                "right": 0.86194976574700688,
                "bottom": 0.058302967204580947
            },
            "atlasBounds": {
                "left": 296.5,
                "top": 358.5,
                "right": 346.5,
                "bottom": 397.5
            }
        },
        {
            "unicode": 3597,
            "advance": 0.90900000000000003,
            "planeBounds": {
                "left": 0.027050234252993244,
                "top": -0.59135866736074971,
                "right": 0.85994976574700688,
                "bottom": 0.20822488287350338
            },
            "atlasBounds": {
                "left": 380.5,
                "top": 220.5,
                "right": 430.5,
                "bottom": 268.5
            }
        },
        {
            "unicode": 3598,
            "advance": 0.60299999999999998,
            "planeBounds": {
                "left": -0.02101483602290476,
                "top": -0.59135866736074971,
                "right": 0.5620148360229047,
                "bottom": 0.24154086413326395
            },
            "atlasBounds": {
                "left": 32.5,
                "top": 119.5,
                "right": 67.5,
                "bottom": 169.5
            }
        },
        {
            "unicode": 3599,
            "advance": 0.60299999999999998,
            "planeBounds": {
                "left": -0.02101483602290476,
                "top": -0.59135866736074971,
                "right": 0.5620148360229047,
                "bottom": 0.24154086413326395
            },
            "atlasBounds": {
                "left": 68.5,
                "top": 119.5,
                "right": 103.5,
                "bottom": 169.5
            }
        },
        {
            "unicode": 3600,
            "advance": 0.54700000000000004,
            "planeBounds": {
                "left": -0.0028568453930244769,
                "top": -0.62467464862051025,
                "right": 0.54685684539302437,
                "bottom": 0.24154086413326395
            },
            "atlasBounds": {
                "left": 102.5,
                "top": 66.5,
                "right": 135.5,
                "bottom": 118.5
            }
        },
        {
            "unicode": 3601,
            "advance": 0.626,
            "planeBounds": {
                "left": 0.0029851639770952778,
                "top": -0.59135866736074971,
                "right": 0.58601483602290472,
                "bottom": 0.041644976574700669
            },
            "atlasBounds": {
                "left": 443.5,
                "top": 398.5,
                "right": 478.5,
                "bottom": 436.5
            }
        },
        {
            "unicode": 3602,
            "advance": 0.90300000000000002,
            "planeBounds": {
                "left": 0.023892243623112975,
                "top": -0.59135866736074971,
                "right": 0.8901077563768871,
                "bottom": 0.058302967204580947
            },
            "atlasBounds": {
                "left": 211.5,
                "top": 358.5,
                "right": 263.5,
                "bottom": 397.5
            }
        },
        {
            "unicode": 3603,
            "advance": 0.90900000000000003,
            "planeBounds": {
                "left": 0.027050234252993244,
                "top": -0.59135866736074971,
                "right": 0.85994976574700688,
                "bottom": 0.058302967204580947
            },
            "atlasBounds": {
                "left": 131.5,
                "top": 358.5,
                "right": 181.5,
                "bottom": 397.5
            }
        },
        {
            "unicode": 3604,
            "advance": 0.61599999999999999,
            "planeBounds": {
                "left": 0.02264315460697551,
                "top": -0.59135866736074971,
                "right": 0.57235684539302445,
                "bottom": 0.058302967204580947
            },
            "atlasBounds": {
                "left": 64.5,
                "top": 358.5,
                "right": 97.5,
                "bottom": 397.5
            }
        },
        {
            "unicode": 3605,
            "advance": 0.63600000000000001,
            "planeBounds": {
                "left": 0.025814159292035357,
                "top": -0.59135866736074971,
                "right": 0.59218584070796454,
                "bottom": 0.058302967204580947
            },
            "atlasBounds": {
                "left": 453.5,
                "top": 318.5,
                "right": 487.5,
                "bottom": 357.5
            }
        },
        {
            "unicode": 3606,
            "advance": 0.60199999999999998,
            "planeBounds": {
                "left": 0.026972149921915659,
                "top": -0.59135866736074971,
                "right": 0.56002785007808431,
                "bottom": 0.058302967204580947
            },
            "atlasBounds": {
                "left": 371.5,
                "top": 318.5,
                "right": 403.5,
                "bottom": 357.5
            }
        },
        {
            "unicode": 3607,
            "advance": 0.60899999999999999,
            "planeBounds": {
                "left": 0.047801145236855802,
                "top": -0.59135866736074971,
                "right": 0.56419885476314413,
                "bottom": 0.041644976574700669
            },
            "atlasBounds": {
                "left": 45.5,
                "top": 437.5,
                "right": 76.5,
                "bottom": 475.5
            }
        },
        {
            "unicode": 3608,
            "advance": 0.54400000000000004,
            "planeBounds": {
                "left": 0.02963014055179591,
                "top": -0.59135866736074971,
                "right": 0.52936985944820403,
                "bottom": 0.058302967204580947
            },
            "atlasBounds": {
                "left": 409.5,
                "top": 358.5,
                "right": 439.5,
                "bottom": 397.5
            }
        },
        {
            "unicode": 3609,
            "advance": 0.61299999999999999,
            "planeBounds": {
                "left": 0.044801145236855806,
                "top": -0.59135866736074971,
                "right": 0.56119885476314413,
                "bottom": 0.058302967204580947
            },
            "atlasBounds": {
                "left": 339.5,
                "top": 318.5,
                "right": 370.5,
                "bottom": 357.5
            }
        },
        {
            "unicode": 3610,
            "advance": 0.60399999999999998,
            "planeBounds": {
                "left": 0.043801145236855805,
                "top": -0.59135866736074971,
                "right": 0.56019885476314413,
                "bottom": 0.058302967204580947
            },
            "atlasBounds": {
                "left": 272.5,
                "top": 318.5,
                "right": 303.5,
                "bottom": 357.5
            }
        },
        {
            "unicode": 3611,
            "advance": 0.60499999999999998,
            "planeBounds": {
                "left": 0.043801145236855805,
                "top": -0.79125455491931296,
                "right": 0.56019885476314413,
                "bottom": 0.058302967204580947
            },
            "atlasBounds": {
                "left": 317.5,
                "top": 66.5,
                "right": 348.5,
                "bottom": 117.5
            }
        },
        {
            "unicode": 3612,
            "advance": 0.64800000000000002,
            "planeBounds": {
                "left": 0.048143154606975498,
                "top": -0.59135866736074971,
                "right": 0.59785684539302442,
                "bottom": 0.041644976574700669
            },
            "atlasBounds": {
                "left": 171.5,
                "top": 398.5,
                "right": 204.5,
                "bottom": 436.5
            }
        },
        {
            "unicode": 3613,
            "advance": 0.65200000000000002,
            "planeBounds": {
                "left": 0.048643154606975512,
                "top": -0.79125455491931296,
                "right": 0.59835684539302436,
                "bottom": 0.041644976574700669
            },
            "atlasBounds": {
                "left": 128.5,
                "top": 119.5,
                "right": 161.5,
                "bottom": 169.5
            }
        },
        {
            "unicode": 3614,
            "advance": 0.69500000000000006,
            "planeBounds": {
                "left": 0.0060111920874544164,
                "top": -0.59135866736074971,
                "right": 0.68898880791254558,
                "bottom": 0.041644976574700669
            },
            "atlasBounds": {
                "left": 98.5,
                "top": 398.5,
                "right": 139.5,
                "bottom": 436.5
            }
        },
        {
            "unicode": 3615,
            "advance": 0.68200000000000005,
            "planeBounds": {
                "left": 0.0011821967725143114,
                "top": -0.79125455491931296,
                "right": 0.70081780322748566,
                "bottom": 0.041644976574700669
            },
            "atlasBounds": {
                "left": 162.5,
                "top": 119.5,
                "right": 204.5,
                "bottom": 169.5
            }
        },
        {
            "unicode": 3616,
            "advance": 0.60299999999999998,
            "planeBounds": {
                "left": -0.02101483602290476,
                "top": -0.59135866736074971,
                "right": 0.5620148360229047,
                "bottom": 0.058302967204580947
            },
            "atlasBounds": {
                "left": 65.5,
                "top": 318.5,
                "right": 100.5,
                "bottom": 357.5
            }
        },
        {
            "unicode": 3617,
            "advance": 0.61399999999999999,
            "planeBounds": {
                "left": 0.052801145236855807,
                "top": -0.59135866736074971,
                "right": 0.56919885476314414,
                "bottom": 0.058302967204580947
            },
            "atlasBounds": {
                "left": 33.5,
                "top": 318.5,
                "right": 64.5,
                "bottom": 357.5
            }
        },
        {
            "unicode": 3618,
            "advance": 0.59399999999999997,
            "planeBounds": {
                "left": 0.032301145236855781,
                "top": -0.59135866736074971,
                "right": 0.54869885476314417,
                "bottom": 0.058302967204580947
            },
            "atlasBounds": {
                "left": 0.5,
                "top": 358.5,
                "right": 31.5,
                "bottom": 397.5
            }
        },
        {
            "unicode": 3619,
            "advance": 0.48799999999999999,
            "planeBounds": {
                "left": 0.0029591358667360661,
                "top": -0.59135866736074971,
                "right": 0.48604086413326397,
                "bottom": 0.058302967204580947
            },
            "atlasBounds": {
                "left": 379.5,
                "top": 358.5,
                "right": 408.5,
                "bottom": 397.5
            }
        },
        {
            "unicode": 3620,
            "advance": 0.60199999999999998,
            "planeBounds": {
                "left": 0.026972149921915659,
                "top": -0.59135866736074971,
                "right": 0.56002785007808431,
                "bottom": 0.24154086413326395
            },
            "atlasBounds": {
                "left": 205.5,
                "top": 119.5,
                "right": 237.5,
                "bottom": 169.5
            }
        },
        {
            "unicode": 3621,
            "advance": 0.57100000000000006,
            "planeBounds": {
                "left": 0.01130114523685579,
                "top": -0.59135866736074971,
                "right": 0.52769885476314415,
                "bottom": 0.058302967204580947
            },
            "atlasBounds": {
                "left": 32.5,
                "top": 358.5,
                "right": 63.5,
                "bottom": 397.5
            }
        },
        {
            "unicode": 3622,
            "advance": 0.60299999999999998,
            "planeBounds": {
                "left": -0.02101483602290476,
                "top": -0.59135866736074971,
                "right": 0.5620148360229047,
                "bottom": 0.24154086413326395
            },
            "atlasBounds": {
                "left": 238.5,
                "top": 119.5,
                "right": 273.5,
                "bottom": 169.5
            }
        },
        {
            "unicode": 3623,
            "advance": 0.49199999999999999,
            "planeBounds": {
                "left": 0.00028813118167620821,
                "top": -0.59135866736074971,
                "right": 0.46671186881832377,
                "bottom": 0.058302967204580947
            },
            "atlasBounds": {
                "left": 168.5,
                "top": 318.5,
                "right": 196.5,
                "bottom": 357.5
            }
        },
        {
            "unicode": 3624,
            "advance": 0.628,
            "planeBounds": {
                "left": 0.044814159292035388,
                "top": -0.62467464862051025,
                "right": 0.61118584070796456,
                "bottom": 0.041644976574700669
            },
            "atlasBounds": {
                "left": 415.5,
                "top": 269.5,
                "right": 449.5,
                "bottom": 309.5
            }
        },
        {
            "unicode": 3625,
            "advance": 0.64000000000000001,
            "planeBounds": {
                "left": 0.041156168662155088,
                "top": -0.59135866736074971,
                "right": 0.64084383133784484,
                "bottom": 0.058302967204580947
            },
            "atlasBounds": {
                "left": 131.5,
                "top": 318.5,
                "right": 167.5,
                "bottom": 357.5
            }
        },
        {
            "unicode": 3626,
            "advance": 0.57200000000000006,
            "planeBounds": {
                "left": 0.0083141592920353852,
                "top": -0.62467464862051025,
                "right": 0.57468584070796458,
                "bottom": 0.058302967204580947
            },
            "atlasBounds": {
                "left": 248.5,
                "top": 269.5,
                "right": 282.5,
                "bottom": 310.5
            }
        },
        {
            "unicode": 3627,
            "advance": 0.58699999999999997,
            "planeBounds": {
                "left": 0.053630140551795928,
                "top": -0.59135866736074971,
                "right": 0.55336985944820405,
                "bottom": 0.041644976574700669
            },
            "atlasBounds": {
                "left": 140.5,
                "top": 398.5,
                "right": 170.5,
                "bottom": 436.5
            }
        },
        {
            "unicode": 3628,
            "advance": 0.66800000000000004,
            "planeBounds": {
                "left": 0.0011821967725143114,
                "top": -0.75793857365955242,
                "right": 0.70081780322748566,
                "bottom": 0.041644976574700669
            },
            "atlasBounds": {
                "left": 195.5,
                "top": 170.5,
                "right": 237.5,
                "bottom": 218.5
            }
        },
        {
            "unicode": 3629,
            "advance": 0.57400000000000007,
            "planeBounds": {
                "left": 0.018972149921915666,
                "top": -0.59135866736074971,
                "right": 0.5520278500780843,
                "bottom": 0.058302967204580947
            },
            "atlasBounds": {
                "left": 0.5,
                "top": 318.5,
                "right": 32.5,
                "bottom": 357.5
            }
        },
        {
            "unicode": 3630,
            "advance": 0.56000000000000005,
            "planeBounds": {
                "left": 0.02264315460697551,
                "top": -0.62467464862051025,
                "right": 0.57235684539302445,
                "bottom": 0.058302967204580947
            },
            "atlasBounds": {
                "left": 283.5,
                "top": 269.5,
                "right": 316.5,
                "bottom": 310.5
            }
        },
        {
            "unicode": 3631,
            "advance": 0.51900000000000002,
            "planeBounds": {
                "left": -0.022040864133263952,
                "top": -0.59135866736074971,
                "right": 0.46104086413326395,
                "bottom": 0.041644976574700669
            },
            "atlasBounds": {
                "left": 205.5,
                "top": 398.5,
                "right": 234.5,
                "bottom": 436.5
            }
        },
        {
            "unicode": 3632,
            "advance": 0.33800000000000002,
            "planeBounds": {
                "left": 0.0024200937011972742,
                "top": -0.52472670484122852,
                "right": 0.33557990629880274,
                "bottom": -0.024986985944820406
            },
            "atlasBounds": {
                "left": 302.5,
                "top": 476.5,
                "right": 322.5,
                "bottom": 506.5
            }
        },
        {
            "unicode": 3633,
            "advance": 0,
            "planeBounds": {
                "left": -0.36938287350338367,
                "top": -0.82457053617907328,
                "right": 0.08038287350338362,
                "bottom": -0.5913586673607496
            },
            "atlasBounds": {
                "left": 456.5,
                "top": 437.5,
                "right": 483.5,
                "bottom": 451.5
            }
        },
        {
            "unicode": 3634,
            "advance": 0.40600000000000003,
            "planeBounds": {
                "left": -0.024066892243623138,
                "top": -0.59135866736074971,
                "right": 0.35906689224362304,
                "bottom": 0.041644976574700669
            },
            "atlasBounds": {
                "left": 419.5,
                "top": 398.5,
                "right": 442.5,
                "bottom": 436.5
            }
        },
        {
            "unicode": 3635,
            "advance": 0.40600000000000003,
            "planeBounds": {
                "left": -0.30465981259760538,
                "top": -0.8245705361790735,
                "right": 0.36165981259760549,
                "bottom": 0.041644976574700669
            },
            "atlasBounds": {
                "left": 136.5,
                "top": 66.5,
                "right": 176.5,
                "bottom": 118.5
            }
        },
        {
            "unicode": 3636,
            "advance": 0,
            "planeBounds": {
                "left": -0.55136985944820405,
                "top": -0.74128058302967204,
                "right": -0.051630140551795878,
                "bottom": -0.5913586673607496
            },
            "atlasBounds": {
                "left": 282.5,
                "top": 455.5,
                "right": 312.5,
                "bottom": 464.5
            }
        },
        {
            "unicode": 3637,
            "advance": 0,
            "planeBounds": {
                "left": -0.5508698594482041,
                "top": -0.82457053617907328,
                "right": -0.051130140551795988,
                "bottom": -0.5913586673607496
            },
            "atlasBounds": {
                "left": 425.5,
                "top": 437.5,
                "right": 455.5,
                "bottom": 451.5
            }
        },
        {
            "unicode": 3638,
            "advance": 0,
            "planeBounds": {
                "left": -0.55319885476314423,
                "top": -0.84122852680895355,
                "right": -0.036801145236855862,
                "bottom": -0.5913586673607496
            },
            "atlasBounds": {
                "left": 324.5,
                "top": 437.5,
                "right": 355.5,
                "bottom": 452.5
            }
        },
        {
            "unicode": 3639,
            "advance": 0,
            "planeBounds": {
                "left": -0.55136985944820405,
                "top": -0.82457053617907328,
                "right": -0.051630140551795878,
                "bottom": -0.5913586673607496
            },
            "atlasBounds": {
                "left": 374.5,
                "top": 437.5,
                "right": 404.5,
                "bottom": 451.5
            }
        },
        {
            "unicode": 3640,
            "advance": 0,
            "planeBounds": {
                "left": -0.25444794377928159,
                "top": 0.024986985944820447,
                "right": -0.054552056220718355,
                "bottom": 0.30817282665278506
            },
            "atlasBounds": {
                "left": 497.5,
                "top": 476.5,
                "right": 509.5,
                "bottom": 493.5
            }
        },
        {
            "unicode": 3641,
            "advance": 0,
            "planeBounds": {
                "left": -0.42173789692868296,
                "top": 0.024986985944820447,
                "right": -0.055262103071317029,
                "bottom": 0.30817282665278506
            },
            "atlasBounds": {
                "left": 228.5,
                "top": 437.5,
                "right": 250.5,
                "bottom": 454.5
            }
        },
        {
            "unicode": 3642,
            "advance": 0,
            "planeBounds": {
                "left": -0.24627693909422177,
                "top": 0.02498698594482042,
                "right": -0.029723060905778254,
                "bottom": 0.24154086413326395
            },
            "atlasBounds": {
                "left": 498.5,
                "top": 420.5,
                "right": 511.5,
                "bottom": 433.5
            }
        },
        {
            "unicode": 3647,
            "advance": 0.58399999999999996,
            "planeBounds": {
                "left": 0.040972149921915654,
                "top": -0.80791254554919312,
                "right": 0.57402785007808432,
                "bottom": 0.091618948464341488
            },
            "atlasBounds": {
                "left": 326.5,
                "top": 0.5,
                "right": 358.5,
                "bottom": 54.5
            }
        },
        {
            "unicode": 3648,
            "advance": 0.29499999999999998,
            "planeBounds": {
                "left": 0.061565070275897964,
                "top": -0.59135866736074971,
                "right": 0.31143492972410203,
                "bottom": 0.058302967204580947
            },
            "atlasBounds": {
                "left": 404.5,
                "top": 318.5,
                "right": 419.5,
                "bottom": 357.5
            }
        },
        {
            "unicode": 3649,
            "advance": 0.56800000000000006,
            "planeBounds": {
                "left": 0.056472149921915647,
                "top": -0.59135866736074971,
                "right": 0.58952785007808428,
                "bottom": 0.058302967204580947
            },
            "atlasBounds": {
                "left": 420.5,
                "top": 318.5,
                "right": 452.5,
                "bottom": 357.5
            }
        },
        {
            "unicode": 3650,
            "advance": 0.308,
            "planeBounds": {
                "left": -0.028724882873503405,
                "top": -0.8745445080687142,
                "right": 0.38772488287350337,
                "bottom": 0.058302967204580947
            },
            "atlasBounds": {
                "left": 222.5,
                "top": 0.5,
                "right": 247.5,
                "bottom": 56.5
            }
        },
        {
            "unicode": 3651,
            "advance": 0.28899999999999998,
            "planeBounds": {
                "left": -0.019079906298802733,
                "top": -0.8745445080687142,
                "right": 0.31407990629880272,
                "bottom": 0.058302967204580947
            },
            "atlasBounds": {
                "left": 248.5,
                "top": 0.5,
                "right": 268.5,
                "bottom": 56.5
            }
        },
        {
            "unicode": 3652,
            "advance": 0.30399999999999999,
            "planeBounds": {
                "left": -0.052066892243623118,
                "top": -0.8745445080687142,
                "right": 0.33106689224362312,
                "bottom": 0.058302967204580947
            },
            "atlasBounds": {
                "left": 269.5,
                "top": 0.5,
                "right": 292.5,
                "bottom": 56.5
            }
        },
        {
            "unicode": 3653,
            "advance": 0.40600000000000003,
            "planeBounds": {
                "left": -0.024066892243623138,
                "top": -0.59135866736074971,
                "right": 0.35906689224362304,
                "bottom": 0.24154086413326395
            },
            "atlasBounds": {
                "left": 104.5,
                "top": 119.5,
                "right": 127.5,
                "bottom": 169.5
            }
        },
        {
            "unicode": 3654,
            "advance": 0.59499999999999997,
            "planeBounds": {
                "left": 0.037801145236855786,
                "top": -0.59135866736074971,
                "right": 0.55419885476314412,
                "bottom": 0.24154086413326395
            },
            "atlasBounds": {
                "left": 0.5,
                "top": 119.5,
                "right": 31.5,
                "bottom": 169.5
            }
        },
        {
            "unicode": 3655,
            "advance": 0,
            "planeBounds": {
                "left": -0.48122488287350335,
                "top": -0.89120249869859447,
                "right": -0.064775117126496584,
                "bottom": -0.57470067673086933
            },
            "atlasBounds": {
                "left": 441.5,
                "top": 476.5,
                "right": 466.5,
                "bottom": 495.5
            }
        },
        {
            "unicode": 3656,
            "advance": 0,
            "planeBounds": {
                "left": -0.21728995314940136,
                "top": -1.04120249869859436,
                "right": -0.050710046850598642,
                "bottom": -0.7413586673607496
            },
            "atlasBounds": {
                "left": 486.5,
                "top": 476.5,
                "right": 496.5,
                "bottom": 494.5
            }
        },
        {
            "unicode": 3657,
            "advance": 0,
            "planeBounds": {
                "left": -0.40456689224362313,
                "top": -1.02454450806871409,
                "right": -0.021433107756376898,
                "bottom": -0.7413586673607496
            },
            "atlasBounds": {
                "left": 300.5,
                "top": 437.5,
                "right": 323.5,
                "bottom": 454.5
            }
        },
        {
            "unicode": 3658,
            "advance": 0,
            "planeBounds": {
                "left": -0.46221186881832377,
                "top": -1.02454450806871409,
                "right": 0.0042118688183238077,
                "bottom": -0.7413586673607496
            },
            "atlasBounds": {
                "left": 251.5,
                "top": 437.5,
                "right": 279.5,
                "bottom": 454.5
            }
        },
        {
            "unicode": 3659,
            "advance": 0,
            "planeBounds": {
                "left": -0.35192191566892245,
                "top": -0.89120249869859436,
                "right": -0.052078084331077606,
                "bottom": -0.5913586673607496
            },
            "atlasBounds": {
                "left": 467.5,
                "top": 476.5,
                "right": 485.5,
                "bottom": 494.5
            }
        },
        {
            "unicode": 3660,
            "advance": 0,
            "planeBounds": {
                "left": -0.30625091098386259,
                "top": -1.04120249869859436,
                "right": 0.010250910983862582,
                "bottom": -0.7413586673607496
            },
            "atlasBounds": {
                "left": 405.5,
                "top": 437.5,
                "right": 424.5,
                "bottom": 451.5
            }
        },
        {
            "unicode": 3661,
            "advance": 0,
            "planeBounds": {
                "left": -0.30892191566892246,
                "top": -0.82457053617907328,
                "right": -0.0090780843310776047,
                "bottom": -0.57470067673086933
            },
            "atlasBounds": {
                "left": 479.5,
                "top": 420.5,
                "right": 497.5,
                "bottom": 435.5
            }
        },
        {
            "unicode": 3662,
            "advance": 0,
            "planeBounds": {
                "left": -0.31125091098386259,
                "top": -0.84122852680895355,
                "right": 0.0052509109838625818,
                "bottom": -0.55804268610098906
            },
            "atlasBounds": {
                "left": 280.5,
                "top": 437.5,
                "right": 299.5,
                "bottom": 454.5
            }
        },
        {
            "unicode": 3663,
            "advance": 0.59499999999999997,
            "planeBounds": {
                "left": 0.023143154606975521,
                "top": -0.50806871421134825,
                "right": 0.57285684539302439,
                "bottom": 0.058302967204580947
            },
            "atlasBounds": {
                "left": 0.5,
                "top": 476.5,
                "right": 33.5,
                "bottom": 510.5
            }
        },
        {
            "unicode": 3664,
            "advance": 0.57000000000000006,
            "planeBounds": {
                "left": 0.018472149921915645,
                "top": -0.50806871421134825,
                "right": 0.55152785007808425,
                "bottom": 0.058302967204580947
            },
            "atlasBounds": {
                "left": 166.5,
                "top": 476.5,
                "right": 198.5,
                "bottom": 510.5
            }
        },
        {
            "unicode": 3665,
            "advance": 0.54500000000000004,
            "planeBounds": {
                "left": 0.012301145236855804,
                "top": -0.50806871421134825,
                "right": 0.52869885476314415,
                "bottom": 0.058302967204580947
            },
            "atlasBounds": {
                "left": 134.5,
                "top": 476.5,
                "right": 165.5,
                "bottom": 510.5
            }
        },
        {
            "unicode": 3666,
            "advance": 0.61299999999999999,
            "planeBounds": {
                "left": 0.023814159292035408,
                "top": -0.62467464862051025,
                "right": 0.59018584070796454,
                "bottom": 0.058302967204580947
            },
            "atlasBounds": {
                "left": 380.5,
                "top": 269.5,
                "right": 414.5,
                "bottom": 310.5
            }
        },
        {
            "unicode": 3667,
            "advance": 0.55900000000000005,
            "planeBounds": {
                "left": 0.0183011452368558,
                "top": -0.50806871421134825,
                "right": 0.53469885476314416,
                "bottom": 0.058302967204580947
            },
            "atlasBounds": {
                "left": 68.5,
                "top": 476.5,
                "right": 99.5,
                "bottom": 510.5
            }
        },
        {
            "unicode": 3668,
            "advance": 0.53900000000000003,
            "planeBounds": {
                "left": 0.023630140551795919,
                "top": -0.62467464862051025,
                "right": 0.52336985944820402,
                "bottom": 0.041644976574700669
            },
            "atlasBounds": {
                "left": 450.5,
                "top": 269.5,
                "right": 480.5,
                "bottom": 309.5
            }
        },
        {
            "unicode": 3669,
            "advance": 0.54000000000000004,
            "planeBounds": {
                "left": 0.02413014055179593,
                "top": -0.64133263925039052,
                "right": 0.52386985944820397,
                "bottom": 0.041644976574700669
            },
            "atlasBounds": {
                "left": 349.5,
                "top": 269.5,
                "right": 379.5,
                "bottom": 310.5
            }
        },
        {
            "unicode": 3670,
            "advance": 0.52000000000000002,
            "planeBounds": {
                "left": -0.01969885476314422,
                "top": -0.62467464862051025,
                "right": 0.49669885476314413,
                "bottom": 0.058302967204580947
            },
            "atlasBounds": {
                "left": 317.5,
                "top": 269.5,
                "right": 348.5,
                "bottom": 310.5
            }
        },
        {
            "unicode": 3671,
            "advance": 0.71999999999999997,
            "planeBounds": {
                "left": 0.02134018740239459,
                "top": -0.62467464862051025,
                "right": 0.68765981259760545,
                "bottom": 0.058302967204580947
            },
            "atlasBounds": {
                "left": 207.5,
                "top": 269.5,
                "right": 247.5,
                "bottom": 310.5
            }
        },
        {
            "unicode": 3672,
            "advance": 0.56500000000000006,
            "planeBounds": {
                "left": 0.021472149921915661,
                "top": -0.62467464862051025,
                "right": 0.55452785007808425,
                "bottom": 0.058302967204580947
            },
            "atlasBounds": {
                "left": 174.5,
                "top": 269.5,
                "right": 206.5,
                "bottom": 310.5
            }
        },
        {
            "unicode": 3673,
            "advance": 0.504,
            "planeBounds": {
                "left": 0.0183011452368558,
                "top": -0.62467464862051025,
                "right": 0.53469885476314416,
                "bottom": 0.058302967204580947
            },
            "atlasBounds": {
                "left": 480.5,
                "top": 0.5,
                "right": 511.5,
                "bottom": 41.5
            }
        },
        {
            "unicode": 3674,
            "advance": 0.76700000000000002,
            "planeBounds": {
                "left": -0.022975793857365978,
                "top": -0.59135866736074971,
                "right": 0.70997579385736598,
                "bottom": 0.041644976574700669
            },
            "atlasBounds": {
                "left": 0.5,
                "top": 437.5,
                "right": 44.5,
                "bottom": 475.5
            }
        },
        {
            "unicode": 3675,
            "advance": 0.872,
            "planeBounds": {
                "left": 0.014550234252993234,
                "top": -0.45809474232170744,
                "right": 0.84744976574700681,
                "bottom": -0.024986985944820406
            },
            "atlasBounds": {
                "left": 323.5,
                "top": 476.5,
                "right": 373.5,
                "bottom": 502.5
            }
        },
        {
            "unicode": 8226,
            "advance": 0.376,
            "planeBounds": {
                "left": 0.038078084331077532,
                "top": -0.52472670484122852,
                "right": 0.33792191566892238,
                "bottom": -0.19156689224362311
            },
            "atlasBounds": {
                "left": 422.5,
                "top": 476.5,
                "right": 440.5,
                "bottom": 496.5
            }
        }
    ],
    "kerning": []
}