{
    "atlas": {
        "type": "msdf",
        "distanceRange": 4,
        "distanceRangeMiddle": 0,
        "size": 55.25,
        "width": 512,
        "height": 512,
        "yOrigin": "top"
    },
    "metrics": {
        "emSize": 1,
        "lineHeight": 1.6000000000000001,
        "ascender": -1.25,
        "descender": 0.35000000000000003,
        "underlineY": 0.125,
        "underlineThickness": 0.050000000000000003
    },
    "glyphs": [
        {
            "unicode": 32,
            "advance": 0.26000000000000001
        },
        {
            "unicode": 33,
            "advance": 0.28200000000000003,
            "planeBounds": {
                "left": 0.013803167420814473,
                "top": -0.75113122171945701,
                "right": 0.26719683257918547,
                "bottom": 0.063348416289592757
            },
            "atlasBounds": {
                "left": 485.5,
                "top": 232.5,
                "right": 499.5,
                "bottom": 277.5
            }
        },
        {
            "unicode": 34,
            "advance": 0.47900000000000004,
            "planeBounds": {
                "left": 0.021805429864253368,
                "top": -0.75113122171945701,
                "right": 0.4561945701357466,
                "bottom": -0.40723981900452494
            },
            "atlasBounds": {
                "left": 459.5,
                "top": 37.5,
                "right": 483.5,
                "bottom": 56.5
            }
        },
        {
            "unicode": 35,
            "advance": 0.64600000000000002,
            "planeBounds": {
                "left": -0.015891402714932151,
                "top": -0.75113122171945701,
                "right": 0.67189140271493208,
                "bottom": 0.045248868778280542
            },
            "atlasBounds": {
                "left": 110.5,
                "top": 342.5,
                "right": 148.5,
                "bottom": 386.5
            }
        },
        {
            "unicode": 36,
            "advance": 0.57500000000000007,
            "planeBounds": {
                "left": -9.2760180995481894e-05,
                "top": -0.80542986425339369,
                "right": 0.57909276018099554,
                "bottom": 0.099547511312217202
            },
            "atlasBounds": {
                "left": 299.5,
                "top": 370.5,
                "right": 331.5,
                "bottom": 420.5
            }
        },
        {
            "unicode": 37,
            "advance": 0.90200000000000002,
            "planeBounds": {
                "left": -0.01053846153846155,
                "top": -0.76923076923076916,
                "right": 0.91253846153846141,
                "bottom": 0.045248868778280542
            },
            "atlasBounds": {
                "left": 0.5,
                "top": 119.5,
                "right": 51.5,
                "bottom": 164.5
            }
        },
        {
            "unicode": 38,
            "advance": 0.77300000000000002,
            "planeBounds": {
                "left": 0.0012601809954751032,
                "top": -0.76923076923076927,
                "right": 0.81573981900452486,
                "bottom": 0.063348416289592757
            },
            "atlasBounds": {
                "left": 62.5,
                "top": 45.5,
                "right": 107.5,
                "bottom": 91.5
            }
        },
        {
            "unicode": 39,
            "advance": 0.26600000000000001,
            "planeBounds": {
                "left": 0.024402714932126677,
                "top": -0.75113122171945701,
                "right": 0.24159728506787329,
                "bottom": -0.40723981900452494
            },
            "atlasBounds": {
                "left": 459.5,
                "top": 492.5,
                "right": 471.5,
                "bottom": 511.5
            }
        },
        {
            "unicode": 40,
            "advance": 0.33600000000000002,
            "planeBounds": {
                "left": 0.0010542986425339099,
                "top": -0.76923076923076916,
                "right": 0.34494570135746605,
                "bottom": 0.20814479638009051
            },
            "atlasBounds": {
                "left": 459.5,
                "top": 382.5,
                "right": 478.5,
                "bottom": 436.5
            }
        },
        {
            "unicode": 41,
            "advance": 0.33600000000000002,
            "planeBounds": {
                "left": -0.0089457013574660883,
                "top": -0.76923076923076916,
                "right": 0.33494570135746604,
                "bottom": 0.20814479638009051
            },
            "atlasBounds": {
                "left": 459.5,
                "top": 437.5,
                "right": 478.5,
                "bottom": 491.5
            }
        },
        {
            "unicode": 42,
            "advance": 0.54200000000000004,
            "planeBounds": {
                "left": -0.0095429864253393677,
                "top": -0.80542986425339358,
                "right": 0.55154298642533939,
                "bottom": -0.24434389140271492
            },
            "atlasBounds": {
                "left": 366.5,
                "top": 195.5,
                "right": 397.5,
                "bottom": 226.5
            }
        },
        {
            "unicode": 43,
            "advance": 0.58099999999999996,
            "planeBounds": {
                "left": 0.0089570135746606071,
                "top": -0.64253393665158376,
                "right": 0.57004298642533935,
                "bottom": -0.063348416289592757
            },
            "atlasBounds": {
                "left": 366.5,
                "top": 239.5,
                "right": 397.5,
                "bottom": 271.5
            }
        },
        {
            "unicode": 44,
            "advance": 0.29299999999999998,
            "planeBounds": {
                "left": -0.0057466063348416392,
                "top": -0.17194570135746606,
                "right": 0.2657466063348416,
                "bottom": 0.17194570135746609
            },
            "atlasBounds": {
                "left": 485.5,
                "top": 212.5,
                "right": 500.5,
                "bottom": 231.5
            }
        },
        {
            "unicode": 45,
            "advance": 0.32000000000000001,
            "planeBounds": {
                "left": -0.012445701357466084,
                "top": -0.37104072398190047,
                "right": 0.33144570135746604,
                "bottom": -0.15384615384615385
            },
            "atlasBounds": {
                "left": 62.5,
                "top": 498.5,
                "right": 81.5,
                "bottom": 510.5
            }
        },
        {
            "unicode": 46,
            "advance": 0.28100000000000003,
            "planeBounds": {
                "left": 0.013803167420814473,
                "top": -0.20814479638009048,
                "right": 0.26719683257918547,
                "bottom": 0.063348416289592757
            },
            "atlasBounds": {
                "left": 129.5,
                "top": 494.5,
                "right": 143.5,
                "bottom": 509.5
            }
        },
        {
            "unicode": 47,
            "advance": 0.41500000000000004,
            "planeBounds": {
                "left": -0.035843891402714961,
                "top": -0.76923076923076916,
                "right": 0.45284389140271492,
                "bottom": 0.045248868778280542
            },
            "atlasBounds": {
                "left": 431.5,
                "top": 213.5,
                "right": 458.5,
                "bottom": 258.5
            }
        },
        {
            "unicode": 48,
            "advance": 0.58099999999999996,
            "planeBounds": {
                "left": 0.00040723981900452522,
                "top": -0.76923076923076927,
                "right": 0.57959276018099548,
                "bottom": 0.063348416289592757
            },
            "atlasBounds": {
                "left": 299.5,
                "top": 442.5,
                "right": 331.5,
                "bottom": 488.5
            }
        },
        {
            "unicode": 49,
            "advance": 0.58099999999999996,
            "planeBounds": {
                "left": 0.022305429864253393,
                "top": -0.75113122171945701,
                "right": 0.45669457013574666,
                "bottom": 0.045248868778280542
            },
            "atlasBounds": {
                "left": 459.5,
                "top": 112.5,
                "right": 483.5,
                "bottom": 156.5
            }
        },
        {
            "unicode": 50,
            "advance": 0.58099999999999996,
            "planeBounds": {
                "left": -0.0035927601809954907,
                "top": -0.76923076923076916,
                "right": 0.57559276018099548,
                "bottom": 0.045248868778280542
            },
            "atlasBounds": {
                "left": 333.5,
                "top": 0.5,
                "right": 365.5,
                "bottom": 45.5
            }
        },
        {
            "unicode": 51,
            "advance": 0.58099999999999996,
            "planeBounds": {
                "left": -0.0040927601809954833,
                "top": -0.76923076923076927,
                "right": 0.57509276018099553,
                "bottom": 0.063348416289592757
            },
            "atlasBounds": {
                "left": 333.5,
                "top": 46.5,
                "right": 365.5,
                "bottom": 92.5
            }
        },
        {
            "unicode": 52,
            "advance": 0.58099999999999996,
            "planeBounds": {
                "left": -0.025242081447963815,
                "top": -0.76923076923076916,
                "right": 0.60824208144796377,
                "bottom": 0.045248868778280542
            },
            "atlasBounds": {
                "left": 191.5,
                "top": 427.5,
                "right": 226.5,
                "bottom": 472.5
            }
        },
        {
            "unicode": 53,
            "advance": 0.58099999999999996,
            "planeBounds": {
                "left": 0.010957013574660637,
                "top": -0.75113122171945701,
                "right": 0.57204298642533935,
                "bottom": 0.063348416289592757
            },
            "atlasBounds": {
                "left": 366.5,
                "top": 272.5,
                "right": 397.5,
                "bottom": 317.5
            }
        },
        {
            "unicode": 54,
            "advance": 0.58099999999999996,
            "planeBounds": {
                "left": 0.0029072398190045021,
                "top": -0.76923076923076927,
                "right": 0.58209276018099543,
                "bottom": 0.063348416289592757
            },
            "atlasBounds": {
                "left": 333.5,
                "top": 93.5,
                "right": 365.5,
                "bottom": 139.5
            }
        },
        {
            "unicode": 55,
            "advance": 0.58099999999999996,
            "planeBounds": {
                "left": 0.00090723981900450214,
                "top": -0.75113122171945701,
                "right": 0.58009276018099554,
                "bottom": 0.045248868778280542
            },
            "atlasBounds": {
                "left": 333.5,
                "top": 177.5,
                "right": 365.5,
                "bottom": 221.5
            }
        },
        {
            "unicode": 56,
            "advance": 0.58099999999999996,
            "planeBounds": {
                "left": 0.00090723981900451818,
                "top": -0.76923076923076927,
                "right": 0.58009276018099554,
                "bottom": 0.063348416289592757
            },
            "atlasBounds": {
                "left": 333.5,
                "top": 222.5,
                "right": 365.5,
                "bottom": 268.5
            }
        },
        {
            "unicode": 57,
            "advance": 0.58099999999999996,
            "planeBounds": {
                "left": -0.00059276018099549074,
                "top": -0.76923076923076927,
                "right": 0.57859276018099548,
                "bottom": 0.063348416289592757
            },
            "atlasBounds": {
                "left": 333.5,
                "top": 307.5,
                "right": 365.5,
                "bottom": 353.5
            }
        },
        {
            "unicode": 58,
            "advance": 0.28100000000000003,
            "planeBounds": {
                "left": 0.013803167420814473,
                "top": -0.60633484162895934,
                "right": 0.26719683257918547,
                "bottom": 0.063348416289592757
            },
            "atlasBounds": {
                "left": 485.5,
                "top": 278.5,
                "right": 499.5,
                "bottom": 315.5
            }
        },
        {
            "unicode": 59,
            "advance": 0.28600000000000003,
            "planeBounds": {
                "left": -0.0072466063348416475,
                "top": -0.60633484162895923,
                "right": 0.26424660633484159,
                "bottom": 0.17194570135746609
            },
            "atlasBounds": {
                "left": 485.5,
                "top": 168.5,
                "right": 500.5,
                "bottom": 211.5
            }
        },
        {
            "unicode": 60,
            "advance": 0.58099999999999996,
            "planeBounds": {
                "left": 0.0089570135746606071,
                "top": -0.67873303167420806,
                "right": 0.57004298642533935,
                "bottom": -0.045248868778280542
            },
            "atlasBounds": {
                "left": 366.5,
                "top": 318.5,
                "right": 397.5,
                "bottom": 353.5
            }
        },
        {
            "unicode": 61,
            "advance": 0.58099999999999996,
            "planeBounds": {
                "left": 0.009957013574660608,
                "top": -0.55203619909502255,
                "right": 0.57104298642533935,
                "bottom": -0.15384615384615385
            },
            "atlasBounds": {
                "left": 299.5,
                "top": 489.5,
                "right": 330.5,
                "bottom": 511.5
            }
        },
        {
            "unicode": 62,
            "advance": 0.58099999999999996,
            "planeBounds": {
                "left": 0.0089570135746606071,
                "top": -0.67873303167420806,
                "right": 0.57004298642533935,
                "bottom": -0.045248868778280542
            },
            "atlasBounds": {
                "left": 366.5,
                "top": 372.5,
                "right": 397.5,
                "bottom": 407.5
            }
        },
        {
            "unicode": 63,
            "advance": 0.47700000000000004,
            "planeBounds": {
                "left": -0.031943438914027164,
                "top": -0.76923076923076927,
                "right": 0.49294343891402714,
                "bottom": 0.063348416289592757
            },
            "atlasBounds": {
                "left": 399.5,
                "top": 248.5,
                "right": 428.5,
                "bottom": 294.5
            }
        },
        {
            "unicode": 64,
            "advance": 0.89800000000000002,
            "planeBounds": {
                "left": 0.0055610859728506736,
                "top": -0.76923076923076916,
                "right": 0.89243891402714925,
                "bottom": 0.11764705882352942
            },
            "atlasBounds": {
                "left": 0.5,
                "top": 313.5,
                "right": 49.5,
                "bottom": 362.5
            }
        },
        {
            "unicode": 65,
            "advance": 0.69200000000000006,
            "planeBounds": {
                "left": -0.043140271493212694,
                "top": -0.76923076923076916,
                "right": 0.73514027149321259,
                "bottom": 0.045248868778280542
            },
            "atlasBounds": {
                "left": 62.5,
                "top": 129.5,
                "right": 105.5,
                "bottom": 174.5
            }
        },
        {
            "unicode": 66,
            "advance": 0.66500000000000004,
            "planeBounds": {
                "left": 0.042307692307692296,
                "top": -0.75113122171945701,
                "right": 0.65769230769230769,
                "bottom": 0.045248868778280542
            },
            "atlasBounds": {
                "left": 228.5,
                "top": 397.5,
                "right": 262.5,
                "bottom": 441.5
            }
        },
        {
            "unicode": 67,
            "advance": 0.64200000000000002,
            "planeBounds": {
                "left": 0.016257918552036208,
                "top": -0.76923076923076927,
                "right": 0.64974208144796375,
                "bottom": 0.063348416289592757
            },
            "atlasBounds": {
                "left": 228.5,
                "top": 0.5,
                "right": 263.5,
                "bottom": 46.5
            }
        },
        {
            "unicode": 68,
            "advance": 0.73199999999999998,
            "planeBounds": {
                "left": 0.046658371040723977,
                "top": -0.75113122171945701,
                "right": 0.716341628959276,
                "bottom": 0.045248868778280542
            },
            "atlasBounds": {
                "left": 152.5,
                "top": 81.5,
                "right": 189.5,
                "bottom": 125.5
            }
        },
        {
            "unicode": 69,
            "advance": 0.55200000000000005,
            "planeBounds": {
                "left": 0.047656108597285071,
                "top": -0.75113122171945701,
                "right": 0.53634389140271488,
                "bottom": 0.045248868778280542
            },
            "atlasBounds": {
                "left": 431.5,
                "top": 102.5,
                "right": 458.5,
                "bottom": 146.5
            }
        },
        {
            "unicode": 70,
            "advance": 0.53100000000000003,
            "planeBounds": {
                "left": 0.047156108597285057,
                "top": -0.75113122171945701,
                "right": 0.53584389140271493,
                "bottom": 0.045248868778280542
            },
            "atlasBounds": {
                "left": 431.5,
                "top": 57.5,
                "right": 458.5,
                "bottom": 101.5
            }
        },
        {
            "unicode": 71,
            "advance": 0.73499999999999999,
            "planeBounds": {
                "left": 0.016108597285067881,
                "top": -0.76923076923076927,
                "right": 0.70389140271493222,
                "bottom": 0.063348416289592757
            },
            "atlasBounds": {
                "left": 110.5,
                "top": 428.5,
                "right": 148.5,
                "bottom": 474.5
            }
        },
        {
            "unicode": 72,
            "advance": 0.75600000000000001,
            "planeBounds": {
                "left": 0.043158371040723981,
                "top": -0.75113122171945701,
                "right": 0.71284162895927605,
                "bottom": 0.045248868778280542
            },
            "atlasBounds": {
                "left": 152.5,
                "top": 126.5,
                "right": 189.5,
                "bottom": 170.5
            }
        },
        {
            "unicode": 73,
            "advance": 0.40100000000000002,
            "planeBounds": {
                "left": -0.0081447963800904966,
                "top": -0.75113122171945701,
                "right": 0.40814479638009044,
                "bottom": 0.045248868778280542
            },
            "atlasBounds": {
                "left": 459.5,
                "top": 212.5,
                "right": 482.5,
                "bottom": 256.5
            }
        },
        {
            "unicode": 74,
            "advance": 0.32100000000000001,
            "planeBounds": {
                "left": -0.11909502262443443,
                "top": -0.75113122171945701,
                "right": 0.27909502262443436,
                "bottom": 0.26244343891402711
            },
            "atlasBounds": {
                "left": 0.5,
                "top": 454.5,
                "right": 22.5,
                "bottom": 510.5
            }
        },
        {
            "unicode": 75,
            "advance": 0.66000000000000003,
            "planeBounds": {
                "left": 0.046708144796380066,
                "top": -0.75113122171945701,
                "right": 0.69829185520361992,
                "bottom": 0.045248868778280542
            },
            "atlasBounds": {
                "left": 152.5,
                "top": 404.5,
                "right": 188.5,
                "bottom": 448.5
            }
        },
        {
            "unicode": 76,
            "advance": 0.55900000000000005,
            "planeBounds": {
                "left": 0.04355656108597282,
                "top": -0.75113122171945701,
                "right": 0.56844343891402704,
                "bottom": 0.045248868778280542
            },
            "atlasBounds": {
                "left": 399.5,
                "top": 295.5,
                "right": 428.5,
                "bottom": 339.5
            }
        },
        {
            "unicode": 77,
            "advance": 0.94400000000000006,
            "planeBounds": {
                "left": 0.046660633484162904,
                "top": -0.75113122171945701,
                "right": 0.89733936651583712,
                "bottom": 0.045248868778280542
            },
            "atlasBounds": {
                "left": 62.5,
                "top": 0.5,
                "right": 109.5,
                "bottom": 44.5
            }
        },
        {
            "unicode": 78,
            "advance": 0.80500000000000005,
            "planeBounds": {
                "left": 0.040509049773755676,
                "top": -0.75113122171945701,
                "right": 0.76449095022624436,
                "bottom": 0.045248868778280542
            },
            "atlasBounds": {
                "left": 110.5,
                "top": 72.5,
                "right": 150.5,
                "bottom": 116.5
            }
        },
        {
            "unicode": 79,
            "advance": 0.79100000000000004,
            "planeBounds": {
                "left": 0.014909502262443444,
                "top": -0.76923076923076927,
                "right": 0.77509049773755645,
                "bottom": 0.063348416289592757
            },
            "atlasBounds": {
                "left": 62.5,
                "top": 216.5,
                "right": 104.5,
                "bottom": 262.5
            }
        },
        {
            "unicode": 80,
            "advance": 0.621,
            "planeBounds": {
                "left": 0.042407239819004502,
                "top": -0.75113122171945701,
                "right": 0.62159276018099552,
                "bottom": 0.045248868778280542
            },
            "atlasBounds": {
                "left": 366.5,
                "top": 75.5,
                "right": 398.5,
                "bottom": 119.5
            }
        },
        {
            "unicode": 81,
            "advance": 0.79100000000000004,
            "planeBounds": {
                "left": 0.014909502262443444,
                "top": -0.76923076923076916,
                "right": 0.77509049773755645,
                "bottom": 0.20814479638009051
            },
            "atlasBounds": {
                "left": 62.5,
                "top": 263.5,
                "right": 104.5,
                "bottom": 317.5
            }
        },
        {
            "unicode": 82,
            "advance": 0.65600000000000003,
            "planeBounds": {
                "left": 0.045208144796380113,
                "top": -0.75113122171945701,
                "right": 0.69679185520361986,
                "bottom": 0.045248868778280542
            },
            "atlasBounds": {
                "left": 152.5,
                "top": 449.5,
                "right": 188.5,
                "bottom": 493.5
            }
        },
        {
            "unicode": 83,
            "advance": 0.56600000000000006,
            "planeBounds": {
                "left": 0.006957013574660607,
                "top": -0.76923076923076927,
                "right": 0.56804298642533935,
                "bottom": 0.063348416289592757
            },
            "atlasBounds": {
                "left": 399.5,
                "top": 0.5,
                "right": 430.5,
                "bottom": 46.5
            }
        },
        {
            "unicode": 84,
            "advance": 0.57699999999999996,
            "planeBounds": {
                "left": -0.019192307692307689,
                "top": -0.75113122171945701,
                "right": 0.5961923076923078,
                "bottom": 0.045248868778280542
            },
            "atlasBounds": {
                "left": 264.5,
                "top": 0.5,
                "right": 298.5,
                "bottom": 44.5
            }
        },
        {
            "unicode": 85,
            "advance": 0.747,
            "planeBounds": {
                "left": 0.038658371040723991,
                "top": -0.75113122171945701,
                "right": 0.70834162895927599,
                "bottom": 0.063348416289592757
            },
            "atlasBounds": {
                "left": 152.5,
                "top": 211.5,
                "right": 189.5,
                "bottom": 256.5
            }
        },
        {
            "unicode": 86,
            "advance": 0.65700000000000003,
            "planeBounds": {
                "left": -0.042540723981900445,
                "top": -0.75113122171945701,
                "right": 0.69954072398190048,
                "bottom": 0.045248868778280542
            },
            "atlasBounds": {
                "left": 62.5,
                "top": 408.5,
                "right": 103.5,
                "bottom": 452.5
            }
        },
        {
            "unicode": 87,
            "advance": 0.996,
            "planeBounds": {
                "left": -0.026886877828054306,
                "top": -0.75113122171945701,
                "right": 1.0228868778280542,
                "bottom": 0.045248868778280542
            },
            "atlasBounds": {
                "left": 0.5,
                "top": 33.5,
                "right": 58.5,
                "bottom": 77.5
            }
        },
        {
            "unicode": 88,
            "advance": 0.67000000000000004,
            "planeBounds": {
                "left": -0.036540723981900454,
                "top": -0.75113122171945701,
                "right": 0.70554072398190049,
                "bottom": 0.045248868778280542
            },
            "atlasBounds": {
                "left": 62.5,
                "top": 453.5,
                "right": 103.5,
                "bottom": 497.5
            }
        },
        {
            "unicode": 89,
            "advance": 0.626,
            "planeBounds": {
                "left": -0.03994117647058823,
                "top": -0.75113122171945701,
                "right": 0.66594117647058826,
                "bottom": 0.045248868778280542
            },
            "atlasBounds": {
                "left": 110.5,
                "top": 256.5,
                "right": 149.5,
                "bottom": 300.5
            }
        },
        {
            "unicode": 90,
            "advance": 0.59599999999999997,
            "planeBounds": {
                "left": -0.0086923076923076867,
                "top": -0.75113122171945701,
                "right": 0.60669230769230775,
                "bottom": 0.045248868778280542
            },
            "atlasBounds": {
                "left": 264.5,
                "top": 45.5,
                "right": 298.5,
                "bottom": 89.5
            }
        },
        {
            "unicode": 91,
            "advance": 0.32600000000000001,
            "planeBounds": {
                "left": 0.021104072398190028,
                "top": -0.76923076923076916,
                "right": 0.34689592760180993,
                "bottom": 0.20814479638009051
            },
            "atlasBounds": {
                "left": 485.5,
                "top": 21.5,
                "right": 503.5,
                "bottom": 75.5
            }
        },
        {
            "unicode": 93,
            "advance": 0.32600000000000001,
            "planeBounds": {
                "left": -0.020895927601809975,
                "top": -0.76923076923076916,
                "right": 0.30489592760180995,
                "bottom": 0.20814479638009051
            },
            "atlasBounds": {
                "left": 485.5,
                "top": 76.5,
                "right": 503.5,
                "bottom": 130.5
            }
        },
        {
            "unicode": 94,
            "advance": 0.54300000000000004,
            "planeBounds": {
                "left": -0.034692307692307738,
                "top": -0.76923076923076916,
                "right": 0.58069230769230762,
                "bottom": -0.20814479638009051
            },
            "atlasBounds": {
                "left": 228.5,
                "top": 480.5,
                "right": 262.5,
                "bottom": 511.5
            }
        },
        {
            "unicode": 95,
            "advance": 0.47800000000000004,
            "planeBounds": {
                "left": -0.041542986425339393,
                "top": 0.027149321266968316,
                "right": 0.51954298642533936,
                "bottom": 0.22624434389140272
            },
            "atlasBounds": {
                "left": 366.5,
                "top": 227.5,
                "right": 397.5,
                "bottom": 238.5
            }
        },
        {
            "unicode": 96,
            "advance": 0.36499999999999999,
            "planeBounds": {
                "left": 0.001504524886877828,
                "top": -0.80542986425339358,
                "right": 0.36349547511312214,
                "bottom": -0.55203619909502266
            },
            "atlasBounds": {
                "left": 366.5,
                "top": 497.5,
                "right": 386.5,
                "bottom": 511.5
            }
        },
        {
            "unicode": 97,
            "advance": 0.59899999999999998,
            "planeBounds": {
                "left": 0.0034570135746606321,
                "top": -0.60633484162895934,
                "right": 0.5645429864253394,
                "bottom": 0.063348416289592757
            },
            "atlasBounds": {
                "left": 366.5,
                "top": 157.5,
                "right": 397.5,
                "bottom": 194.5
            }
        },
        {
            "unicode": 98,
            "advance": 0.63200000000000001,
            "planeBounds": {
                "left": 0.029857466063348381,
                "top": -0.80542986425339369,
                "right": 0.62714253393665154,
                "bottom": 0.063348416289592757
            },
            "atlasBounds": {
                "left": 299.5,
                "top": 37.5,
                "right": 332.5,
                "bottom": 85.5
            }
        },
        {
            "unicode": 99,
            "advance": 0.51600000000000001,
            "planeBounds": {
                "left": 0.0050565610859728488,
                "top": -0.60633484162895934,
                "right": 0.52994343891402718,
                "bottom": 0.063348416289592757
            },
            "atlasBounds": {
                "left": 399.5,
                "top": 210.5,
                "right": 428.5,
                "bottom": 247.5
            }
        },
        {
            "unicode": 100,
            "advance": 0.63200000000000001,
            "planeBounds": {
                "left": 0.0043574660633483864,
                "top": -0.80542986425339369,
                "right": 0.60164253393665146,
                "bottom": 0.063348416289592757
            },
            "atlasBounds": {
                "left": 299.5,
                "top": 86.5,
                "right": 332.5,
                "bottom": 134.5
            }
        },
        {
            "unicode": 101,
            "advance": 0.59699999999999998,
            "planeBounds": {
                "left": 0.0094072398190045269,
                "top": -0.60633484162895934,
                "right": 0.58859276018099549,
                "bottom": 0.063348416289592757
            },
            "atlasBounds": {
                "left": 366.5,
                "top": 0.5,
                "right": 398.5,
                "bottom": 37.5
            }
        },
        {
            "unicode": 102,
            "advance": 0.38600000000000001,
            "planeBounds": {
                "left": -0.025843891402714956,
                "top": -0.80542986425339358,
                "right": 0.46284389140271492,
                "bottom": 0.045248868778280542
            },
            "atlasBounds": {
                "left": 431.5,
                "top": 165.5,
                "right": 458.5,
                "bottom": 212.5
            }
        },
        {
            "unicode": 103,
            "advance": 0.63200000000000001,
            "planeBounds": {
                "left": 0.0043574660633483864,
                "top": -0.60633484162895923,
                "right": 0.60164253393665146,
                "bottom": 0.28054298642533937
            },
            "atlasBounds": {
                "left": 299.5,
                "top": 135.5,
                "right": 332.5,
                "bottom": 184.5
            }
        },
        {
            "unicode": 104,
            "advance": 0.65000000000000002,
            "planeBounds": {
                "left": 0.036407239819004518,
                "top": -0.80542986425339358,
                "right": 0.61559276018099551,
                "bottom": 0.045248868778280542
            },
            "atlasBounds": {
                "left": 333.5,
                "top": 391.5,
                "right": 365.5,
                "bottom": 438.5
            }
        },
        {
            "unicode": 105,
            "advance": 0.29899999999999999,
            "planeBounds": {
                "left": 0.023303167420814466,
                "top": -0.80542986425339358,
                "right": 0.27669683257918548,
                "bottom": 0.045248868778280542
            },
            "atlasBounds": {
                "left": 485.5,
                "top": 316.5,
                "right": 499.5,
                "bottom": 363.5
            }
        },
        {
            "unicode": 106,
            "advance": 0.29799999999999999,
            "planeBounds": {
                "left": -0.091495475113122185,
                "top": -0.80542986425339369,
                "right": 0.27049547511312216,
                "bottom": 0.28054298642533937
            },
            "atlasBounds": {
                "left": 459.5,
                "top": 298.5,
                "right": 479.5,
                "bottom": 358.5
            }
        },
        {
            "unicode": 107,
            "advance": 0.60999999999999999,
            "planeBounds": {
                "left": 0.032307692307692266,
                "top": -0.80542986425339358,
                "right": 0.64769230769230768,
                "bottom": 0.045248868778280542
            },
            "atlasBounds": {
                "left": 264.5,
                "top": 90.5,
                "right": 298.5,
                "bottom": 137.5
            }
        },
        {
            "unicode": 108,
            "advance": 0.29799999999999999,
            "planeBounds": {
                "left": 0.030852941176470576,
                "top": -0.80542986425339358,
                "right": 0.2661470588235294,
                "bottom": 0.045248868778280542
            },
            "atlasBounds": {
                "left": 485.5,
                "top": 364.5,
                "right": 498.5,
                "bottom": 411.5
            }
        },
        {
            "unicode": 109,
            "advance": 0.97499999999999998,
            "planeBounds": {
                "left": 0.03601131221719453,
                "top": -0.60633484162895923,
                "right": 0.94098868778280542,
                "bottom": 0.045248868778280542
            },
            "atlasBounds": {
                "left": 0.5,
                "top": 276.5,
                "right": 50.5,
                "bottom": 312.5
            }
        },
        {
            "unicode": 110,
            "advance": 0.65000000000000002,
            "planeBounds": {
                "left": 0.036407239819004518,
                "top": -0.60633484162895923,
                "right": 0.61559276018099551,
                "bottom": 0.045248868778280542
            },
            "atlasBounds": {
                "left": 333.5,
                "top": 140.5,
                "right": 365.5,
                "bottom": 176.5
            }
        },
        {
            "unicode": 111,
            "advance": 0.625,
            "planeBounds": {
                "left": 0.004307692307692298,
                "top": -0.60633484162895934,
                "right": 0.61969230769230776,
                "bottom": 0.063348416289592757
            },
            "atlasBounds": {
                "left": 264.5,
                "top": 138.5,
                "right": 298.5,
                "bottom": 175.5
            }
        },
        {
            "unicode": 112,
            "advance": 0.63200000000000001,
            "planeBounds": {
                "left": 0.029857466063348381,
                "top": -0.60633484162895923,
                "right": 0.62714253393665154,
                "bottom": 0.28054298642533937
            },
            "atlasBounds": {
                "left": 299.5,
                "top": 270.5,
                "right": 332.5,
                "bottom": 319.5
            }
        },
        {
            "unicode": 113,
            "advance": 0.63200000000000001,
            "planeBounds": {
                "left": 0.0043574660633483864,
                "top": -0.60633484162895923,
                "right": 0.60164253393665146,
                "bottom": 0.28054298642533937
            },
            "atlasBounds": {
                "left": 299.5,
                "top": 320.5,
                "right": 332.5,
                "bottom": 369.5
            }
        },
        {
            "unicode": 114,
            "advance": 0.44700000000000001,
            "planeBounds": {
                "left": 0.027755656108597277,
                "top": -0.60633484162895923,
                "right": 0.48024434389140269,
                "bottom": 0.045248868778280542
            },
            "atlasBounds": {
                "left": 459.5,
                "top": 0.5,
                "right": 484.5,
                "bottom": 36.5
            }
        },
        {
            "unicode": 115,
            "advance": 0.502,
            "planeBounds": {
                "left": 0.0086561085972850678,
                "top": -0.60633484162895934,
                "right": 0.4973438914027149,
                "bottom": 0.063348416289592757
            },
            "atlasBounds": {
                "left": 399.5,
                "top": 470.5,
                "right": 426.5,
                "bottom": 507.5
            }
        },
        {
            "unicode": 116,
            "advance": 0.42099999999999999,
            "planeBounds": {
                "left": -0.018244343891402739,
                "top": -0.71493212669683259,
                "right": 0.43424434389140271,
                "bottom": 0.063348416289592757
            },
            "atlasBounds": {
                "left": 431.5,
                "top": 375.5,
                "right": 456.5,
                "bottom": 418.5
            }
        },
        {
            "unicode": 117,
            "advance": 0.65000000000000002,
            "planeBounds": {
                "left": 0.033407239819004515,
                "top": -0.58823529411764708,
                "right": 0.61259276018099551,
                "bottom": 0.063348416289592757
            },
            "atlasBounds": {
                "left": 333.5,
                "top": 354.5,
                "right": 365.5,
                "bottom": 390.5
            }
        },
        {
            "unicode": 118,
            "advance": 0.57100000000000006,
            "planeBounds": {
                "left": -0.040291855203619907,
                "top": -0.58823529411764697,
                "right": 0.61129185520361995,
                "bottom": 0.045248868778280542
            },
            "atlasBounds": {
                "left": 191.5,
                "top": 0.5,
                "right": 227.5,
                "bottom": 35.5
            }
        },
        {
            "unicode": 119,
            "advance": 0.86199999999999999,
            "planeBounds": {
                "left": -0.030538461538461521,
                "top": -0.58823529411764697,
                "right": 0.8925384615384615,
                "bottom": 0.045248868778280542
            },
            "atlasBounds": {
                "left": 0.5,
                "top": 165.5,
                "right": 51.5,
                "bottom": 200.5
            }
        },
        {
            "unicode": 120,
            "advance": 0.59099999999999997,
            "planeBounds": {
                "left": -0.030291855203619902,
                "top": -0.58823529411764697,
                "right": 0.62129185520361985,
                "bottom": 0.045248868778280542
            },
            "atlasBounds": {
                "left": 191.5,
                "top": 36.5,
                "right": 227.5,
                "bottom": 71.5
            }
        },
        {
            "unicode": 121,
            "advance": 0.57100000000000006,
            "planeBounds": {
                "left": -0.040291855203619907,
                "top": -0.58823529411764708,
                "right": 0.61129185520361995,
                "bottom": 0.28054298642533937
            },
            "atlasBounds": {
                "left": 191.5,
                "top": 72.5,
                "right": 227.5,
                "bottom": 120.5
            }
        },
        {
            "unicode": 122,
            "advance": 0.49299999999999999,
            "planeBounds": {
                "left": -0.0073936651583710539,
                "top": -0.58823529411764697,
                "right": 0.49939366515837108,
                "bottom": 0.045248868778280542
            },
            "atlasBounds": {
                "left": 399.5,
                "top": 377.5,
                "right": 427.5,
                "bottom": 412.5
            }
        },
        {
            "unicode": 123,
            "advance": 0.41200000000000003,
            "planeBounds": {
                "left": -0.012694570135746612,
                "top": -0.76923076923076916,
                "right": 0.42169457013574663,
                "bottom": 0.20814479638009051
            },
            "atlasBounds": {
                "left": 459.5,
                "top": 157.5,
                "right": 483.5,
                "bottom": 211.5
            }
        },
        {
            "unicode": 124,
            "advance": 0.52500000000000002,
            "planeBounds": {
                "left": 0.16295248868778278,
                "top": -0.80542986425339369,
                "right": 0.36204751131221719,
                "bottom": 0.28054298642533937
            },
            "atlasBounds": {
                "left": 485.5,
                "top": 431.5,
                "right": 496.5,
                "bottom": 491.5
            }
        },
        {
            "unicode": 125,
            "advance": 0.41200000000000003,
            "planeBounds": {
                "left": -0.0096945701357466132,
                "top": -0.76923076923076916,
                "right": 0.42469457013574663,
                "bottom": 0.20814479638009051
            },
            "atlasBounds": {
                "left": 459.5,
                "top": 57.5,
                "right": 483.5,
                "bottom": 111.5
            }
        },
        {
            "unicode": 126,
            "advance": 0.58099999999999996,
            "planeBounds": {
                "left": 0.0094570135746606162,
                "top": -0.47963800904977372,
                "right": 0.57054298642533929,
                "bottom": -0.22624434389140272
            },
            "atlasBounds": {
                "left": 366.5,
                "top": 482.5,
                "right": 397.5,
                "bottom": 496.5
            }
        },
        {
            "unicode": 3585,
            "advance": 0.65000000000000002,
            "planeBounds": {
                "left": 0.011357466063348422,
                "top": -0.6244343891402715,
                "right": 0.60864253393665146,
                "bottom": 0.045248868778280542
            },
            "atlasBounds": {
                "left": 264.5,
                "top": 432.5,
                "right": 297.5,
                "bottom": 469.5
            }
        },
        {
            "unicode": 3586,
            "advance": 0.59299999999999997,
            "planeBounds": {
                "left": -0.010042986425339375,
                "top": -0.60633484162895923,
                "right": 0.55104298642533933,
                "bottom": 0.045248868778280542
            },
            "atlasBounds": {
                "left": 366.5,
                "top": 120.5,
                "right": 397.5,
                "bottom": 156.5
            }
        },
        {
            "unicode": 3587,
            "advance": 0.61599999999999999,
            "planeBounds": {
                "left": -0.035192307692307724,
                "top": -0.60633484162895923,
                "right": 0.58019230769230767,
                "bottom": 0.045248868778280542
            },
            "atlasBounds": {
                "left": 264.5,
                "top": 176.5,
                "right": 298.5,
                "bottom": 212.5
            }
        },
        {
            "unicode": 3588,
            "advance": 0.67200000000000004,
            "planeBounds": {
                "left": 0.016807692307692326,
                "top": -0.6244343891402715,
                "right": 0.63219230769230772,
                "bottom": 0.045248868778280542
            },
            "atlasBounds": {
                "left": 264.5,
                "top": 305.5,
                "right": 298.5,
                "bottom": 342.5
            }
        },
        {
            "unicode": 3589,
            "advance": 0.67100000000000004,
            "planeBounds": {
                "left": 0.015807692307692307,
                "top": -0.60633484162895923,
                "right": 0.63119230769230772,
                "bottom": 0.045248868778280542
            },
            "atlasBounds": {
                "left": 264.5,
                "top": 268.5,
                "right": 298.5,
                "bottom": 304.5
            }
        },
        {
            "unicode": 3590,
            "advance": 0.65600000000000003,
            "planeBounds": {
                "left": -0.020742081447963825,
                "top": -0.60633484162895923,
                "right": 0.61274208144796372,
                "bottom": 0.045248868778280542
            },
            "atlasBounds": {
                "left": 228.5,
                "top": 285.5,
                "right": 263.5,
                "bottom": 321.5
            }
        },
        {
            "unicode": 3591,
            "advance": 0.55400000000000005,
            "planeBounds": {
                "left": -0.023993212669683271,
                "top": -0.60633484162895923,
                "right": 0.51899321266968335,
                "bottom": 0.045248868778280542
            },
            "atlasBounds": {
                "left": 399.5,
                "top": 85.5,
                "right": 429.5,
                "bottom": 121.5
            }
        },
        {
            "unicode": 3592,
            "advance": 0.57000000000000006,
            "planeBounds": {
                "left": -0.013592760180995492,
                "top": -0.6244343891402715,
                "right": 0.56559276018099547,
                "bottom": 0.045248868778280542
            },
            "atlasBounds": {
                "left": 333.5,
                "top": 269.5,
                "right": 365.5,
                "bottom": 306.5
            }
        },
        {
            "unicode": 3593,
            "advance": 0.65400000000000003,
            "planeBounds": {
                "left": -0.003791855203619912,
                "top": -0.6244343891402715,
                "right": 0.64779185520361993,
                "bottom": 0.045248868778280542
            },
            "atlasBounds": {
                "left": 191.5,
                "top": 121.5,
                "right": 227.5,
                "bottom": 158.5
            }
        },
        {
            "unicode": 3594,
            "advance": 0.59099999999999997,
            "planeBounds": {
                "left": -0.014642533936651596,
                "top": -0.60633484162895923,
                "right": 0.58264253393665155,
                "bottom": 0.045248868778280542
            },
            "atlasBounds": {
                "left": 264.5,
                "top": 470.5,
                "right": 297.5,
                "bottom": 506.5
            }
        },
        {
            "unicode": 3595,
            "advance": 0.60799999999999998,
            "planeBounds": {
                "left": -0.033242081447963784,
                "top": -0.60633484162895923,
                "right": 0.60024208144796376,
                "bottom": 0.045248868778280542
            },
            "atlasBounds": {
                "left": 228.5,
                "top": 360.5,
                "right": 263.5,
                "bottom": 396.5
            }
        },
        {
            "unicode": 3596,
            "advance": 0.92100000000000004,
            "planeBounds": {
                "left": -0.0044389140271493266,
                "top": -0.6244343891402715,
                "right": 0.88243891402714925,
                "bottom": 0.045248868778280542
            },
            "atlasBounds": {
                "left": 0.5,
                "top": 363.5,
                "right": 49.5,
                "bottom": 400.5
            }
        },
        {
            "unicode": 3597,
            "advance": 0.91300000000000003,
            "planeBounds": {
                "left": -0.0079389140271493193,
                "top": -0.6244343891402715,
                "right": 0.8789389140271493,
                "bottom": 0.31674208144796379
            },
            "atlasBounds": {
                "left": 0.5,
                "top": 401.5,
                "right": 49.5,
                "bottom": 453.5
            }
        },
        {
            "unicode": 3598,
            "advance": 0.65900000000000003,
            "planeBounds": {
                "left": -0.025791855203619915,
                "top": -0.62443438914027138,
                "right": 0.62579185520361991,
                "bottom": 0.29864253393665158
            },
            "atlasBounds": {
                "left": 191.5,
                "top": 159.5,
                "right": 227.5,
                "bottom": 210.5
            }
        },
        {
            "unicode": 3599,
            "advance": 0.65900000000000003,
            "planeBounds": {
                "left": -0.025791855203619915,
                "top": -0.62443438914027138,
                "right": 0.62579185520361991,
                "bottom": 0.29864253393665158
            },
            "atlasBounds": {
                "left": 191.5,
                "top": 211.5,
                "right": 227.5,
                "bottom": 262.5
            }
        },
        {
            "unicode": 3600,
            "advance": 0.58199999999999996,
            "planeBounds": {
                "left": -0.037192307692307677,
                "top": -0.60633484162895923,
                "right": 0.57819230769230778,
                "bottom": 0.37104072398190047
            },
            "atlasBounds": {
                "left": 264.5,
                "top": 213.5,
                "right": 298.5,
                "bottom": 267.5
            }
        },
        {
            "unicode": 3601,
            "advance": 0.66700000000000004,
            "planeBounds": {
                "left": -0.027791855203619913,
                "top": -0.60633484162895923,
                "right": 0.6237918552036199,
                "bottom": 0.045248868778280542
            },
            "atlasBounds": {
                "left": 191.5,
                "top": 263.5,
                "right": 227.5,
                "bottom": 299.5
            }
        },
        {
            "unicode": 3602,
            "advance": 0.95700000000000007,
            "planeBounds": {
                "left": -0.0020384615384615471,
                "top": -0.60633484162895923,
                "right": 0.92103846153846147,
                "bottom": 0.045248868778280542
            },
            "atlasBounds": {
                "left": 0.5,
                "top": 201.5,
                "right": 51.5,
                "bottom": 237.5
            }
        },
        {
            "unicode": 3603,
            "advance": 0.91800000000000004,
            "planeBounds": {
                "left": -0.0075384615384615546,
                "top": -0.6244343891402715,
                "right": 0.91553846153846141,
                "bottom": 0.045248868778280542
            },
            "atlasBounds": {
                "left": 0.5,
                "top": 238.5,
                "right": 51.5,
                "bottom": 275.5
            }
        },
        {
            "unicode": 3604,
            "advance": 0.67700000000000005,
            "planeBounds": {
                "left": 0.0037579185520362195,
                "top": -0.6244343891402715,
                "right": 0.63724208144796379,
                "bottom": 0.045248868778280542
            },
            "atlasBounds": {
                "left": 228.5,
                "top": 173.5,
                "right": 263.5,
                "bottom": 210.5
            }
        },
        {
            "unicode": 3605,
            "advance": 0.67700000000000005,
            "planeBounds": {
                "left": 0.0037579185520362195,
                "top": -0.60633484162895923,
                "right": 0.63724208144796379,
                "bottom": 0.045248868778280542
            },
            "atlasBounds": {
                "left": 228.5,
                "top": 136.5,
                "right": 263.5,
                "bottom": 172.5
            }
        },
        {
            "unicode": 3606,
            "advance": 0.63900000000000001,
            "planeBounds": {
                "left": 0.00035746606334842213,
                "top": -0.6244343891402715,
                "right": 0.59764253393665145,
                "bottom": 0.045248868778280542
            },
            "atlasBounds": {
                "left": 264.5,
                "top": 394.5,
                "right": 297.5,
                "bottom": 431.5
            }
        },
        {
            "unicode": 3607,
            "advance": 0.68500000000000005,
            "planeBounds": {
                "left": -0.023841628959276006,
                "top": -0.60633484162895923,
                "right": 0.64584162895927599,
                "bottom": 0.045248868778280542
            },
            "atlasBounds": {
                "left": 152.5,
                "top": 330.5,
                "right": 189.5,
                "bottom": 366.5
            }
        },
        {
            "unicode": 3608,
            "advance": 0.58699999999999997,
            "planeBounds": {
                "left": -0.0035927601809954924,
                "top": -0.60633484162895923,
                "right": 0.57559276018099548,
                "bottom": 0.045248868778280542
            },
            "atlasBounds": {
                "left": 366.5,
                "top": 38.5,
                "right": 398.5,
                "bottom": 74.5
            }
        },
        {
            "unicode": 3609,
            "advance": 0.65400000000000003,
            "planeBounds": {
                "left": -0.022841628959276047,
                "top": -0.60633484162895923,
                "right": 0.64684162895927599,
                "bottom": 0.045248868778280542
            },
            "atlasBounds": {
                "left": 152.5,
                "top": 367.5,
                "right": 189.5,
                "bottom": 403.5
            }
        },
        {
            "unicode": 3610,
            "advance": 0.66900000000000004,
            "planeBounds": {
                "left": -0.017791855203619915,
                "top": -0.60633484162895923,
                "right": 0.63379185520361991,
                "bottom": 0.045248868778280542
            },
            "atlasBounds": {
                "left": 191.5,
                "top": 342.5,
                "right": 227.5,
                "bottom": 378.5
            }
        },
        {
            "unicode": 3611,
            "advance": 0.66900000000000004,
            "planeBounds": {
                "left": -0.017791855203619915,
                "top": -0.80542986425339358,
                "right": 0.63379185520361991,
                "bottom": 0.045248868778280542
            },
            "atlasBounds": {
                "left": 191.5,
                "top": 379.5,
                "right": 227.5,
                "bottom": 426.5
            }
        },
        {
            "unicode": 3612,
            "advance": 0.68400000000000005,
            "planeBounds": {
                "left": 0.043357466063348428,
                "top": -0.60633484162895923,
                "right": 0.64064253393665149,
                "bottom": 0.045248868778280542
            },
            "atlasBounds": {
                "left": 299.5,
                "top": 0.5,
                "right": 332.5,
                "bottom": 36.5
            }
        },
        {
            "unicode": 3613,
            "advance": 0.68400000000000005,
            "planeBounds": {
                "left": 0.043357466063348428,
                "top": -0.80542986425339358,
                "right": 0.64064253393665149,
                "bottom": 0.045248868778280542
            },
            "atlasBounds": {
                "left": 299.5,
                "top": 185.5,
                "right": 332.5,
                "bottom": 232.5
            }
        },
        {
            "unicode": 3614,
            "advance": 0.747,
            "planeBounds": {
                "left": -0.019990950226244329,
                "top": -0.60633484162895923,
                "right": 0.70399095022624436,
                "bottom": 0.045248868778280542
            },
            "atlasBounds": {
                "left": 110.5,
                "top": 117.5,
                "right": 150.5,
                "bottom": 153.5
            }
        },
        {
            "unicode": 3615,
            "advance": 0.747,
            "planeBounds": {
                "left": -0.019990950226244329,
                "top": -0.80542986425339358,
                "right": 0.70399095022624436,
                "bottom": 0.045248868778280542
            },
            "atlasBounds": {
                "left": 110.5,
                "top": 154.5,
                "right": 150.5,
                "bottom": 201.5
            }
        },
        {
            "unicode": 3616,
            "advance": 0.65800000000000003,
            "planeBounds": {
                "left": -0.017242081447963811,
                "top": -0.6244343891402715,
                "right": 0.61624208144796377,
                "bottom": 0.045248868778280542
            },
            "atlasBounds": {
                "left": 228.5,
                "top": 322.5,
                "right": 263.5,
                "bottom": 359.5
            }
        },
        {
            "unicode": 3617,
            "advance": 0.65800000000000003,
            "planeBounds": {
                "left": -0.01174208144796381,
                "top": -0.60633484162895923,
                "right": 0.62174208144796372,
                "bottom": 0.045248868778280542
            },
            "atlasBounds": {
                "left": 228.5,
                "top": 248.5,
                "right": 263.5,
                "bottom": 284.5
            }
        },
        {
            "unicode": 3618,
            "advance": 0.64800000000000002,
            "planeBounds": {
                "left": 0.010857466063348427,
                "top": -0.60633484162895923,
                "right": 0.60814253393665152,
                "bottom": 0.045248868778280542
            },
            "atlasBounds": {
                "left": 299.5,
                "top": 233.5,
                "right": 332.5,
                "bottom": 269.5
            }
        },
        {
            "unicode": 3619,
            "advance": 0.5,
            "planeBounds": {
                "left": -0.031443438914027177,
                "top": -0.60633484162895923,
                "right": 0.49344343891402709,
                "bottom": 0.045248868778280542
            },
            "atlasBounds": {
                "left": 399.5,
                "top": 173.5,
                "right": 428.5,
                "bottom": 209.5
            }
        },
        {
            "unicode": 3620,
            "advance": 0.63900000000000001,
            "planeBounds": {
                "left": 0.00035746606334842213,
                "top": -0.6244343891402715,
                "right": 0.59764253393665145,
                "bottom": 0.28054298642533937
            },
            "atlasBounds": {
                "left": 264.5,
                "top": 343.5,
                "right": 297.5,
                "bottom": 393.5
            }
        },
        {
            "unicode": 3621,
            "advance": 0.60499999999999998,
            "planeBounds": {
                "left": 0.0074570135746606144,
                "top": -0.6244343891402715,
                "right": 0.5685429864253394,
                "bottom": 0.045248868778280542
            },
            "atlasBounds": {
                "left": 399.5,
                "top": 47.5,
                "right": 430.5,
                "bottom": 84.5
            }
        },
        {
            "unicode": 3622,
            "advance": 0.65800000000000003,
            "planeBounds": {
                "left": -0.017242081447963811,
                "top": -0.6244343891402715,
                "right": 0.61624208144796377,
                "bottom": 0.28054298642533937
            },
            "atlasBounds": {
                "left": 228.5,
                "top": 47.5,
                "right": 263.5,
                "bottom": 97.5
            }
        },
        {
            "unicode": 3623,
            "advance": 0.501,
            "planeBounds": {
                "left": -0.025843891402714942,
                "top": -0.6244343891402715,
                "right": 0.46284389140271492,
                "bottom": 0.045248868778280542
            },
            "atlasBounds": {
                "left": 431.5,
                "top": 259.5,
                "right": 458.5,
                "bottom": 296.5
            }
        },
        {
            "unicode": 3624,
            "advance": 0.67400000000000004,
            "planeBounds": {
                "left": 0.014608597285067871,
                "top": -0.6244343891402715,
                "right": 0.70239140271493206,
                "bottom": 0.045248868778280542
            },
            "atlasBounds": {
                "left": 152.5,
                "top": 43.5,
                "right": 190.5,
                "bottom": 80.5
            }
        },
        {
            "unicode": 3625,
            "advance": 0.69900000000000007,
            "planeBounds": {
                "left": -0.017040723981900471,
                "top": -0.60633484162895923,
                "right": 0.72504072398190045,
                "bottom": 0.045248868778280542
            },
            "atlasBounds": {
                "left": 110.5,
                "top": 35.5,
                "right": 151.5,
                "bottom": 71.5
            }
        },
        {
            "unicode": 3626,
            "advance": 0.60799999999999998,
            "planeBounds": {
                "left": 0.0072579185520361611,
                "top": -0.6244343891402715,
                "right": 0.64074208144796363,
                "bottom": 0.045248868778280542
            },
            "atlasBounds": {
                "left": 228.5,
                "top": 98.5,
                "right": 263.5,
                "bottom": 135.5
            }
        },
        {
            "unicode": 3627,
            "advance": 0.68500000000000005,
            "planeBounds": {
                "left": -0.023341628959276054,
                "top": -0.60633484162895923,
                "right": 0.64634162895927605,
                "bottom": 0.045248868778280542
            },
            "atlasBounds": {
                "left": 152.5,
                "top": 257.5,
                "right": 189.5,
                "bottom": 293.5
            }
        },
        {
            "unicode": 3628,
            "advance": 0.748,
            "planeBounds": {
                "left": -0.02009049773755657,
                "top": -0.82352941176470584,
                "right": 0.74009049773755653,
                "bottom": 0.045248868778280542
            },
            "atlasBounds": {
                "left": 62.5,
                "top": 359.5,
                "right": 104.5,
                "bottom": 407.5
            }
        },
        {
            "unicode": 3629,
            "advance": 0.61599999999999999,
            "planeBounds": {
                "left": 0.02345701357466063,
                "top": -0.6244343891402715,
                "right": 0.58454298642533931,
                "bottom": 0.045248868778280542
            },
            "atlasBounds": {
                "left": 366.5,
                "top": 444.5,
                "right": 397.5,
                "bottom": 481.5
            }
        },
        {
            "unicode": 3630,
            "advance": 0.627,
            "planeBounds": {
                "left": 0.012807692307692275,
                "top": -0.6244343891402715,
                "right": 0.62819230769230761,
                "bottom": 0.045248868778280542
            },
            "atlasBounds": {
                "left": 228.5,
                "top": 442.5,
                "right": 262.5,
                "bottom": 479.5
            }
        },
        {
            "unicode": 3631,
            "advance": 0.53400000000000003,
            "planeBounds": {
                "left": -0.033443438914027172,
                "top": -0.60633484162895923,
                "right": 0.49144343891402714,
                "bottom": 0.045248868778280542
            },
            "atlasBounds": {
                "left": 399.5,
                "top": 340.5,
                "right": 428.5,
                "bottom": 376.5
            }
        },
        {
            "unicode": 3632,
            "advance": 0.42399999999999999,
            "planeBounds": {
                "left": -0.027794117647058823,
                "top": -0.58823529411764708,
                "right": 0.44279411764705884,
                "bottom": 0.027149321266968326
            },
            "atlasBounds": {
                "left": 23.5,
                "top": 454.5,
                "right": 49.5,
                "bottom": 488.5
            }
        },
        {
            "unicode": 3633,
            "advance": 0,
            "planeBounds": {
                "left": -0.45884389140271492,
                "top": -0.89592760180995468,
                "right": 0.029843891402714918,
                "bottom": -0.58823529411764708
            },
            "atlasBounds": {
                "left": 431.5,
                "top": 147.5,
                "right": 458.5,
                "bottom": 164.5
            }
        },
        {
            "unicode": 3634,
            "advance": 0.44,
            "planeBounds": {
                "left": -0.045244343891402722,
                "top": -0.60633484162895923,
                "right": 0.40724434389140274,
                "bottom": 0.045248868778280542
            },
            "atlasBounds": {
                "left": 431.5,
                "top": 469.5,
                "right": 456.5,
                "bottom": 505.5
            }
        },
        {
            "unicode": 3635,
            "advance": 0.44,
            "planeBounds": {
                "left": -0.32199095022624435,
                "top": -0.91402714932126694,
                "right": 0.40199095022624426,
                "bottom": 0.045248868778280542
            },
            "atlasBounds": {
                "left": 110.5,
                "top": 202.5,
                "right": 150.5,
                "bottom": 255.5
            }
        },
        {
            "unicode": 3636,
            "advance": 0,
            "planeBounds": {
                "left": -0.59954298642533932,
                "top": -0.89592760180995468,
                "right": -0.038457013574660665,
                "bottom": -0.58823529411764708
            },
            "atlasBounds": {
                "left": 366.5,
                "top": 426.5,
                "right": 397.5,
                "bottom": 443.5
            }
        },
        {
            "unicode": 3637,
            "advance": 0,
            "planeBounds": {
                "left": -0.59954298642533932,
                "top": -0.89592760180995468,
                "right": -0.038457013574660665,
                "bottom": -0.58823529411764708
            },
            "atlasBounds": {
                "left": 366.5,
                "top": 408.5,
                "right": 397.5,
                "bottom": 425.5
            }
        },
        {
            "unicode": 3638,
            "advance": 0,
            "planeBounds": {
                "left": -0.59864253393665146,
                "top": -0.89592760180995468,
                "right": -0.0013574660633483974,
                "bottom": -0.58823529411764708
            },
            "atlasBounds": {
                "left": 152.5,
                "top": 494.5,
                "right": 185.5,
                "bottom": 511.5
            }
        },
        {
            "unicode": 3639,
            "advance": 0,
            "planeBounds": {
                "left": -0.59954298642533932,
                "top": -0.89592760180995468,
                "right": -0.038457013574660665,
                "bottom": -0.58823529411764708
            },
            "atlasBounds": {
                "left": 366.5,
                "top": 354.5,
                "right": 397.5,
                "bottom": 371.5
            }
        },
        {
            "unicode": 3640,
            "advance": 0,
            "planeBounds": {
                "left": -0.35939592760180994,
                "top": 0.0090497737556561337,
                "right": -0.033604072398190056,
                "bottom": 0.37104072398190047
            },
            "atlasBounds": {
                "left": 485.5,
                "top": 0.5,
                "right": 503.5,
                "bottom": 20.5
            }
        },
        {
            "unicode": 3641,
            "advance": 0,
            "planeBounds": {
                "left": -0.50329411764705878,
                "top": 0.0090497737556561337,
                "right": -0.032705882352941161,
                "bottom": 0.37104072398190047
            },
            "atlasBounds": {
                "left": 23.5,
                "top": 489.5,
                "right": 49.5,
                "bottom": 509.5
            }
        },
        {
            "unicode": 3642,
            "advance": 0,
            "planeBounds": {
                "left": -0.28824660633484162,
                "top": 0.0090497737556561337,
                "right": -0.016753393665158399,
                "bottom": 0.28054298642533937
            },
            "atlasBounds": {
                "left": 485.5,
                "top": 152.5,
                "right": 500.5,
                "bottom": 167.5
            }
        },
        {
            "unicode": 3647,
            "advance": 0.57500000000000007,
            "planeBounds": {
                "left": 0.029006787330316731,
                "top": -0.80542986425339369,
                "right": 0.57199321266968328,
                "bottom": 0.099547511312217202
            },
            "atlasBounds": {
                "left": 399.5,
                "top": 122.5,
                "right": 429.5,
                "bottom": 172.5
            }
        },
        {
            "unicode": 3648,
            "advance": 0.35899999999999999,
            "planeBounds": {
                "left": 0.05060407239819003,
                "top": -0.60633484162895923,
                "right": 0.37639592760180995,
                "bottom": 0.045248868778280542
            },
            "atlasBounds": {
                "left": 110.5,
                "top": 475.5,
                "right": 128.5,
                "bottom": 511.5
            }
        },
        {
            "unicode": 3649,
            "advance": 0.66500000000000004,
            "planeBounds": {
                "left": 0.050257918552036186,
                "top": -0.60633484162895923,
                "right": 0.68374208144796378,
                "bottom": 0.045248868778280542
            },
            "atlasBounds": {
                "left": 228.5,
                "top": 211.5,
                "right": 263.5,
                "bottom": 247.5
            }
        },
        {
            "unicode": 3650,
            "advance": 0.38500000000000001,
            "planeBounds": {
                "left": -0.053893665158371053,
                "top": -0.96832579185520351,
                "right": 0.45289366515837104,
                "bottom": 0.045248868778280542
            },
            "atlasBounds": {
                "left": 399.5,
                "top": 413.5,
                "right": 427.5,
                "bottom": 469.5
            }
        },
        {
            "unicode": 3651,
            "advance": 0.38500000000000001,
            "planeBounds": {
                "left": -0.049843891402714946,
                "top": -0.96832579185520351,
                "right": 0.4388438914027149,
                "bottom": 0.045248868778280542
            },
            "atlasBounds": {
                "left": 431.5,
                "top": 0.5,
                "right": 458.5,
                "bottom": 56.5
            }
        },
        {
            "unicode": 3652,
            "advance": 0.36599999999999999,
            "planeBounds": {
                "left": -0.082843891402714948,
                "top": -0.96832579185520351,
                "right": 0.40584389140271493,
                "bottom": 0.045248868778280542
            },
            "atlasBounds": {
                "left": 431.5,
                "top": 318.5,
                "right": 458.5,
                "bottom": 374.5
            }
        },
        {
            "unicode": 3653,
            "advance": 0.44,
            "planeBounds": {
                "left": -0.045244343891402722,
                "top": -0.60633484162895923,
                "right": 0.40724434389140274,
                "bottom": 0.28054298642533937
            },
            "atlasBounds": {
                "left": 431.5,
                "top": 419.5,
                "right": 456.5,
                "bottom": 468.5
            }
        },
        {
            "unicode": 3654,
            "advance": 0.59699999999999998,
            "planeBounds": {
                "left": -0.014592760180995491,
                "top": -0.60633484162895923,
                "right": 0.56459276018099547,
                "bottom": 0.28054298642533937
            },
            "atlasBounds": {
                "left": 333.5,
                "top": 439.5,
                "right": 365.5,
                "bottom": 488.5
            }
        },
        {
            "unicode": 3655,
            "advance": 0,
            "planeBounds": {
                "left": -0.55739366515837108,
                "top": -0.98642533936651577,
                "right": -0.05060633484162895,
                "bottom": -0.58823529411764708
            },
            "atlasBounds": {
                "left": 333.5,
                "top": 489.5,
                "right": 361.5,
                "bottom": 511.5
            }
        },
        {
            "unicode": 3656,
            "advance": 0,
            "planeBounds": {
                "left": -0.27214705882352941,
                "top": -1.08402714932126694,
                "right": -0.036852941176470609,
                "bottom": -0.75823529411764708
            },
            "atlasBounds": {
                "left": 485.5,
                "top": 412.5,
                "right": 498.5,
                "bottom": 430.5
            }
        },
        {
            "unicode": 3657,
            "advance": 0,
            "planeBounds": {
                "left": -0.49234389140271495,
                "top": -1.12022624434389136,
                "right": -0.0036561085972850833,
                "bottom": -0.75823529411764708
            },
            "atlasBounds": {
                "left": 431.5,
                "top": 297.5,
                "right": 458.5,
                "bottom": 317.5
            }
        },
        {
            "unicode": 3658,
            "advance": 0,
            "planeBounds": {
                "left": -0.53993561732385265,
                "top": -1.12022624434389136,
                "right": 0.039249903038138315,
                "bottom": -0.75823529411764708
            },
            "atlasBounds": {
                "left": 299.5,
                "top": 421.5,
                "right": 331.5,
                "bottom": 441.5
            }
        },
        {
            "unicode": 3659,
            "advance": 0,
            "planeBounds": {
                "left": -0.35409502262443437,
                "top": -1.1021266968325792,
                "right": 0.044095022624434363,
                "bottom": -0.75823529411764708
            },
            "atlasBounds": {
                "left": 459.5,
                "top": 257.5,
                "right": 481.5,
                "bottom": 276.5
            }
        },
        {
            "unicode": 3660,
            "advance": 0,
            "planeBounds": {
                "left": -0.37054524886877827,
                "top": -1.12022624434389136,
                "right": 0.0095452488687782881,
                "bottom": -0.75823529411764708
            },
            "atlasBounds": {
                "left": 459.5,
                "top": 277.5,
                "right": 480.5,
                "bottom": 297.5
            }
        },
        {
            "unicode": 3661,
            "advance": 0,
            "planeBounds": {
                "left": -0.32544570135746603,
                "top": -0.91402714932126694,
                "right": 0.018445701357466079,
                "bottom": -0.58823529411764708
            },
            "atlasBounds": {
                "left": 129.5,
                "top": 475.5,
                "right": 148.5,
                "bottom": 493.5
            }
        },
        {
            "unicode": 3662,
            "advance": 0,
            "planeBounds": {
                "left": -0.3398461538461538,
                "top": -0.95022624434389136,
                "right": -0.03215384615384613,
                "bottom": -0.58823529411764708
            },
            "atlasBounds": {
                "left": 485.5,
                "top": 131.5,
                "right": 502.5,
                "bottom": 151.5
            }
        },
        {
            "unicode": 3663,
            "advance": 0.64700000000000002,
            "planeBounds": {
                "left": 0.0067579185520361667,
                "top": -0.57013574660633481,
                "right": 0.6402420814479638,
                "bottom": 0.027149321266968326
            },
            "atlasBounds": {
                "left": 191.5,
                "top": 473.5,
                "right": 226.5,
                "bottom": 506.5
            }
        },
        {
            "unicode": 3664,
            "advance": 0.67000000000000004,
            "planeBounds": {
                "left": -0.00034162895927600804,
                "top": -0.57013574660633481,
                "right": 0.66934162895927607,
                "bottom": 0.063348416289592757
            },
            "atlasBounds": {
                "left": 152.5,
                "top": 294.5,
                "right": 189.5,
                "bottom": 329.5
            }
        },
        {
            "unicode": 3665,
            "advance": 0.67800000000000005,
            "planeBounds": {
                "left": 0.003658371040723992,
                "top": -0.57013574660633481,
                "right": 0.67334162895927607,
                "bottom": 0.13574660633484165
            },
            "atlasBounds": {
                "left": 152.5,
                "top": 171.5,
                "right": 189.5,
                "bottom": 210.5
            }
        },
        {
            "unicode": 3666,
            "advance": 0.82600000000000007,
            "planeBounds": {
                "left": 0.033909502262443429,
                "top": -0.67873303167420806,
                "right": 0.79409049773755647,
                "bottom": 0.045248868778280542
            },
            "atlasBounds": {
                "left": 62.5,
                "top": 318.5,
                "right": 104.5,
                "bottom": 358.5
            }
        },
        {
            "unicode": 3667,
            "advance": 0.78300000000000003,
            "planeBounds": {
                "left": 0.017959276018099563,
                "top": -0.57013574660633481,
                "right": 0.76004072398190048,
                "bottom": 0.045248868778280542
            },
            "atlasBounds": {
                "left": 110.5,
                "top": 0.5,
                "right": 151.5,
                "bottom": 34.5
            }
        },
        {
            "unicode": 3668,
            "advance": 0.66100000000000003,
            "planeBounds": {
                "left": 0.003108597285067832,
                "top": -0.67873303167420806,
                "right": 0.6908914027149321,
                "bottom": 0.045248868778280542
            },
            "atlasBounds": {
                "left": 110.5,
                "top": 387.5,
                "right": 148.5,
                "bottom": 427.5
            }
        },
        {
            "unicode": 3669,
            "advance": 0.66100000000000003,
            "planeBounds": {
                "left": 0.003108597285067832,
                "top": -0.71493212669683248,
                "right": 0.6908914027149321,
                "bottom": 0.045248868778280542
            },
            "atlasBounds": {
                "left": 152.5,
                "top": 0.5,
                "right": 190.5,
                "bottom": 42.5
            }
        },
        {
            "unicode": 3670,
            "advance": 0.63100000000000001,
            "planeBounds": {
                "left": -0.021791855203619915,
                "top": -0.67873303167420818,
                "right": 0.62979185520361991,
                "bottom": 0.063348416289592757
            },
            "atlasBounds": {
                "left": 191.5,
                "top": 300.5,
                "right": 227.5,
                "bottom": 341.5
            }
        },
        {
            "unicode": 3671,
            "advance": 0.97999999999999998,
            "planeBounds": {
                "left": 0.017411764705882328,
                "top": -0.67873303167420806,
                "right": 0.95858823529411763,
                "bottom": 0.045248868778280542
            },
            "atlasBounds": {
                "left": 0.5,
                "top": 78.5,
                "right": 52.5,
                "bottom": 118.5
            }
        },
        {
            "unicode": 3672,
            "advance": 0.70000000000000007,
            "planeBounds": {
                "left": 0.00055882352941176449,
                "top": -0.67873303167420806,
                "right": 0.70644117647058835,
                "bottom": 0.045248868778280542
            },
            "atlasBounds": {
                "left": 110.5,
                "top": 301.5,
                "right": 149.5,
                "bottom": 341.5
            }
        },
        {
            "unicode": 3673,
            "advance": 0.75600000000000001,
            "planeBounds": {
                "left": 0.022409502262443419,
                "top": -0.67873303167420806,
                "right": 0.78259049773755651,
                "bottom": 0.045248868778280542
            },
            "atlasBounds": {
                "left": 62.5,
                "top": 175.5,
                "right": 104.5,
                "bottom": 215.5
            }
        },
        {
            "unicode": 3674,
            "advance": 0.80500000000000005,
            "planeBounds": {
                "left": -0.033690045248868754,
                "top": -0.60633484162895923,
                "right": 0.76269004524886885,
                "bottom": 0.045248868778280542
            },
            "atlasBounds": {
                "left": 62.5,
                "top": 92.5,
                "right": 106.5,
                "bottom": 128.5
            }
        },
        {
            "unicode": 3675,
            "advance": 1.077,
            "planeBounds": {
                "left": 0.0094638009049774676,
                "top": -0.57013574660633481,
                "right": 1.1135361990950228,
                "bottom": 0.0090497737556561094
            },
            "atlasBounds": {
                "left": 0.5,
                "top": 0.5,
                "right": 61.5,
                "bottom": 32.5
            }
        },
        {
            "unicode": 8226,
            "advance": 0.38600000000000001,
            "planeBounds": {
                "left": 0.012004524886877803,
                "top": -0.57013574660633481,
                "right": 0.37399547511312214,
                "bottom": -0.17194570135746606
            },
            "atlasBounds": {
                "left": 459.5,
                "top": 359.5,
                "right": 479.5,
                "bottom": 381.5
            }
        }
    ],
    "kerning": []
}