{
    "atlas": {
        "type": "msdf",
        "distanceRange": 4,
        "distanceRangeMiddle": 0,
        "size": 57.65625,
        "width": 512,
        "height": 512,
        "yOrigin": "top"
    },
    "metrics": {
        "emSize": 1,
        "lineHeight": 1.6000000000000001,
        "ascender": -1.25,
        "descender": 0.35000000000000003,
        "underlineY": 0.125,
        "underlineThickness": 0.050000000000000003
    },
    "glyphs": [
        {
            "unicode": 32,
            "advance": 0.26000000000000001
        },
        {
            "unicode": 33,
            "advance": 0.26900000000000002,
            "planeBounds": {
                "left": 0.02993495934959349,
                "top": -0.7544715447154472,
                "right": 0.23806504065040654,
                "bottom": 0.060704607046070468
            },
            "atlasBounds": {
                "left": 137.5,
                "top": 167.5,
                "right": 149.5,
                "bottom": 214.5
            }
        },
        {
            "unicode": 34,
            "advance": 0.40800000000000003,
            "planeBounds": {
                "left": 0.021886178861788643,
                "top": -0.7544715447154472,
                "right": 0.38611382113821147,
                "bottom": -0.40758807588075879
            },
            "atlasBounds": {
                "left": 129.5,
                "top": 465.5,
                "right": 150.5,
                "bottom": 485.5
            }
        },
        {
            "unicode": 35,
            "advance": 0.64600000000000002,
            "planeBounds": {
                "left": -0.015711382113821108,
                "top": -0.75447154471544731,
                "right": 0.6607113821138213,
                "bottom": 0.043360433604336036
            },
            "atlasBounds": {
                "left": 263.5,
                "top": 167.5,
                "right": 302.5,
                "bottom": 213.5
            }
        },
        {
            "unicode": 36,
            "advance": 0.57200000000000006,
            "planeBounds": {
                "left": 0.020165311653116566,
                "top": -0.80650406504065042,
                "right": 0.55783468834688354,
                "bottom": 0.095392953929539295
            },
            "atlasBounds": {
                "left": 366.5,
                "top": 0.5,
                "right": 397.5,
                "bottom": 52.5
            }
        },
        {
            "unicode": 37,
            "advance": 0.83100000000000007,
            "planeBounds": {
                "left": 0.007911924119241194,
                "top": -0.77181571815718164,
                "right": 0.82308807588075894,
                "bottom": 0.060704607046070468
            },
            "atlasBounds": {
                "left": 224.5,
                "top": 117.5,
                "right": 271.5,
                "bottom": 165.5
            }
        },
        {
            "unicode": 38,
            "advance": 0.73199999999999998,
            "planeBounds": {
                "left": 0.0099281842818428386,
                "top": -0.77181571815718164,
                "right": 0.77307181571815731,
                "bottom": 0.060704607046070468
            },
            "atlasBounds": {
                "left": 272.5,
                "top": 117.5,
                "right": 316.5,
                "bottom": 165.5
            }
        },
        {
            "unicode": 39,
            "advance": 0.22500000000000001,
            "planeBounds": {
                "left": 0.025779132791327913,
                "top": -0.7544715447154472,
                "right": 0.1992208672086721,
                "bottom": -0.40758807588075879
            },
            "atlasBounds": {
                "left": 499.5,
                "top": 323.5,
                "right": 509.5,
                "bottom": 343.5
            }
        },
        {
            "unicode": 40,
            "advance": 0.29999999999999999,
            "planeBounds": {
                "left": -0.0010975609756097456,
                "top": -0.75447154471544731,
                "right": 0.31109756097560981,
                "bottom": 0.19945799457994579
            },
            "atlasBounds": {
                "left": 205.5,
                "top": 0.5,
                "right": 223.5,
                "bottom": 55.5
            }
        },
        {
            "unicode": 41,
            "advance": 0.29999999999999999,
            "planeBounds": {
                "left": -0.011097560975609745,
                "top": -0.75447154471544731,
                "right": 0.3010975609756098,
                "bottom": 0.19945799457994579
            },
            "atlasBounds": {
                "left": 224.5,
                "top": 0.5,
                "right": 242.5,
                "bottom": 55.5
            }
        },
        {
            "unicode": 42,
            "advance": 0.55100000000000005,
            "planeBounds": {
                "left": 0.0056653116531165375,
                "top": -0.80650406504065042,
                "right": 0.54333468834688348,
                "bottom": -0.26883468834688345
            },
            "atlasBounds": {
                "left": 63.5,
                "top": 465.5,
                "right": 94.5,
                "bottom": 496.5
            }
        },
        {
            "unicode": 43,
            "advance": 0.57200000000000006,
            "planeBounds": {
                "left": 0.0074932249322493512,
                "top": -0.6330623306233063,
                "right": 0.56250677506775082,
                "bottom": -0.060704607046070468
            },
            "atlasBounds": {
                "left": 434.5,
                "top": 427.5,
                "right": 466.5,
                "bottom": 460.5
            }
        },
        {
            "unicode": 44,
            "advance": 0.26800000000000002,
            "planeBounds": {
                "left": 0.0037628726287262833,
                "top": -0.16476964769647701,
                "right": 0.22923712737127375,
                "bottom": 0.16476964769647698
            },
            "atlasBounds": {
                "left": 497.5,
                "top": 350.5,
                "right": 510.5,
                "bottom": 369.5
            }
        },
        {
            "unicode": 45,
            "advance": 0.32200000000000001,
            "planeBounds": {
                "left": 0.0049024390243902509,
                "top": -0.35555555555555557,
                "right": 0.31709756097560976,
                "bottom": -0.1821138211382114
            },
            "atlasBounds": {
                "left": 33.5,
                "top": 498.5,
                "right": 51.5,
                "bottom": 508.5
            }
        },
        {
            "unicode": 46,
            "advance": 0.26800000000000002,
            "planeBounds": {
                "left": 0.02993495934959349,
                "top": -0.16476964769647701,
                "right": 0.23806504065040654,
                "bottom": 0.060704607046070468
            },
            "atlasBounds": {
                "left": 499.5,
                "top": 38.5,
                "right": 511.5,
                "bottom": 51.5
            }
        },
        {
            "unicode": 47,
            "advance": 0.372,
            "planeBounds": {
                "left": -0.030802168021680201,
                "top": -0.75447154471544731,
                "right": 0.40280216802168023,
                "bottom": 0.043360433604336036
            },
            "atlasBounds": {
                "left": 303.5,
                "top": 167.5,
                "right": 328.5,
                "bottom": 213.5
            }
        },
        {
            "unicode": 48,
            "advance": 0.57200000000000006,
            "planeBounds": {
                "left": 0.0084932249322493495,
                "top": -0.77181571815718164,
                "right": 0.56350677506775082,
                "bottom": 0.060704607046070468
            },
            "atlasBounds": {
                "left": 317.5,
                "top": 117.5,
                "right": 349.5,
                "bottom": 165.5
            }
        },
        {
            "unicode": 49,
            "advance": 0.57200000000000006,
            "planeBounds": {
                "left": 0.048558265582655864,
                "top": -0.75447154471544731,
                "right": 0.39544173441734426,
                "bottom": 0.043360433604336036
            },
            "atlasBounds": {
                "left": 329.5,
                "top": 167.5,
                "right": 349.5,
                "bottom": 213.5
            }
        },
        {
            "unicode": 50,
            "advance": 0.57200000000000006,
            "planeBounds": {
                "left": 0.0064932249322493356,
                "top": -0.77181571815718164,
                "right": 0.56150677506775082,
                "bottom": 0.043360433604336036
            },
            "atlasBounds": {
                "left": 150.5,
                "top": 167.5,
                "right": 182.5,
                "bottom": 214.5
            }
        },
        {
            "unicode": 51,
            "advance": 0.57200000000000006,
            "planeBounds": {
                "left": 0.0024932249322493511,
                "top": -0.77181571815718164,
                "right": 0.55750677506775081,
                "bottom": 0.060704607046070468
            },
            "atlasBounds": {
                "left": 350.5,
                "top": 117.5,
                "right": 382.5,
                "bottom": 165.5
            }
        },
        {
            "unicode": 52,
            "advance": 0.57200000000000006,
            "planeBounds": {
                "left": -0.017023035230352253,
                "top": -0.75447154471544731,
                "right": 0.59002303523035249,
                "bottom": 0.043360433604336036
            },
            "atlasBounds": {
                "left": 350.5,
                "top": 167.5,
                "right": 385.5,
                "bottom": 213.5
            }
        },
        {
            "unicode": 53,
            "advance": 0.57200000000000006,
            "planeBounds": {
                "left": 0.020165311653116552,
                "top": -0.7544715447154472,
                "right": 0.55783468834688343,
                "bottom": 0.060704607046070468
            },
            "atlasBounds": {
                "left": 183.5,
                "top": 167.5,
                "right": 214.5,
                "bottom": 214.5
            }
        },
        {
            "unicode": 54,
            "advance": 0.57200000000000006,
            "planeBounds": {
                "left": 0.012493224932249351,
                "top": -0.77181571815718164,
                "right": 0.56750677506775082,
                "bottom": 0.060704607046070468
            },
            "atlasBounds": {
                "left": 383.5,
                "top": 117.5,
                "right": 415.5,
                "bottom": 165.5
            }
        },
        {
            "unicode": 55,
            "advance": 0.57200000000000006,
            "planeBounds": {
                "left": 0.0059932249322493568,
                "top": -0.75447154471544731,
                "right": 0.56100677506775087,
                "bottom": 0.043360433604336036
            },
            "atlasBounds": {
                "left": 386.5,
                "top": 167.5,
                "right": 418.5,
                "bottom": 213.5
            }
        },
        {
            "unicode": 56,
            "advance": 0.57200000000000006,
            "planeBounds": {
                "left": 0.0079932249322493421,
                "top": -0.77181571815718164,
                "right": 0.56300677506775088,
                "bottom": 0.060704607046070468
            },
            "atlasBounds": {
                "left": 416.5,
                "top": 117.5,
                "right": 448.5,
                "bottom": 165.5
            }
        },
        {
            "unicode": 57,
            "advance": 0.57200000000000006,
            "planeBounds": {
                "left": 0.0074932249322493512,
                "top": -0.77181571815718164,
                "right": 0.56250677506775082,
                "bottom": 0.060704607046070468
            },
            "atlasBounds": {
                "left": 449.5,
                "top": 117.5,
                "right": 481.5,
                "bottom": 165.5
            }
        },
        {
            "unicode": 58,
            "advance": 0.26800000000000002,
            "planeBounds": {
                "left": 0.02993495934959349,
                "top": -0.59837398373983741,
                "right": 0.23806504065040654,
                "bottom": 0.060704607046070468
            },
            "atlasBounds": {
                "left": 202.5,
                "top": 310.5,
                "right": 214.5,
                "bottom": 348.5
            }
        },
        {
            "unicode": 59,
            "advance": 0.26800000000000002,
            "planeBounds": {
                "left": -0.0089092140921409324,
                "top": -0.59837398373983752,
                "right": 0.23390921409214094,
                "bottom": 0.16476964769647698
            },
            "atlasBounds": {
                "left": 111.5,
                "top": 263.5,
                "right": 125.5,
                "bottom": 307.5
            }
        },
        {
            "unicode": 60,
            "advance": 0.57200000000000006,
            "planeBounds": {
                "left": 0.0079932249322493282,
                "top": -0.65040650406504075,
                "right": 0.56300677506775088,
                "bottom": -0.078048780487804892
            },
            "atlasBounds": {
                "left": 467.5,
                "top": 427.5,
                "right": 499.5,
                "bottom": 460.5
            }
        },
        {
            "unicode": 61,
            "advance": 0.57200000000000006,
            "planeBounds": {
                "left": 0.01716531165311656,
                "top": -0.52899728997289985,
                "right": 0.55483468834688354,
                "bottom": -0.1821138211382114
            },
            "atlasBounds": {
                "left": 151.5,
                "top": 465.5,
                "right": 182.5,
                "bottom": 485.5
            }
        },
        {
            "unicode": 62,
            "advance": 0.57200000000000006,
            "planeBounds": {
                "left": 0.0079932249322493282,
                "top": -0.65040650406504075,
                "right": 0.56300677506775088,
                "bottom": -0.078048780487804892
            },
            "atlasBounds": {
                "left": 401.5,
                "top": 427.5,
                "right": 433.5,
                "bottom": 460.5
            }
        },
        {
            "unicode": 63,
            "advance": 0.434,
            "planeBounds": {
                "left": -0.024146341463414631,
                "top": -0.77181571815718164,
                "right": 0.4441463414634147,
                "bottom": 0.060704607046070468
            },
            "atlasBounds": {
                "left": 0.5,
                "top": 167.5,
                "right": 27.5,
                "bottom": 215.5
            }
        },
        {
            "unicode": 64,
            "advance": 0.89900000000000002,
            "planeBounds": {
                "left": 0.015895663956639567,
                "top": -0.7544715447154472,
                "right": 0.88310433604336058,
                "bottom": 0.13008130081300814
            },
            "atlasBounds": {
                "left": 161.5,
                "top": 64.5,
                "right": 211.5,
                "bottom": 115.5
            }
        },
        {
            "unicode": 65,
            "advance": 0.63900000000000001,
            "planeBounds": {
                "left": -0.036555555555555515,
                "top": -0.75447154471544731,
                "right": 0.67455555555555569,
                "bottom": 0.043360433604336036
            },
            "atlasBounds": {
                "left": 419.5,
                "top": 167.5,
                "right": 460.5,
                "bottom": 213.5
            }
        },
        {
            "unicode": 66,
            "advance": 0.65000000000000002,
            "planeBounds": {
                "left": 0.06032113821138211,
                "top": -0.75447154471544731,
                "right": 0.63267886178861799,
                "bottom": 0.043360433604336036
            },
            "atlasBounds": {
                "left": 461.5,
                "top": 167.5,
                "right": 494.5,
                "bottom": 213.5
            }
        },
        {
            "unicode": 67,
            "advance": 0.63200000000000001,
            "planeBounds": {
                "left": 0.01880487804878048,
                "top": -0.77181571815718164,
                "right": 0.64319512195121953,
                "bottom": 0.060704607046070468
            },
            "atlasBounds": {
                "left": 28.5,
                "top": 167.5,
                "right": 64.5,
                "bottom": 215.5
            }
        },
        {
            "unicode": 68,
            "advance": 0.72999999999999998,
            "planeBounds": {
                "left": 0.062132791327913328,
                "top": -0.75447154471544731,
                "right": 0.70386720867208685,
                "bottom": 0.043360433604336036
            },
            "atlasBounds": {
                "left": 0.5,
                "top": 216.5,
                "right": 37.5,
                "bottom": 262.5
            }
        },
        {
            "unicode": 69,
            "advance": 0.55600000000000005,
            "planeBounds": {
                "left": 0.053681571815718185,
                "top": -0.75447154471544731,
                "right": 0.53931842818428199,
                "bottom": 0.043360433604336036
            },
            "atlasBounds": {
                "left": 38.5,
                "top": 216.5,
                "right": 66.5,
                "bottom": 262.5
            }
        },
        {
            "unicode": 70,
            "advance": 0.51900000000000002,
            "planeBounds": {
                "left": 0.053681571815718185,
                "top": -0.75447154471544731,
                "right": 0.53931842818428199,
                "bottom": 0.043360433604336036
            },
            "atlasBounds": {
                "left": 67.5,
                "top": 216.5,
                "right": 95.5,
                "bottom": 262.5
            }
        },
        {
            "unicode": 71,
            "advance": 0.72799999999999998,
            "planeBounds": {
                "left": 0.019288617886178878,
                "top": -0.77181571815718164,
                "right": 0.69571138211382133,
                "bottom": 0.060704607046070468
            },
            "atlasBounds": {
                "left": 65.5,
                "top": 167.5,
                "right": 104.5,
                "bottom": 215.5
            }
        },
        {
            "unicode": 72,
            "advance": 0.74099999999999999,
            "planeBounds": {
                "left": 0.057804878048780525,
                "top": -0.75447154471544731,
                "right": 0.68219512195121956,
                "bottom": 0.043360433604336036
            },
            "atlasBounds": {
                "left": 96.5,
                "top": 216.5,
                "right": 132.5,
                "bottom": 262.5
            }
        },
        {
            "unicode": 73,
            "advance": 0.33900000000000002,
            "planeBounds": {
                "left": 0.0042303523035230684,
                "top": -0.75447154471544731,
                "right": 0.33376964769647705,
                "bottom": 0.043360433604336036
            },
            "atlasBounds": {
                "left": 133.5,
                "top": 216.5,
                "right": 152.5,
                "bottom": 262.5
            }
        },
        {
            "unicode": 74,
            "advance": 0.27300000000000002,
            "planeBounds": {
                "left": -0.11276964769647697,
                "top": -0.75447154471544731,
                "right": 0.216769647696477,
                "bottom": 0.23414634146341465
            },
            "atlasBounds": {
                "left": 109.5,
                "top": 0.5,
                "right": 128.5,
                "bottom": 57.5
            }
        },
        {
            "unicode": 75,
            "advance": 0.61899999999999999,
            "planeBounds": {
                "left": 0.054476964769647737,
                "top": -0.75447154471544731,
                "right": 0.6615230352303525,
                "bottom": 0.043360433604336036
            },
            "atlasBounds": {
                "left": 153.5,
                "top": 216.5,
                "right": 188.5,
                "bottom": 262.5
            }
        },
        {
            "unicode": 76,
            "advance": 0.52400000000000002,
            "planeBounds": {
                "left": 0.055181571815718172,
                "top": -0.75447154471544731,
                "right": 0.54081842818428194,
                "bottom": 0.043360433604336036
            },
            "atlasBounds": {
                "left": 189.5,
                "top": 216.5,
                "right": 217.5,
                "bottom": 262.5
            }
        },
        {
            "unicode": 77,
            "advance": 0.90700000000000003,
            "planeBounds": {
                "left": 0.05458401084010845,
                "top": -0.75447154471544731,
                "right": 0.85241598915989181,
                "bottom": 0.043360433604336036
            },
            "atlasBounds": {
                "left": 218.5,
                "top": 216.5,
                "right": 264.5,
                "bottom": 262.5
            }
        },
        {
            "unicode": 78,
            "advance": 0.76000000000000001,
            "planeBounds": {
                "left": 0.059132791327913284,
                "top": -0.75447154471544731,
                "right": 0.70086720867208685,
                "bottom": 0.043360433604336036
            },
            "atlasBounds": {
                "left": 265.5,
                "top": 216.5,
                "right": 302.5,
                "bottom": 262.5
            }
        },
        {
            "unicode": 79,
            "advance": 0.78100000000000003,
            "planeBounds": {
                "left": 0.026272357723577243,
                "top": -0.77181571815718164,
                "right": 0.75472764227642286,
                "bottom": 0.060704607046070468
            },
            "atlasBounds": {
                "left": 469.5,
                "top": 64.5,
                "right": 511.5,
                "bottom": 112.5
            }
        },
        {
            "unicode": 80,
            "advance": 0.60499999999999998,
            "planeBounds": {
                "left": 0.056665311653116564,
                "top": -0.75447154471544731,
                "right": 0.59433468834688352,
                "bottom": 0.043360433604336036
            },
            "atlasBounds": {
                "left": 303.5,
                "top": 216.5,
                "right": 334.5,
                "bottom": 262.5
            }
        },
        {
            "unicode": 81,
            "advance": 0.78100000000000003,
            "planeBounds": {
                "left": 0.026272357723577243,
                "top": -0.77181571815718164,
                "right": 0.75472764227642286,
                "bottom": 0.21680216802168023
            },
            "atlasBounds": {
                "left": 129.5,
                "top": 0.5,
                "right": 171.5,
                "bottom": 57.5
            }
        },
        {
            "unicode": 82,
            "advance": 0.622,
            "planeBounds": {
                "left": 0.05714905149051492,
                "top": -0.75447154471544731,
                "right": 0.64685094850948521,
                "bottom": 0.043360433604336036
            },
            "atlasBounds": {
                "left": 335.5,
                "top": 216.5,
                "right": 369.5,
                "bottom": 262.5
            }
        },
        {
            "unicode": 83,
            "advance": 0.54900000000000004,
            "planeBounds": {
                "left": 0.0076653116531165428,
                "top": -0.77181571815718164,
                "right": 0.54533468834688348,
                "bottom": 0.060704607046070468
            },
            "atlasBounds": {
                "left": 105.5,
                "top": 167.5,
                "right": 136.5,
                "bottom": 215.5
            }
        },
        {
            "unicode": 84,
            "advance": 0.55600000000000005,
            "planeBounds": {
                "left": -0.026023035230352289,
                "top": -0.75447154471544731,
                "right": 0.58102303523035248,
                "bottom": 0.043360433604336036
            },
            "atlasBounds": {
                "left": 370.5,
                "top": 216.5,
                "right": 405.5,
                "bottom": 262.5
            }
        },
        {
            "unicode": 85,
            "advance": 0.73099999999999998,
            "planeBounds": {
                "left": 0.052804878048780493,
                "top": -0.7544715447154472,
                "right": 0.67719512195121956,
                "bottom": 0.060704607046070468
            },
            "atlasBounds": {
                "left": 215.5,
                "top": 167.5,
                "right": 251.5,
                "bottom": 214.5
            }
        },
        {
            "unicode": 86,
            "advance": 0.59999999999999998,
            "planeBounds": {
                "left": -0.038211382113821128,
                "top": -0.75447154471544731,
                "right": 0.63821138211382133,
                "bottom": 0.043360433604336036
            },
            "atlasBounds": {
                "left": 406.5,
                "top": 216.5,
                "right": 445.5,
                "bottom": 262.5
            }
        },
        {
            "unicode": 87,
            "advance": 0.93000000000000005,
            "planeBounds": {
                "left": -0.029808943089430853,
                "top": -0.75447154471544731,
                "right": 0.9588089430894311,
                "bottom": 0.043360433604336036
            },
            "atlasBounds": {
                "left": 446.5,
                "top": 216.5,
                "right": 503.5,
                "bottom": 262.5
            }
        },
        {
            "unicode": 88,
            "advance": 0.58599999999999997,
            "planeBounds": {
                "left": -0.036539295392953905,
                "top": -0.75447154471544731,
                "right": 0.62253929539295405,
                "bottom": 0.043360433604336036
            },
            "atlasBounds": {
                "left": 0.5,
                "top": 263.5,
                "right": 38.5,
                "bottom": 309.5
            }
        },
        {
            "unicode": 89,
            "advance": 0.56600000000000006,
            "planeBounds": {
                "left": -0.037867208672086719,
                "top": -0.75447154471544731,
                "right": 0.60386720867208676,
                "bottom": 0.043360433604336036
            },
            "atlasBounds": {
                "left": 39.5,
                "top": 263.5,
                "right": 76.5,
                "bottom": 309.5
            }
        },
        {
            "unicode": 90,
            "advance": 0.57200000000000006,
            "planeBounds": {
                "left": -0.00067886178861785679,
                "top": -0.75447154471544731,
                "right": 0.57167886178861793,
                "bottom": 0.043360433604336036
            },
            "atlasBounds": {
                "left": 77.5,
                "top": 263.5,
                "right": 110.5,
                "bottom": 309.5
            }
        },
        {
            "unicode": 91,
            "advance": 0.32900000000000001,
            "planeBounds": {
                "left": 0.044574525745257478,
                "top": -0.75447154471544731,
                "right": 0.33942547425474262,
                "bottom": 0.19945799457994579
            },
            "atlasBounds": {
                "left": 243.5,
                "top": 0.5,
                "right": 260.5,
                "bottom": 55.5
            }
        },
        {
            "unicode": 93,
            "advance": 0.32900000000000001,
            "planeBounds": {
                "left": -0.010425474254742521,
                "top": -0.75447154471544731,
                "right": 0.28442547425474263,
                "bottom": 0.19945799457994579
            },
            "atlasBounds": {
                "left": 261.5,
                "top": 0.5,
                "right": 278.5,
                "bottom": 55.5
            }
        },
        {
            "unicode": 94,
            "advance": 0.57200000000000006,
            "planeBounds": {
                "left": -0.00017886178861784962,
                "top": -0.7544715447154472,
                "right": 0.57217886178861799,
                "bottom": -0.21680216802168023
            },
            "atlasBounds": {
                "left": 95.5,
                "top": 465.5,
                "right": 128.5,
                "bottom": 496.5
            }
        },
        {
            "unicode": 95,
            "advance": 0.44400000000000001,
            "planeBounds": {
                "left": -0.038162601626016243,
                "top": 0.043360433604336009,
                "right": 0.48216260162601637,
                "bottom": 0.19945799457994579
            },
            "atlasBounds": {
                "left": 52.5,
                "top": 498.5,
                "right": 82.5,
                "bottom": 507.5
            }
        },
        {
            "unicode": 96,
            "advance": 0.28100000000000003,
            "planeBounds": {
                "left": 0.0017466124661246881,
                "top": -0.80650406504065053,
                "right": 0.27925338753387535,
                "bottom": -0.56368563685636863
            },
            "atlasBounds": {
                "left": 482.5,
                "top": 38.5,
                "right": 498.5,
                "bottom": 52.5
            }
        },
        {
            "unicode": 97,
            "advance": 0.56100000000000005,
            "planeBounds": {
                "left": 0.0028373983739837494,
                "top": -0.58102981029810308,
                "right": 0.52316260162601635,
                "bottom": 0.060704607046070468
            },
            "atlasBounds": {
                "left": 170.5,
                "top": 350.5,
                "right": 200.5,
                "bottom": 387.5
            }
        },
        {
            "unicode": 98,
            "advance": 0.61499999999999999,
            "planeBounds": {
                "left": 0.044993224932249332,
                "top": -0.80650406504065053,
                "right": 0.6000067750677508,
                "bottom": 0.060704607046070468
            },
            "atlasBounds": {
                "left": 242.5,
                "top": 64.5,
                "right": 274.5,
                "bottom": 114.5
            }
        },
        {
            "unicode": 99,
            "advance": 0.47999999999999998,
            "planeBounds": {
                "left": 0.01685365853658537,
                "top": -0.58102981029810308,
                "right": 0.48514634146341468,
                "bottom": 0.060704607046070468
            },
            "atlasBounds": {
                "left": 371.5,
                "top": 350.5,
                "right": 398.5,
                "bottom": 387.5
            }
        },
        {
            "unicode": 100,
            "advance": 0.61499999999999999,
            "planeBounds": {
                "left": 0.014993224932249326,
                "top": -0.80650406504065053,
                "right": 0.57000677506775088,
                "bottom": 0.060704607046070468
            },
            "atlasBounds": {
                "left": 275.5,
                "top": 64.5,
                "right": 307.5,
                "bottom": 114.5
            }
        },
        {
            "unicode": 101,
            "advance": 0.56400000000000006,
            "planeBounds": {
                "left": 0.015165311653116563,
                "top": -0.58102981029810308,
                "right": 0.55283468834688354,
                "bottom": 0.060704607046070468
            },
            "atlasBounds": {
                "left": 103.5,
                "top": 389.5,
                "right": 134.5,
                "bottom": 426.5
            }
        },
        {
            "unicode": 102,
            "advance": 0.34400000000000003,
            "planeBounds": {
                "left": -0.024474254742547413,
                "top": -0.80650406504065053,
                "right": 0.42647425474254752,
                "bottom": 0.043360433604336036
            },
            "atlasBounds": {
                "left": 442.5,
                "top": 64.5,
                "right": 468.5,
                "bottom": 113.5
            }
        },
        {
            "unicode": 103,
            "advance": 0.61499999999999999,
            "planeBounds": {
                "left": 0.014993224932249326,
                "top": -0.58102981029810319,
                "right": 0.57000677506775088,
                "bottom": 0.2861788617886179
            },
            "atlasBounds": {
                "left": 308.5,
                "top": 64.5,
                "right": 340.5,
                "bottom": 114.5
            }
        },
        {
            "unicode": 104,
            "advance": 0.61799999999999999,
            "planeBounds": {
                "left": 0.042165311653116551,
                "top": -0.80650406504065053,
                "right": 0.57983468834688345,
                "bottom": 0.043360433604336036
            },
            "atlasBounds": {
                "left": 0.5,
                "top": 117.5,
                "right": 31.5,
                "bottom": 166.5
            }
        },
        {
            "unicode": 105,
            "advance": 0.25800000000000001,
            "planeBounds": {
                "left": 0.04277913279132791,
                "top": -0.77181571815718164,
                "right": 0.21622086720867209,
                "bottom": 0.043360433604336036
            },
            "atlasBounds": {
                "left": 252.5,
                "top": 167.5,
                "right": 262.5,
                "bottom": 214.5
            }
        },
        {
            "unicode": 106,
            "advance": 0.25800000000000001,
            "planeBounds": {
                "left": -0.093097560975609756,
                "top": -0.77181571815718164,
                "right": 0.21909756097560978,
                "bottom": 0.2861788617886179
            },
            "atlasBounds": {
                "left": 10.5,
                "top": 0.5,
                "right": 28.5,
                "bottom": 61.5
            }
        },
        {
            "unicode": 107,
            "advance": 0.53400000000000003,
            "planeBounds": {
                "left": 0.044837398373983761,
                "top": -0.80650406504065053,
                "right": 0.56516260162601639,
                "bottom": 0.043360433604336036
            },
            "atlasBounds": {
                "left": 32.5,
                "top": 117.5,
                "right": 62.5,
                "bottom": 166.5
            }
        },
        {
            "unicode": 108,
            "advance": 0.25800000000000001,
            "planeBounds": {
                "left": 0.04227913279132791,
                "top": -0.80650406504065053,
                "right": 0.21572086720867209,
                "bottom": 0.043360433604336036
            },
            "atlasBounds": {
                "left": 63.5,
                "top": 117.5,
                "right": 73.5,
                "bottom": 166.5
            }
        },
        {
            "unicode": 109,
            "advance": 0.93500000000000005,
            "planeBounds": {
                "left": 0.044567750677506797,
                "top": -0.58102981029810308,
                "right": 0.89443224932249343,
                "bottom": 0.043360433604336036
            },
            "atlasBounds": {
                "left": 50.5,
                "top": 427.5,
                "right": 99.5,
                "bottom": 463.5
            }
        },
        {
            "unicode": 110,
            "advance": 0.61799999999999999,
            "planeBounds": {
                "left": 0.042165311653116551,
                "top": -0.58102981029810308,
                "right": 0.57983468834688345,
                "bottom": 0.043360433604336036
            },
            "atlasBounds": {
                "left": 100.5,
                "top": 427.5,
                "right": 131.5,
                "bottom": 463.5
            }
        },
        {
            "unicode": 111,
            "advance": 0.60499999999999998,
            "planeBounds": {
                "left": 0.016821138211382147,
                "top": -0.58102981029810308,
                "right": 0.589178861788618,
                "bottom": 0.060704607046070468
            },
            "atlasBounds": {
                "left": 303.5,
                "top": 389.5,
                "right": 336.5,
                "bottom": 426.5
            }
        },
        {
            "unicode": 112,
            "advance": 0.61499999999999999,
            "planeBounds": {
                "left": 0.044993224932249332,
                "top": -0.58102981029810319,
                "right": 0.6000067750677508,
                "bottom": 0.2861788617886179
            },
            "atlasBounds": {
                "left": 341.5,
                "top": 64.5,
                "right": 373.5,
                "bottom": 114.5
            }
        },
        {
            "unicode": 113,
            "advance": 0.61499999999999999,
            "planeBounds": {
                "left": 0.014993224932249326,
                "top": -0.58102981029810319,
                "right": 0.57000677506775088,
                "bottom": 0.2861788617886179
            },
            "atlasBounds": {
                "left": 374.5,
                "top": 64.5,
                "right": 406.5,
                "bottom": 114.5
            }
        },
        {
            "unicode": 114,
            "advance": 0.41300000000000003,
            "planeBounds": {
                "left": 0.042042005420054214,
                "top": -0.58102981029810308,
                "right": 0.44095799457994589,
                "bottom": 0.043360433604336036
            },
            "atlasBounds": {
                "left": 316.5,
                "top": 427.5,
                "right": 339.5,
                "bottom": 463.5
            }
        },
        {
            "unicode": 115,
            "advance": 0.47900000000000004,
            "planeBounds": {
                "left": 0.0083536585365853993,
                "top": -0.58102981029810308,
                "right": 0.47664634146341472,
                "bottom": 0.060704607046070468
            },
            "atlasBounds": {
                "left": 306.5,
                "top": 350.5,
                "right": 333.5,
                "bottom": 387.5
            }
        },
        {
            "unicode": 116,
            "advance": 0.36099999999999999,
            "planeBounds": {
                "left": -0.02195799457994578,
                "top": -0.70243902439024397,
                "right": 0.37695799457994589,
                "bottom": 0.060704607046070468
            },
            "atlasBounds": {
                "left": 126.5,
                "top": 263.5,
                "right": 149.5,
                "bottom": 307.5
            }
        },
        {
            "unicode": 117,
            "advance": 0.61799999999999999,
            "planeBounds": {
                "left": 0.03716531165311656,
                "top": -0.58102981029810308,
                "right": 0.57483468834688356,
                "bottom": 0.060704607046070468
            },
            "atlasBounds": {
                "left": 239.5,
                "top": 389.5,
                "right": 270.5,
                "bottom": 426.5
            }
        },
        {
            "unicode": 118,
            "advance": 0.50800000000000001,
            "planeBounds": {
                "left": -0.040850948509485091,
                "top": -0.58102981029810308,
                "right": 0.54885094850948524,
                "bottom": 0.043360433604336036
            },
            "atlasBounds": {
                "left": 281.5,
                "top": 427.5,
                "right": 315.5,
                "bottom": 463.5
            }
        },
        {
            "unicode": 119,
            "advance": 0.78600000000000003,
            "planeBounds": {
                "left": -0.031932249322493181,
                "top": -0.58102981029810308,
                "right": 0.81793224932249342,
                "bottom": 0.043360433604336036
            },
            "atlasBounds": {
                "left": 166.5,
                "top": 427.5,
                "right": 215.5,
                "bottom": 463.5
            }
        },
        {
            "unicode": 120,
            "advance": 0.52900000000000003,
            "planeBounds": {
                "left": -0.021678861788617873,
                "top": -0.58102981029810308,
                "right": 0.55067886178861791,
                "bottom": 0.043360433604336036
            },
            "atlasBounds": {
                "left": 132.5,
                "top": 427.5,
                "right": 165.5,
                "bottom": 463.5
            }
        },
        {
            "unicode": 121,
            "advance": 0.51000000000000001,
            "planeBounds": {
                "left": -0.039350948509485083,
                "top": -0.58102981029810319,
                "right": 0.55035094850948518,
                "bottom": 0.2861788617886179
            },
            "atlasBounds": {
                "left": 407.5,
                "top": 64.5,
                "right": 441.5,
                "bottom": 114.5
            }
        },
        {
            "unicode": 122,
            "advance": 0.47000000000000003,
            "planeBounds": {
                "left": 0.0008536585365853729,
                "top": -0.58102981029810308,
                "right": 0.46914634146341466,
                "bottom": 0.043360433604336036
            },
            "atlasBounds": {
                "left": 253.5,
                "top": 427.5,
                "right": 280.5,
                "bottom": 463.5
            }
        },
        {
            "unicode": 123,
            "advance": 0.38,
            "planeBounds": {
                "left": -0.011457994579945773,
                "top": -0.75447154471544731,
                "right": 0.3874579945799459,
                "bottom": 0.19945799457994579
            },
            "atlasBounds": {
                "left": 279.5,
                "top": 0.5,
                "right": 302.5,
                "bottom": 55.5
            }
        },
        {
            "unicode": 124,
            "advance": 0.55100000000000005,
            "planeBounds": {
                "left": 0.19745121951219513,
                "top": -0.80650406504065064,
                "right": 0.35354878048780497,
                "bottom": 0.2861788617886179
            },
            "atlasBounds": {
                "left": 0.5,
                "top": 0.5,
                "right": 9.5,
                "bottom": 63.5
            }
        },
        {
            "unicode": 125,
            "advance": 0.38,
            "planeBounds": {
                "left": -0.0074579945799457727,
                "top": -0.75447154471544731,
                "right": 0.3914579945799459,
                "bottom": 0.19945799457994579
            },
            "atlasBounds": {
                "left": 303.5,
                "top": 0.5,
                "right": 326.5,
                "bottom": 55.5
            }
        },
        {
            "unicode": 126,
            "advance": 0.57200000000000006,
            "planeBounds": {
                "left": 0.0079932249322493282,
                "top": -0.45962059620596213,
                "right": 0.56300677506775088,
                "bottom": -0.25149051490514907
            },
            "atlasBounds": {
                "left": 0.5,
                "top": 498.5,
                "right": 32.5,
                "bottom": 510.5
            }
        },
        {
            "unicode": 3585,
            "advance": 0.61599999999999999,
            "planeBounds": {
                "left": 0.014993224932249326,
                "top": -0.61571815718157186,
                "right": 0.57000677506775088,
                "bottom": 0.043360433604336036
            },
            "atlasBounds": {
                "left": 418.5,
                "top": 310.5,
                "right": 450.5,
                "bottom": 348.5
            }
        },
        {
            "unicode": 3586,
            "advance": 0.55500000000000005,
            "planeBounds": {
                "left": 0.0015094850948509607,
                "top": -0.59837398373983752,
                "right": 0.50449051490514918,
                "bottom": 0.043360433604336036
            },
            "atlasBounds": {
                "left": 482.5,
                "top": 0.5,
                "right": 511.5,
                "bottom": 37.5
            }
        },
        {
            "unicode": 3587,
            "advance": 0.57300000000000006,
            "planeBounds": {
                "left": -0.01783468834688344,
                "top": -0.59837398373983752,
                "right": 0.51983468834688362,
                "bottom": 0.043360433604336036
            },
            "atlasBounds": {
                "left": 271.5,
                "top": 389.5,
                "right": 302.5,
                "bottom": 426.5
            }
        },
        {
            "unicode": 3588,
            "advance": 0.63500000000000001,
            "planeBounds": {
                "left": 0.017821138211382107,
                "top": -0.61571815718157186,
                "right": 0.590178861788618,
                "bottom": 0.043360433604336036
            },
            "atlasBounds": {
                "left": 67.5,
                "top": 350.5,
                "right": 100.5,
                "bottom": 388.5
            }
        },
        {
            "unicode": 3589,
            "advance": 0.63100000000000001,
            "planeBounds": {
                "left": 0.015821138211382139,
                "top": -0.59837398373983752,
                "right": 0.588178861788618,
                "bottom": 0.043360433604336036
            },
            "atlasBounds": {
                "left": 399.5,
                "top": 350.5,
                "right": 432.5,
                "bottom": 387.5
            }
        },
        {
            "unicode": 3590,
            "advance": 0.63,
            "planeBounds": {
                "left": -0.006850948509485047,
                "top": -0.59837398373983752,
                "right": 0.58285094850948527,
                "bottom": 0.043360433604336036
            },
            "atlasBounds": {
                "left": 433.5,
                "top": 350.5,
                "right": 467.5,
                "bottom": 387.5
            }
        },
        {
            "unicode": 3591,
            "advance": 0.51900000000000002,
            "planeBounds": {
                "left": -0.011318428184281831,
                "top": -0.59837398373983752,
                "right": 0.47431842818428194,
                "bottom": 0.043360433604336036
            },
            "atlasBounds": {
                "left": 468.5,
                "top": 350.5,
                "right": 496.5,
                "bottom": 387.5
            }
        },
        {
            "unicode": 3592,
            "advance": 0.53700000000000003,
            "planeBounds": {
                "left": -0.0036626016260162333,
                "top": -0.61571815718157186,
                "right": 0.5166626016260164,
                "bottom": 0.043360433604336036
            },
            "atlasBounds": {
                "left": 36.5,
                "top": 350.5,
                "right": 66.5,
                "bottom": 388.5
            }
        },
        {
            "unicode": 3593,
            "advance": 0.624,
            "planeBounds": {
                "left": 0.00097696476964769722,
                "top": -0.61571815718157186,
                "right": 0.60802303523035228,
                "bottom": 0.043360433604336036
            },
            "atlasBounds": {
                "left": 0.5,
                "top": 350.5,
                "right": 35.5,
                "bottom": 388.5
            }
        },
        {
            "unicode": 3594,
            "advance": 0.55600000000000005,
            "planeBounds": {
                "left": 0.0043373983739837668,
                "top": -0.59837398373983752,
                "right": 0.5246626016260163,
                "bottom": 0.043360433604336036
            },
            "atlasBounds": {
                "left": 72.5,
                "top": 389.5,
                "right": 102.5,
                "bottom": 426.5
            }
        },
        {
            "unicode": 3595,
            "advance": 0.57400000000000007,
            "planeBounds": {
                "left": -0.02367886178861784,
                "top": -0.59837398373983752,
                "right": 0.54867886178861791,
                "bottom": 0.043360433604336036
            },
            "atlasBounds": {
                "left": 135.5,
                "top": 389.5,
                "right": 168.5,
                "bottom": 426.5
            }
        },
        {
            "unicode": 3596,
            "advance": 0.874,
            "planeBounds": {
                "left": 0.0079119241192412391,
                "top": -0.61571815718157186,
                "right": 0.82308807588075894,
                "bottom": 0.043360433604336036
            },
            "atlasBounds": {
                "left": 451.5,
                "top": 310.5,
                "right": 498.5,
                "bottom": 348.5
            }
        },
        {
            "unicode": 3597,
            "advance": 0.875,
            "planeBounds": {
                "left": 0.0084119241192411858,
                "top": -0.61571815718157186,
                "right": 0.82358807588075889,
                "bottom": 0.2861788617886179
            },
            "atlasBounds": {
                "left": 398.5,
                "top": 0.5,
                "right": 445.5,
                "bottom": 52.5
            }
        },
        {
            "unicode": 3598,
            "advance": 0.629,
            "planeBounds": {
                "left": -0.021023035230352267,
                "top": -0.61571815718157186,
                "right": 0.58602303523035248,
                "bottom": 0.2861788617886179
            },
            "atlasBounds": {
                "left": 446.5,
                "top": 0.5,
                "right": 481.5,
                "bottom": 52.5
            }
        },
        {
            "unicode": 3599,
            "advance": 0.629,
            "planeBounds": {
                "left": -0.021023035230352267,
                "top": -0.61571815718157186,
                "right": 0.58602303523035248,
                "bottom": 0.2861788617886179
            },
            "atlasBounds": {
                "left": 0.5,
                "top": 64.5,
                "right": 35.5,
                "bottom": 116.5
            }
        },
        {
            "unicode": 3600,
            "advance": 0.54600000000000004,
            "planeBounds": {
                "left": -0.027006775067750642,
                "top": -0.61571815718157186,
                "right": 0.52800677506775084,
                "bottom": 0.35555555555555562
            },
            "atlasBounds": {
                "left": 172.5,
                "top": 0.5,
                "right": 204.5,
                "bottom": 56.5
            }
        },
        {
            "unicode": 3601,
            "advance": 0.63800000000000001,
            "planeBounds": {
                "left": -0.022023035230352289,
                "top": -0.59837398373983752,
                "right": 0.58502303523035248,
                "bottom": 0.043360433604336036
            },
            "atlasBounds": {
                "left": 416.5,
                "top": 389.5,
                "right": 451.5,
                "bottom": 426.5
            }
        },
        {
            "unicode": 3602,
            "advance": 0.90600000000000003,
            "planeBounds": {
                "left": 0.0050677506775067714,
                "top": -0.59837398373983752,
                "right": 0.85493224932249323,
                "bottom": 0.043360433604336036
            },
            "atlasBounds": {
                "left": 0.5,
                "top": 427.5,
                "right": 49.5,
                "bottom": 464.5
            }
        },
        {
            "unicode": 3603,
            "advance": 0.88100000000000001,
            "planeBounds": {
                "left": 0.0033956639566395594,
                "top": -0.61571815718157186,
                "right": 0.87060433604336063,
                "bottom": 0.043360433604336036
            },
            "atlasBounds": {
                "left": 313.5,
                "top": 310.5,
                "right": 363.5,
                "bottom": 348.5
            }
        },
        {
            "unicode": 3604,
            "advance": 0.63900000000000001,
            "planeBounds": {
                "left": 0.0031490514905149211,
                "top": -0.61571815718157186,
                "right": 0.59285094850948516,
                "bottom": 0.043360433604336036
            },
            "atlasBounds": {
                "left": 278.5,
                "top": 310.5,
                "right": 312.5,
                "bottom": 348.5
            }
        },
        {
            "unicode": 3605,
            "advance": 0.63900000000000001,
            "planeBounds": {
                "left": 0.0031490514905149211,
                "top": -0.59837398373983752,
                "right": 0.59285094850948516,
                "bottom": 0.043360433604336036
            },
            "atlasBounds": {
                "left": 135.5,
                "top": 350.5,
                "right": 169.5,
                "bottom": 387.5
            }
        },
        {
            "unicode": 3606,
            "advance": 0.60699999999999998,
            "planeBounds": {
                "left": 0.0059932249322493265,
                "top": -0.61571815718157186,
                "right": 0.56100677506775087,
                "bottom": 0.043360433604336036
            },
            "atlasBounds": {
                "left": 245.5,
                "top": 310.5,
                "right": 277.5,
                "bottom": 348.5
            }
        },
        {
            "unicode": 3607,
            "advance": 0.65400000000000003,
            "planeBounds": {
                "left": -0.020695121951219468,
                "top": -0.59837398373983752,
                "right": 0.60369512195121955,
                "bottom": 0.043360433604336036
            },
            "atlasBounds": {
                "left": 379.5,
                "top": 389.5,
                "right": 415.5,
                "bottom": 426.5
            }
        },
        {
            "unicode": 3608,
            "advance": 0.56500000000000006,
            "planeBounds": {
                "left": 0.01383739837398376,
                "top": -0.61571815718157186,
                "right": 0.53416260162601636,
                "bottom": 0.043360433604336036
            },
            "atlasBounds": {
                "left": 144.5,
                "top": 310.5,
                "right": 174.5,
                "bottom": 348.5
            }
        },
        {
            "unicode": 3609,
            "advance": 0.624,
            "planeBounds": {
                "left": -0.017695121951219486,
                "top": -0.59837398373983752,
                "right": 0.60669512195121955,
                "bottom": 0.043360433604336036
            },
            "atlasBounds": {
                "left": 334.5,
                "top": 350.5,
                "right": 370.5,
                "bottom": 387.5
            }
        },
        {
            "unicode": 3610,
            "advance": 0.64600000000000002,
            "planeBounds": {
                "left": -0.010023035230352285,
                "top": -0.59837398373983752,
                "right": 0.59702303523035249,
                "bottom": 0.043360433604336036
            },
            "atlasBounds": {
                "left": 270.5,
                "top": 350.5,
                "right": 305.5,
                "bottom": 387.5
            }
        },
        {
            "unicode": 3611,
            "advance": 0.64600000000000002,
            "planeBounds": {
                "left": -0.010023035230352285,
                "top": -0.80650406504065053,
                "right": 0.59702303523035249,
                "bottom": 0.043360433604336036
            },
            "atlasBounds": {
                "left": 74.5,
                "top": 117.5,
                "right": 109.5,
                "bottom": 166.5
            }
        },
        {
            "unicode": 3612,
            "advance": 0.64600000000000002,
            "planeBounds": {
                "left": 0.054165311653116548,
                "top": -0.59837398373983752,
                "right": 0.59183468834688346,
                "bottom": 0.043360433604336036
            },
            "atlasBounds": {
                "left": 201.5,
                "top": 350.5,
                "right": 232.5,
                "bottom": 387.5
            }
        },
        {
            "unicode": 3613,
            "advance": 0.64600000000000002,
            "planeBounds": {
                "left": 0.054165311653116548,
                "top": -0.80650406504065053,
                "right": 0.59183468834688346,
                "bottom": 0.043360433604336036
            },
            "atlasBounds": {
                "left": 110.5,
                "top": 117.5,
                "right": 141.5,
                "bottom": 166.5
            }
        },
        {
            "unicode": 3614,
            "advance": 0.70200000000000007,
            "planeBounds": {
                "left": -0.022711382113821111,
                "top": -0.59837398373983752,
                "right": 0.65371138211382129,
                "bottom": 0.043360433604336036
            },
            "atlasBounds": {
                "left": 0.5,
                "top": 389.5,
                "right": 39.5,
                "bottom": 426.5
            }
        },
        {
            "unicode": 3615,
            "advance": 0.70200000000000007,
            "planeBounds": {
                "left": -0.022711382113821111,
                "top": -0.80650406504065053,
                "right": 0.65371138211382129,
                "bottom": 0.043360433604336036
            },
            "atlasBounds": {
                "left": 142.5,
                "top": 117.5,
                "right": 181.5,
                "bottom": 166.5
            }
        },
        {
            "unicode": 3616,
            "advance": 0.628,
            "planeBounds": {
                "left": -0.012850948509485068,
                "top": -0.61571815718157186,
                "right": 0.57685094850948515,
                "bottom": 0.043360433604336036
            },
            "atlasBounds": {
                "left": 109.5,
                "top": 310.5,
                "right": 143.5,
                "bottom": 348.5
            }
        },
        {
            "unicode": 3617,
            "advance": 0.63500000000000001,
            "planeBounds": {
                "left": 0.0088211382113821332,
                "top": -0.59837398373983752,
                "right": 0.581178861788618,
                "bottom": 0.043360433604336036
            },
            "atlasBounds": {
                "left": 101.5,
                "top": 350.5,
                "right": 134.5,
                "bottom": 387.5
            }
        },
        {
            "unicode": 3618,
            "advance": 0.61399999999999999,
            "planeBounds": {
                "left": 0.023665311653116555,
                "top": -0.59837398373983752,
                "right": 0.56133468834688349,
                "bottom": 0.043360433604336036
            },
            "atlasBounds": {
                "left": 40.5,
                "top": 389.5,
                "right": 71.5,
                "bottom": 426.5
            }
        },
        {
            "unicode": 3619,
            "advance": 0.47200000000000003,
            "planeBounds": {
                "left": -0.023818428184281811,
                "top": -0.61571815718157186,
                "right": 0.46181842818428193,
                "bottom": 0.043360433604336036
            },
            "atlasBounds": {
                "left": 389.5,
                "top": 310.5,
                "right": 417.5,
                "bottom": 348.5
            }
        },
        {
            "unicode": 3620,
            "advance": 0.60699999999999998,
            "planeBounds": {
                "left": 0.0059932249322493265,
                "top": -0.61571815718157186,
                "right": 0.56100677506775087,
                "bottom": 0.2861788617886179
            },
            "atlasBounds": {
                "left": 36.5,
                "top": 64.5,
                "right": 68.5,
                "bottom": 116.5
            }
        },
        {
            "unicode": 3621,
            "advance": 0.57400000000000007,
            "planeBounds": {
                "left": 0.023009485094850967,
                "top": -0.61571815718157186,
                "right": 0.52599051490514914,
                "bottom": 0.043360433604336036
            },
            "atlasBounds": {
                "left": 215.5,
                "top": 310.5,
                "right": 244.5,
                "bottom": 348.5
            }
        },
        {
            "unicode": 3622,
            "advance": 0.628,
            "planeBounds": {
                "left": -0.012850948509485068,
                "top": -0.61571815718157186,
                "right": 0.57685094850948515,
                "bottom": 0.2861788617886179
            },
            "atlasBounds": {
                "left": 69.5,
                "top": 64.5,
                "right": 103.5,
                "bottom": 116.5
            }
        },
        {
            "unicode": 3623,
            "advance": 0.48099999999999998,
            "planeBounds": {
                "left": -0.020474254742547417,
                "top": -0.61571815718157186,
                "right": 0.43047425474254747,
                "bottom": 0.043360433604336036
            },
            "atlasBounds": {
                "left": 175.5,
                "top": 310.5,
                "right": 201.5,
                "bottom": 348.5
            }
        },
        {
            "unicode": 3624,
            "advance": 0.63600000000000001,
            "planeBounds": {
                "left": 0.017132791327913281,
                "top": -0.63306233062330641,
                "right": 0.65886720867208681,
                "bottom": 0.043360433604336036
            },
            "atlasBounds": {
                "left": 34.5,
                "top": 310.5,
                "right": 71.5,
                "bottom": 349.5
            }
        },
        {
            "unicode": 3625,
            "advance": 0.67700000000000005,
            "planeBounds": {
                "left": -0.011055555555555522,
                "top": -0.59837398373983752,
                "right": 0.70005555555555565,
                "bottom": 0.043360433604336036
            },
            "atlasBounds": {
                "left": 197.5,
                "top": 389.5,
                "right": 238.5,
                "bottom": 426.5
            }
        },
        {
            "unicode": 3626,
            "advance": 0.57500000000000007,
            "planeBounds": {
                "left": 0.025321138211382124,
                "top": -0.63306233062330641,
                "right": 0.59767886178861795,
                "bottom": 0.043360433604336036
            },
            "atlasBounds": {
                "left": 0.5,
                "top": 310.5,
                "right": 33.5,
                "bottom": 349.5
            }
        },
        {
            "unicode": 3627,
            "advance": 0.66000000000000003,
            "planeBounds": {
                "left": -0.017695121951219486,
                "top": -0.59837398373983752,
                "right": 0.60669512195121955,
                "bottom": 0.043360433604336036
            },
            "atlasBounds": {
                "left": 233.5,
                "top": 350.5,
                "right": 269.5,
                "bottom": 387.5
            }
        },
        {
            "unicode": 3628,
            "advance": 0.70300000000000007,
            "planeBounds": {
                "left": -0.019555555555555534,
                "top": -0.80650406504065053,
                "right": 0.6915555555555557,
                "bottom": 0.043360433604336036
            },
            "atlasBounds": {
                "left": 182.5,
                "top": 117.5,
                "right": 223.5,
                "bottom": 166.5
            }
        },
        {
            "unicode": 3629,
            "advance": 0.58399999999999996,
            "planeBounds": {
                "left": 0.032509485094850958,
                "top": -0.61571815718157186,
                "right": 0.5354905149051491,
                "bottom": 0.043360433604336036
            },
            "atlasBounds": {
                "left": 482.5,
                "top": 117.5,
                "right": 511.5,
                "bottom": 155.5
            }
        },
        {
            "unicode": 3630,
            "advance": 0.59799999999999998,
            "planeBounds": {
                "left": 0.022821138211382104,
                "top": -0.63306233062330641,
                "right": 0.59517886178861801,
                "bottom": 0.043360433604336036
            },
            "atlasBounds": {
                "left": 437.5,
                "top": 263.5,
                "right": 470.5,
                "bottom": 302.5
            }
        },
        {
            "unicode": 3631,
            "advance": 0.48999999999999999,
            "planeBounds": {
                "left": -0.029646341463414619,
                "top": -0.59837398373983752,
                "right": 0.43864634146341475,
                "bottom": 0.043360433604336036
            },
            "atlasBounds": {
                "left": 169.5,
                "top": 389.5,
                "right": 196.5,
                "bottom": 426.5
            }
        },
        {
            "unicode": 3632,
            "advance": 0.40400000000000003,
            "planeBounds": {
                "left": -0.015802168021680215,
                "top": -0.56368563685636863,
                "right": 0.41780216802168024,
                "bottom": 0.0086720867208672104
            },
            "atlasBounds": {
                "left": 375.5,
                "top": 427.5,
                "right": 400.5,
                "bottom": 460.5
            }
        },
        {
            "unicode": 3633,
            "advance": 0,
            "planeBounds": {
                "left": -0.41447425474254751,
                "top": -0.87588075880758809,
                "right": 0.036474254742547431,
                "bottom": -0.59837398373983741
            },
            "atlasBounds": {
                "left": 422.5,
                "top": 465.5,
                "right": 448.5,
                "bottom": 481.5
            }
        },
        {
            "unicode": 3634,
            "advance": 0.42099999999999999,
            "planeBounds": {
                "left": -0.039630081300812976,
                "top": -0.61571815718157186,
                "right": 0.37663008130081305,
                "bottom": 0.043360433604336036
            },
            "atlasBounds": {
                "left": 364.5,
                "top": 310.5,
                "right": 388.5,
                "bottom": 348.5
            }
        },
        {
            "unicode": 3635,
            "advance": 0.42099999999999999,
            "planeBounds": {
                "left": -0.28303929539295392,
                "top": -0.8758807588075882,
                "right": 0.376039295392954,
                "bottom": 0.043360433604336036
            },
            "atlasBounds": {
                "left": 327.5,
                "top": 0.5,
                "right": 365.5,
                "bottom": 53.5
            }
        },
        {
            "unicode": 3636,
            "advance": 0,
            "planeBounds": {
                "left": -0.56816260162601628,
                "top": -0.85853658536585364,
                "right": -0.04783739837398366,
                "bottom": -0.59837398373983741
            },
            "atlasBounds": {
                "left": 480.5,
                "top": 465.5,
                "right": 510.5,
                "bottom": 480.5
            }
        },
        {
            "unicode": 3637,
            "advance": 0,
            "planeBounds": {
                "left": -0.56816260162601628,
                "top": -0.87588075880758809,
                "right": -0.04783739837398366,
                "bottom": -0.59837398373983741
            },
            "atlasBounds": {
                "left": 449.5,
                "top": 465.5,
                "right": 479.5,
                "bottom": 481.5
            }
        },
        {
            "unicode": 3638,
            "advance": 0,
            "planeBounds": {
                "left": -0.56200677506775065,
                "top": -0.87588075880758809,
                "right": -0.0069932249322491773,
                "bottom": -0.59837398373983741
            },
            "atlasBounds": {
                "left": 389.5,
                "top": 465.5,
                "right": 421.5,
                "bottom": 481.5
            }
        },
        {
            "unicode": 3639,
            "advance": 0,
            "planeBounds": {
                "left": -0.56816260162601628,
                "top": -0.87588075880758809,
                "right": -0.04783739837398366,
                "bottom": -0.59837398373983741
            },
            "atlasBounds": {
                "left": 358.5,
                "top": 465.5,
                "right": 388.5,
                "bottom": 481.5
            }
        },
        {
            "unicode": 3640,
            "advance": 0,
            "planeBounds": {
                "left": -0.32775338753387534,
                "top": 0.026016260162601612,
                "right": -0.050246612466124649,
                "bottom": 0.35555555555555562
            },
            "atlasBounds": {
                "left": 302.5,
                "top": 465.5,
                "right": 318.5,
                "bottom": 484.5
            }
        },
        {
            "unicode": 3641,
            "advance": 0,
            "planeBounds": {
                "left": -0.46813008130081307,
                "top": 0.026016260162601612,
                "right": -0.051869918699187001,
                "bottom": 0.35555555555555562
            },
            "atlasBounds": {
                "left": 246.5,
                "top": 465.5,
                "right": 270.5,
                "bottom": 484.5
            }
        },
        {
            "unicode": 3642,
            "advance": 0,
            "planeBounds": {
                "left": -0.23906504065040651,
                "top": 0.026016260162601612,
                "right": -0.03093495934959347,
                "bottom": 0.23414634146341465
            },
            "atlasBounds": {
                "left": 499.5,
                "top": 310.5,
                "right": 511.5,
                "bottom": 322.5
            }
        },
        {
            "unicode": 3647,
            "advance": 0.57200000000000006,
            "planeBounds": {
                "left": 0.040665311653116563,
                "top": -0.80650406504065042,
                "right": 0.57833468834688351,
                "bottom": 0.095392953929539295
            },
            "atlasBounds": {
                "left": 129.5,
                "top": 64.5,
                "right": 160.5,
                "bottom": 116.5
            }
        },
        {
            "unicode": 3648,
            "advance": 0.33600000000000002,
            "planeBounds": {
                "left": 0.068746612466124693,
                "top": -0.59837398373983752,
                "right": 0.34625338753387536,
                "bottom": 0.043360433604336036
            },
            "atlasBounds": {
                "left": 495.5,
                "top": 167.5,
                "right": 511.5,
                "bottom": 204.5
            }
        },
        {
            "unicode": 3649,
            "advance": 0.622,
            "planeBounds": {
                "left": 0.064321138211382134,
                "top": -0.59837398373983752,
                "right": 0.63667886178861799,
                "bottom": 0.043360433604336036
            },
            "atlasBounds": {
                "left": 452.5,
                "top": 389.5,
                "right": 485.5,
                "bottom": 426.5
            }
        },
        {
            "unicode": 3650,
            "advance": 0.372,
            "planeBounds": {
                "left": -0.035974254742547403,
                "top": -0.96260162601626031,
                "right": 0.41497425474254751,
                "bottom": 0.043360433604336036
            },
            "atlasBounds": {
                "left": 29.5,
                "top": 0.5,
                "right": 55.5,
                "bottom": 58.5
            }
        },
        {
            "unicode": 3651,
            "advance": 0.372,
            "planeBounds": {
                "left": -0.033302168021680192,
                "top": -0.96260162601626031,
                "right": 0.40030216802168023,
                "bottom": 0.043360433604336036
            },
            "atlasBounds": {
                "left": 56.5,
                "top": 0.5,
                "right": 81.5,
                "bottom": 58.5
            }
        },
        {
            "unicode": 3652,
            "advance": 0.35399999999999998,
            "planeBounds": {
                "left": -0.065974254742547409,
                "top": -0.96260162601626031,
                "right": 0.38497425474254748,
                "bottom": 0.043360433604336036
            },
            "atlasBounds": {
                "left": 82.5,
                "top": 0.5,
                "right": 108.5,
                "bottom": 58.5
            }
        },
        {
            "unicode": 3653,
            "advance": 0.42099999999999999,
            "planeBounds": {
                "left": -0.039630081300812976,
                "top": -0.61571815718157186,
                "right": 0.37663008130081305,
                "bottom": 0.2861788617886179
            },
            "atlasBounds": {
                "left": 104.5,
                "top": 64.5,
                "right": 128.5,
                "bottom": 116.5
            }
        },
        {
            "unicode": 3654,
            "advance": 0.55600000000000005,
            "planeBounds": {
                "left": 0.00200948509485098,
                "top": -0.59837398373983752,
                "right": 0.50499051490514912,
                "bottom": 0.2861788617886179
            },
            "atlasBounds": {
                "left": 212.5,
                "top": 64.5,
                "right": 241.5,
                "bottom": 115.5
            }
        },
        {
            "unicode": 3655,
            "advance": 0,
            "planeBounds": {
                "left": -0.51297425474254743,
                "top": -0.94525745257452587,
                "right": -0.062025745257452518,
                "bottom": -0.59837398373983741
            },
            "atlasBounds": {
                "left": 202.5,
                "top": 465.5,
                "right": 228.5,
                "bottom": 485.5
            }
        },
        {
            "unicode": 3656,
            "advance": 0,
            "planeBounds": {
                "left": -0.22122086720867207,
                "top": -1.06322493224932253,
                "right": -0.047779132791327894,
                "bottom": -0.76837398373983741
            },
            "atlasBounds": {
                "left": 497.5,
                "top": 370.5,
                "right": 507.5,
                "bottom": 387.5
            }
        },
        {
            "unicode": 3657,
            "advance": 0,
            "planeBounds": {
                "left": -0.43330216802168026,
                "top": -1.09791327913279131,
                "right": 0.00030216802168024518,
                "bottom": -0.76837398373983741
            },
            "atlasBounds": {
                "left": 486.5,
                "top": 389.5,
                "right": 511.5,
                "bottom": 408.5
            }
        },
        {
            "unicode": 3658,
            "advance": 0,
            "planeBounds": {
                "left": -0.48086630532972002,
                "top": -1.09791327913279131,
                "right": 0.039458897922312587,
                "bottom": -0.76837398373983741
            },
            "atlasBounds": {
                "left": 271.5,
                "top": 465.5,
                "right": 301.5,
                "bottom": 484.5
            }
        },
        {
            "unicode": 3659,
            "advance": 0,
            "planeBounds": {
                "left": -0.30744173441734424,
                "top": -1.08056910569105687,
                "right": 0.039441734417344207,
                "bottom": -0.76837398373983741
            },
            "atlasBounds": {
                "left": 337.5,
                "top": 465.5,
                "right": 357.5,
                "bottom": 483.5
            }
        },
        {
            "unicode": 3660,
            "advance": 0,
            "planeBounds": {
                "left": -0.32109756097560976,
                "top": -1.09791327913279131,
                "right": -0.0089024390243902188,
                "bottom": -0.75102981029810308
            },
            "atlasBounds": {
                "left": 183.5,
                "top": 465.5,
                "right": 201.5,
                "bottom": 485.5
            }
        },
        {
            "unicode": 3661,
            "advance": 0,
            "planeBounds": {
                "left": -0.28042547425474262,
                "top": -0.87588075880758809,
                "right": 0.01442547425474254,
                "bottom": -0.58102981029810308
            },
            "atlasBounds": {
                "left": 486.5,
                "top": 409.5,
                "right": 503.5,
                "bottom": 426.5
            }
        },
        {
            "unicode": 3662,
            "advance": 0,
            "planeBounds": {
                "left": -0.31025338753387538,
                "top": -0.92791327913279131,
                "right": -0.032746612466124647,
                "bottom": -0.59837398373983741
            },
            "atlasBounds": {
                "left": 229.5,
                "top": 465.5,
                "right": 245.5,
                "bottom": 484.5
            }
        },
        {
            "unicode": 3663,
            "advance": 0.63200000000000001,
            "planeBounds": {
                "left": 0.02114905149051494,
                "top": -0.54634146341463419,
                "right": 0.61085094850948518,
                "bottom": 0.026016260162601629
            },
            "atlasBounds": {
                "left": 340.5,
                "top": 427.5,
                "right": 374.5,
                "bottom": 460.5
            }
        },
        {
            "unicode": 3664,
            "advance": 0.65000000000000002,
            "planeBounds": {
                "left": 0.012804878048780477,
                "top": -0.56368563685636852,
                "right": 0.63719512195121952,
                "bottom": 0.060704607046070468
            },
            "atlasBounds": {
                "left": 216.5,
                "top": 427.5,
                "right": 252.5,
                "bottom": 463.5
            }
        },
        {
            "unicode": 3665,
            "advance": 0.65500000000000003,
            "planeBounds": {
                "left": 0.015304878048780515,
                "top": -0.56368563685636863,
                "right": 0.63969512195121958,
                "bottom": 0.11273712737127371
            },
            "atlasBounds": {
                "left": 72.5,
                "top": 310.5,
                "right": 108.5,
                "bottom": 349.5
            }
        },
        {
            "unicode": 3666,
            "advance": 0.78400000000000003,
            "planeBounds": {
                "left": 0.047116531165311656,
                "top": -0.66775067750677519,
                "right": 0.74088346883468847,
                "bottom": 0.043360433604336036
            },
            "atlasBounds": {
                "left": 354.5,
                "top": 263.5,
                "right": 394.5,
                "bottom": 304.5
            }
        },
        {
            "unicode": 3667,
            "advance": 0.748,
            "planeBounds": {
                "left": 0.024116531165311657,
                "top": -0.56368563685636863,
                "right": 0.71788346883468845,
                "bottom": 0.043360433604336036
            },
            "atlasBounds": {
                "left": 471.5,
                "top": 263.5,
                "right": 511.5,
                "bottom": 298.5
            }
        },
        {
            "unicode": 3668,
            "advance": 0.63600000000000001,
            "planeBounds": {
                "left": 0.012460704607046066,
                "top": -0.66775067750677519,
                "right": 0.67153929539295398,
                "bottom": 0.043360433604336036
            },
            "atlasBounds": {
                "left": 264.5,
                "top": 263.5,
                "right": 302.5,
                "bottom": 304.5
            }
        },
        {
            "unicode": 3669,
            "advance": 0.63600000000000001,
            "planeBounds": {
                "left": 0.012460704607046066,
                "top": -0.70243902439024408,
                "right": 0.67153929539295398,
                "bottom": 0.043360433604336036
            },
            "atlasBounds": {
                "left": 150.5,
                "top": 263.5,
                "right": 188.5,
                "bottom": 306.5
            }
        },
        {
            "unicode": 3670,
            "advance": 0.61099999999999999,
            "planeBounds": {
                "left": -0.0070230352303522854,
                "top": -0.66775067750677508,
                "right": 0.6000230352303525,
                "bottom": 0.060704607046070468
            },
            "atlasBounds": {
                "left": 189.5,
                "top": 263.5,
                "right": 224.5,
                "bottom": 305.5
            }
        },
        {
            "unicode": 3671,
            "advance": 0.92900000000000005,
            "planeBounds": {
                "left": 0.024895663956639568,
                "top": -0.66775067750677519,
                "right": 0.89210433604336059,
                "bottom": 0.043360433604336036
            },
            "atlasBounds": {
                "left": 303.5,
                "top": 263.5,
                "right": 353.5,
                "bottom": 304.5
            }
        },
        {
            "unicode": 3672,
            "advance": 0.68400000000000005,
            "planeBounds": {
                "left": 0.014960704607046103,
                "top": -0.66775067750677519,
                "right": 0.67403929539295404,
                "bottom": 0.043360433604336036
            },
            "atlasBounds": {
                "left": 225.5,
                "top": 263.5,
                "right": 263.5,
                "bottom": 304.5
            }
        },
        {
            "unicode": 3673,
            "advance": 0.70699999999999996,
            "planeBounds": {
                "left": 0.027944444444444445,
                "top": -0.66775067750677519,
                "right": 0.73905555555555569,
                "bottom": 0.043360433604336036
            },
            "atlasBounds": {
                "left": 395.5,
                "top": 263.5,
                "right": 436.5,
                "bottom": 304.5
            }
        },
        {
            "unicode": 3674,
            "advance": 0.73199999999999998,
            "planeBounds": {
                "left": -0.03005555555555554,
                "top": -0.59837398373983752,
                "right": 0.68105555555555564,
                "bottom": 0.043360433604336036
            },
            "atlasBounds": {
                "left": 337.5,
                "top": 389.5,
                "right": 378.5,
                "bottom": 426.5
            }
        },
        {
            "unicode": 3675,
            "advance": 1.0669999999999999,
            "planeBounds": {
                "left": 0.021830623306232939,
                "top": -0.56368563685636863,
                "right": 1.0971693766937669,
                "bottom": -0.0086720867208672104
            },
            "atlasBounds": {
                "left": 0.5,
                "top": 465.5,
                "right": 62.5,
                "bottom": 497.5
            }
        },
        {
            "unicode": 8226,
            "advance": 0.376,
            "planeBounds": {
                "left": 0.04057452574525746,
                "top": -0.52899728997289985,
                "right": 0.33542547425474262,
                "bottom": -0.19945799457994581
            },
            "atlasBounds": {
                "left": 319.5,
                "top": 465.5,
                "right": 336.5,
                "bottom": 484.5
            }
        }
    ],
    "kerning": []
}