{
    "atlas": {
        "type": "msdf",
        "distanceRange": 4,
        "distanceRangeMiddle": 0,
        "size": 57.1875,
        "width": 512,
        "height": 512,
        "yOrigin": "top"
    },
    "metrics": {
        "emSize": 1,
        "lineHeight": 1.6000000000000001,
        "ascender": -1.25,
        "descender": 0.35000000000000003,
        "underlineY": 0.125,
        "underlineThickness": 0.050000000000000003
    },
    "glyphs": [
        {
            "unicode": 32,
            "advance": 0.26000000000000001
        },
        {
            "unicode": 33,
            "advance": 0.27300000000000002,
            "planeBounds": {
                "left": 0.03108196721311475,
                "top": -0.76065573770491801,
                "right": 0.24091803278688523,
                "bottom": 0.061202185792349727
            },
            "atlasBounds": {
                "left": 197.5,
                "top": 115.5,
                "right": 209.5,
                "bottom": 162.5
            }
        },
        {
            "unicode": 34,
            "advance": 0.42899999999999999,
            "planeBounds": {
                "left": 0.022150273224043702,
                "top": -0.76065573770491801,
                "right": 0.40684972677595621,
                "bottom": -0.41092896174863386
            },
            "atlasBounds": {
                "left": 244.5,
                "top": 459.5,
                "right": 266.5,
                "bottom": 479.5
            }
        },
        {
            "unicode": 35,
            "advance": 0.64600000000000002,
            "planeBounds": {
                "left": -0.016983606557377049,
                "top": -0.7606557377049179,
                "right": 0.66498360655737687,
                "bottom": 0.043715846994535526
            },
            "atlasBounds": {
                "left": 209.5,
                "top": 164.5,
                "right": 248.5,
                "bottom": 210.5
            }
        },
        {
            "unicode": 36,
            "advance": 0.57300000000000006,
            "planeBounds": {
                "left": 0.018461748633879786,
                "top": -0.79562841530054629,
                "right": 0.56053825136612023,
                "bottom": 0.096174863387978149
            },
            "atlasBounds": {
                "left": 372.5,
                "top": 0.5,
                "right": 403.5,
                "bottom": 51.5
            }
        },
        {
            "unicode": 37,
            "advance": 0.85199999999999998,
            "planeBounds": {
                "left": 0.0058278688524590321,
                "top": -0.76065573770491801,
                "right": 0.84517213114754086,
                "bottom": 0.061202185792349727
            },
            "atlasBounds": {
                "left": 210.5,
                "top": 115.5,
                "right": 258.5,
                "bottom": 162.5
            }
        },
        {
            "unicode": 38,
            "advance": 0.74399999999999999,
            "planeBounds": {
                "left": 0.011800546448087451,
                "top": -0.76065573770491801,
                "right": 0.78119945355191245,
                "bottom": 0.061202185792349727
            },
            "atlasBounds": {
                "left": 259.5,
                "top": 115.5,
                "right": 303.5,
                "bottom": 162.5
            }
        },
        {
            "unicode": 39,
            "advance": 0.23700000000000002,
            "planeBounds": {
                "left": 0.022325136612021856,
                "top": -0.76065573770491801,
                "right": 0.21467486338797812,
                "bottom": -0.41092896174863386
            },
            "atlasBounds": {
                "left": 498.5,
                "top": 435.5,
                "right": 509.5,
                "bottom": 455.5
            }
        },
        {
            "unicode": 40,
            "advance": 0.311,
            "planeBounds": {
                "left": 0.0026229508196721073,
                "top": -0.7606557377049179,
                "right": 0.31737704918032783,
                "bottom": 0.20109289617486339
            },
            "atlasBounds": {
                "left": 176.5,
                "top": 0.5,
                "right": 194.5,
                "bottom": 55.5
            }
        },
        {
            "unicode": 41,
            "advance": 0.311,
            "planeBounds": {
                "left": -0.0073770491803278907,
                "top": -0.7606557377049179,
                "right": 0.30737704918032788,
                "bottom": 0.20109289617486339
            },
            "atlasBounds": {
                "left": 195.5,
                "top": 0.5,
                "right": 213.5,
                "bottom": 55.5
            }
        },
        {
            "unicode": 42,
            "advance": 0.54800000000000004,
            "planeBounds": {
                "left": 0.0024617486338797717,
                "top": -0.7956284153005464,
                "right": 0.54453825136612022,
                "bottom": -0.253551912568306
            },
            "atlasBounds": {
                "left": 101.5,
                "top": 459.5,
                "right": 132.5,
                "bottom": 490.5
            }
        },
        {
            "unicode": 43,
            "advance": 0.57500000000000007,
            "planeBounds": {
                "left": 0.0067185792349726799,
                "top": -0.6382513661202186,
                "right": 0.56628142076502719,
                "bottom": -0.061202185792349727
            },
            "atlasBounds": {
                "left": 33.5,
                "top": 459.5,
                "right": 65.5,
                "bottom": 492.5
            }
        },
        {
            "unicode": 44,
            "advance": 0.27500000000000002,
            "planeBounds": {
                "left": -0.0019043715846994598,
                "top": -0.16612021857923495,
                "right": 0.24290437158469944,
                "bottom": 0.16612021857923498
            },
            "atlasBounds": {
                "left": 391.5,
                "top": 459.5,
                "right": 405.5,
                "bottom": 478.5
            }
        },
        {
            "unicode": 45,
            "advance": 0.32100000000000001,
            "planeBounds": {
                "left": -0.0051202185792349917,
                "top": -0.35846994535519128,
                "right": 0.3271202185792349,
                "bottom": -0.18360655737704917
            },
            "atlasBounds": {
                "left": 250.5,
                "top": 494.5,
                "right": 269.5,
                "bottom": 504.5
            }
        },
        {
            "unicode": 46,
            "advance": 0.27200000000000002,
            "planeBounds": {
                "left": 0.03108196721311475,
                "top": -0.16612021857923495,
                "right": 0.24091803278688523,
                "bottom": 0.061202185792349727
            },
            "atlasBounds": {
                "left": 237.5,
                "top": 494.5,
                "right": 249.5,
                "bottom": 507.5
            }
        },
        {
            "unicode": 47,
            "advance": 0.38500000000000001,
            "planeBounds": {
                "left": -0.026079234972677588,
                "top": -0.7606557377049179,
                "right": 0.41107923497267757,
                "bottom": 0.043715846994535526
            },
            "atlasBounds": {
                "left": 249.5,
                "top": 164.5,
                "right": 274.5,
                "bottom": 210.5
            }
        },
        {
            "unicode": 48,
            "advance": 0.57500000000000007,
            "planeBounds": {
                "left": 0.0072185792349726656,
                "top": -0.76065573770491801,
                "right": 0.56678142076502724,
                "bottom": 0.061202185792349727
            },
            "atlasBounds": {
                "left": 304.5,
                "top": 115.5,
                "right": 336.5,
                "bottom": 162.5
            }
        },
        {
            "unicode": 49,
            "advance": 0.57500000000000007,
            "planeBounds": {
                "left": 0.043393442622950813,
                "top": -0.7606557377049179,
                "right": 0.4106065573770491,
                "bottom": 0.043715846994535526
            },
            "atlasBounds": {
                "left": 275.5,
                "top": 164.5,
                "right": 296.5,
                "bottom": 210.5
            }
        },
        {
            "unicode": 50,
            "advance": 0.57500000000000007,
            "planeBounds": {
                "left": 0.0052185792349726742,
                "top": -0.7606557377049179,
                "right": 0.56478142076502724,
                "bottom": 0.043715846994535526
            },
            "atlasBounds": {
                "left": 297.5,
                "top": 164.5,
                "right": 329.5,
                "bottom": 210.5
            }
        },
        {
            "unicode": 51,
            "advance": 0.57500000000000007,
            "planeBounds": {
                "left": 0.0017185792349726726,
                "top": -0.76065573770491801,
                "right": 0.56128142076502718,
                "bottom": 0.061202185792349727
            },
            "atlasBounds": {
                "left": 337.5,
                "top": 115.5,
                "right": 369.5,
                "bottom": 162.5
            }
        },
        {
            "unicode": 52,
            "advance": 0.57500000000000007,
            "planeBounds": {
                "left": -0.018510928961748642,
                "top": -0.7606557377049179,
                "right": 0.59351092896174851,
                "bottom": 0.043715846994535526
            },
            "atlasBounds": {
                "left": 330.5,
                "top": 164.5,
                "right": 365.5,
                "bottom": 210.5
            }
        },
        {
            "unicode": 53,
            "advance": 0.57500000000000007,
            "planeBounds": {
                "left": 0.018461748633879792,
                "top": -0.76065573770491801,
                "right": 0.56053825136612023,
                "bottom": 0.061202185792349727
            },
            "atlasBounds": {
                "left": 370.5,
                "top": 115.5,
                "right": 401.5,
                "bottom": 162.5
            }
        },
        {
            "unicode": 54,
            "advance": 0.57500000000000007,
            "planeBounds": {
                "left": 0.010718579234972664,
                "top": -0.76065573770491801,
                "right": 0.57028142076502719,
                "bottom": 0.061202185792349727
            },
            "atlasBounds": {
                "left": 402.5,
                "top": 115.5,
                "right": 434.5,
                "bottom": 162.5
            }
        },
        {
            "unicode": 55,
            "advance": 0.57500000000000007,
            "planeBounds": {
                "left": 0.0057185792349726695,
                "top": -0.7606557377049179,
                "right": 0.56528142076502719,
                "bottom": 0.043715846994535526
            },
            "atlasBounds": {
                "left": 366.5,
                "top": 164.5,
                "right": 398.5,
                "bottom": 210.5
            }
        },
        {
            "unicode": 56,
            "advance": 0.57500000000000007,
            "planeBounds": {
                "left": 0.0072185792349726656,
                "top": -0.76065573770491801,
                "right": 0.56678142076502724,
                "bottom": 0.061202185792349727
            },
            "atlasBounds": {
                "left": 435.5,
                "top": 115.5,
                "right": 467.5,
                "bottom": 162.5
            }
        },
        {
            "unicode": 57,
            "advance": 0.57500000000000007,
            "planeBounds": {
                "left": 0.0067185792349726634,
                "top": -0.76065573770491801,
                "right": 0.56628142076502719,
                "bottom": 0.061202185792349727
            },
            "atlasBounds": {
                "left": 0.5,
                "top": 164.5,
                "right": 32.5,
                "bottom": 211.5
            }
        },
        {
            "unicode": 58,
            "advance": 0.27200000000000002,
            "planeBounds": {
                "left": 0.03108196721311475,
                "top": -0.60327868852459021,
                "right": 0.24091803278688523,
                "bottom": 0.061202185792349727
            },
            "atlasBounds": {
                "left": 70.5,
                "top": 306.5,
                "right": 82.5,
                "bottom": 344.5
            }
        },
        {
            "unicode": 59,
            "advance": 0.27300000000000002,
            "planeBounds": {
                "left": -0.0054043715846994614,
                "top": -0.6032786885245901,
                "right": 0.23940437158469943,
                "bottom": 0.16612021857923498
            },
            "atlasBounds": {
                "left": 113.5,
                "top": 259.5,
                "right": 127.5,
                "bottom": 303.5
            }
        },
        {
            "unicode": 60,
            "advance": 0.57500000000000007,
            "planeBounds": {
                "left": 0.0067185792349726799,
                "top": -0.65573770491803274,
                "right": 0.56628142076502719,
                "bottom": -0.061202185792349727
            },
            "atlasBounds": {
                "left": 465.5,
                "top": 421.5,
                "right": 497.5,
                "bottom": 455.5
            }
        },
        {
            "unicode": 61,
            "advance": 0.57500000000000007,
            "planeBounds": {
                "left": 0.016461748633879766,
                "top": -0.53333333333333321,
                "right": 0.55853825136612023,
                "bottom": -0.16612021857923498
            },
            "atlasBounds": {
                "left": 167.5,
                "top": 459.5,
                "right": 198.5,
                "bottom": 480.5
            }
        },
        {
            "unicode": 62,
            "advance": 0.57500000000000007,
            "planeBounds": {
                "left": 0.0067185792349726799,
                "top": -0.65573770491803274,
                "right": 0.56628142076502719,
                "bottom": -0.061202185792349727
            },
            "atlasBounds": {
                "left": 0.5,
                "top": 459.5,
                "right": 32.5,
                "bottom": 493.5
            }
        },
        {
            "unicode": 63,
            "advance": 0.44700000000000001,
            "planeBounds": {
                "left": -0.028808743169398927,
                "top": -0.76065573770491801,
                "right": 0.46080874316939885,
                "bottom": 0.061202185792349727
            },
            "atlasBounds": {
                "left": 33.5,
                "top": 164.5,
                "right": 61.5,
                "bottom": 211.5
            }
        },
        {
            "unicode": 64,
            "advance": 0.89900000000000002,
            "planeBounds": {
                "left": 0.012341530054644782,
                "top": -0.76065573770491801,
                "right": 0.88665846994535502,
                "bottom": 0.13114754098360654
            },
            "atlasBounds": {
                "left": 404.5,
                "top": 0.5,
                "right": 454.5,
                "bottom": 51.5
            }
        },
        {
            "unicode": 65,
            "advance": 0.65500000000000003,
            "planeBounds": {
                "left": -0.040213114754098368,
                "top": -0.7606557377049179,
                "right": 0.69421311475409819,
                "bottom": 0.043715846994535526
            },
            "atlasBounds": {
                "left": 399.5,
                "top": 164.5,
                "right": 441.5,
                "bottom": 210.5
            }
        },
        {
            "unicode": 66,
            "advance": 0.65400000000000003,
            "planeBounds": {
                "left": 0.05023224043715848,
                "top": -0.7606557377049179,
                "right": 0.64476775956284149,
                "bottom": 0.043715846994535526
            },
            "atlasBounds": {
                "left": 442.5,
                "top": 164.5,
                "right": 476.5,
                "bottom": 210.5
            }
        },
        {
            "unicode": 67,
            "advance": 0.63500000000000001,
            "planeBounds": {
                "left": 0.016745901639344241,
                "top": -0.76065573770491801,
                "right": 0.64625409836065573,
                "bottom": 0.061202185792349727
            },
            "atlasBounds": {
                "left": 62.5,
                "top": 164.5,
                "right": 98.5,
                "bottom": 211.5
            }
        },
        {
            "unicode": 68,
            "advance": 0.73099999999999998,
            "planeBounds": {
                "left": 0.050259562841530041,
                "top": -0.7606557377049179,
                "right": 0.71474043715846991,
                "bottom": 0.043715846994535526
            },
            "atlasBounds": {
                "left": 0.5,
                "top": 212.5,
                "right": 38.5,
                "bottom": 258.5
            }
        },
        {
            "unicode": 69,
            "advance": 0.55500000000000005,
            "planeBounds": {
                "left": 0.050191256830601078,
                "top": -0.7606557377049179,
                "right": 0.53980874316939886,
                "bottom": 0.043715846994535526
            },
            "atlasBounds": {
                "left": 39.5,
                "top": 212.5,
                "right": 67.5,
                "bottom": 258.5
            }
        },
        {
            "unicode": 70,
            "advance": 0.52300000000000002,
            "planeBounds": {
                "left": 0.050191256830601078,
                "top": -0.7606557377049179,
                "right": 0.53980874316939886,
                "bottom": 0.043715846994535526
            },
            "atlasBounds": {
                "left": 68.5,
                "top": 212.5,
                "right": 96.5,
                "bottom": 258.5
            }
        },
        {
            "unicode": 71,
            "advance": 0.72999999999999998,
            "planeBounds": {
                "left": 0.017016393442622933,
                "top": -0.76065573770491801,
                "right": 0.6989836065573769,
                "bottom": 0.061202185792349727
            },
            "atlasBounds": {
                "left": 99.5,
                "top": 164.5,
                "right": 138.5,
                "bottom": 211.5
            }
        },
        {
            "unicode": 72,
            "advance": 0.745,
            "planeBounds": {
                "left": 0.057245901639344225,
                "top": -0.7606557377049179,
                "right": 0.68675409836065571,
                "bottom": 0.043715846994535526
            },
            "atlasBounds": {
                "left": 97.5,
                "top": 212.5,
                "right": 133.5,
                "bottom": 258.5
            }
        },
        {
            "unicode": 73,
            "advance": 0.35699999999999998,
            "planeBounds": {
                "left": 0.00313661202185793,
                "top": -0.7606557377049179,
                "right": 0.35286338797814204,
                "bottom": 0.043715846994535526
            },
            "atlasBounds": {
                "left": 134.5,
                "top": 212.5,
                "right": 154.5,
                "bottom": 258.5
            }
        },
        {
            "unicode": 74,
            "advance": 0.28700000000000003,
            "planeBounds": {
                "left": -0.11436338797814209,
                "top": -0.7606557377049179,
                "right": 0.23536338797814205,
                "bottom": 0.23606557377049181
            },
            "atlasBounds": {
                "left": 111.5,
                "top": 0.5,
                "right": 131.5,
                "bottom": 57.5
            }
        },
        {
            "unicode": 75,
            "advance": 0.63100000000000001,
            "planeBounds": {
                "left": 0.055989071038251355,
                "top": -0.7606557377049179,
                "right": 0.66801092896174852,
                "bottom": 0.043715846994535526
            },
            "atlasBounds": {
                "left": 155.5,
                "top": 212.5,
                "right": 190.5,
                "bottom": 258.5
            }
        },
        {
            "unicode": 76,
            "advance": 0.53400000000000003,
            "planeBounds": {
                "left": 0.055191256830601089,
                "top": -0.7606557377049179,
                "right": 0.54480874316939887,
                "bottom": 0.043715846994535526
            },
            "atlasBounds": {
                "left": 191.5,
                "top": 212.5,
                "right": 219.5,
                "bottom": 258.5
            }
        },
        {
            "unicode": 77,
            "advance": 0.91800000000000004,
            "planeBounds": {
                "left": 0.056314207650273236,
                "top": -0.7606557377049179,
                "right": 0.86068579234972664,
                "bottom": 0.043715846994535526
            },
            "atlasBounds": {
                "left": 220.5,
                "top": 212.5,
                "right": 266.5,
                "bottom": 258.5
            }
        },
        {
            "unicode": 78,
            "advance": 0.77300000000000002,
            "planeBounds": {
                "left": 0.054259562841530072,
                "top": -0.7606557377049179,
                "right": 0.71874043715846991,
                "bottom": 0.043715846994535526
            },
            "atlasBounds": {
                "left": 267.5,
                "top": 212.5,
                "right": 305.5,
                "bottom": 258.5
            }
        },
        {
            "unicode": 79,
            "advance": 0.78400000000000003,
            "planeBounds": {
                "left": 0.015543715846994552,
                "top": -0.76065573770491801,
                "right": 0.76745628415300526,
                "bottom": 0.061202185792349727
            },
            "atlasBounds": {
                "left": 468.5,
                "top": 115.5,
                "right": 511.5,
                "bottom": 162.5
            }
        },
        {
            "unicode": 80,
            "advance": 0.60999999999999999,
            "planeBounds": {
                "left": 0.055961748633879767,
                "top": -0.7606557377049179,
                "right": 0.59803825136612021,
                "bottom": 0.043715846994535526
            },
            "atlasBounds": {
                "left": 306.5,
                "top": 212.5,
                "right": 337.5,
                "bottom": 258.5
            }
        },
        {
            "unicode": 81,
            "advance": 0.78400000000000003,
            "planeBounds": {
                "left": 0.015543715846994552,
                "top": -0.76065573770491801,
                "right": 0.76745628415300526,
                "bottom": 0.21857923497267759
            },
            "atlasBounds": {
                "left": 132.5,
                "top": 0.5,
                "right": 175.5,
                "bottom": 56.5
            }
        },
        {
            "unicode": 82,
            "advance": 0.63200000000000001,
            "planeBounds": {
                "left": 0.051489071038251351,
                "top": -0.7606557377049179,
                "right": 0.66351092896174857,
                "bottom": 0.043715846994535526
            },
            "atlasBounds": {
                "left": 338.5,
                "top": 212.5,
                "right": 373.5,
                "bottom": 258.5
            }
        },
        {
            "unicode": 83,
            "advance": 0.55400000000000005,
            "planeBounds": {
                "left": 0.0089617486338797719,
                "top": -0.76065573770491801,
                "right": 0.55103825136612028,
                "bottom": 0.061202185792349727
            },
            "atlasBounds": {
                "left": 139.5,
                "top": 164.5,
                "right": 170.5,
                "bottom": 211.5
            }
        },
        {
            "unicode": 84,
            "advance": 0.56200000000000006,
            "planeBounds": {
                "left": -0.025010928961748665,
                "top": -0.7606557377049179,
                "right": 0.58701092896174856,
                "bottom": 0.043715846994535526
            },
            "atlasBounds": {
                "left": 374.5,
                "top": 212.5,
                "right": 409.5,
                "bottom": 258.5
            }
        },
        {
            "unicode": 85,
            "advance": 0.73599999999999999,
            "planeBounds": {
                "left": 0.044002732240437124,
                "top": -0.76065573770491801,
                "right": 0.69099726775956283,
                "bottom": 0.061202185792349727
            },
            "atlasBounds": {
                "left": 171.5,
                "top": 164.5,
                "right": 208.5,
                "bottom": 211.5
            }
        },
        {
            "unicode": 86,
            "advance": 0.61699999999999999,
            "planeBounds": {
                "left": -0.04122677595628417,
                "top": -0.7606557377049179,
                "right": 0.65822677595628409,
                "bottom": 0.043715846994535526
            },
            "atlasBounds": {
                "left": 410.5,
                "top": 212.5,
                "right": 450.5,
                "bottom": 258.5
            }
        },
        {
            "unicode": 87,
            "advance": 0.95000000000000007,
            "planeBounds": {
                "left": -0.023860655737704937,
                "top": -0.7606557377049179,
                "right": 0.97286065573770475,
                "bottom": 0.043715846994535526
            },
            "atlasBounds": {
                "left": 451.5,
                "top": 212.5,
                "right": 508.5,
                "bottom": 258.5
            }
        },
        {
            "unicode": 88,
            "advance": 0.61099999999999999,
            "planeBounds": {
                "left": -0.035483606557377048,
                "top": -0.7606557377049179,
                "right": 0.64648360655737702,
                "bottom": 0.043715846994535526
            },
            "atlasBounds": {
                "left": 0.5,
                "top": 259.5,
                "right": 39.5,
                "bottom": 305.5
            }
        },
        {
            "unicode": 89,
            "advance": 0.58399999999999996,
            "planeBounds": {
                "left": -0.040240437158469929,
                "top": -0.7606557377049179,
                "right": 0.62424043715847,
                "bottom": 0.043715846994535526
            },
            "atlasBounds": {
                "left": 40.5,
                "top": 259.5,
                "right": 78.5,
                "bottom": 305.5
            }
        },
        {
            "unicode": 90,
            "advance": 0.57899999999999996,
            "planeBounds": {
                "left": 0.001475409836065582,
                "top": -0.7606557377049179,
                "right": 0.57852459016393443,
                "bottom": 0.043715846994535526
            },
            "atlasBounds": {
                "left": 79.5,
                "top": 259.5,
                "right": 112.5,
                "bottom": 305.5
            }
        },
        {
            "unicode": 91,
            "advance": 0.32800000000000001,
            "planeBounds": {
                "left": 0.04086612021857923,
                "top": -0.7606557377049179,
                "right": 0.33813387978142079,
                "bottom": 0.20109289617486339
            },
            "atlasBounds": {
                "left": 214.5,
                "top": 0.5,
                "right": 231.5,
                "bottom": 55.5
            }
        },
        {
            "unicode": 93,
            "advance": 0.32800000000000001,
            "planeBounds": {
                "left": -0.01013387978142077,
                "top": -0.7606557377049179,
                "right": 0.2871338797814208,
                "bottom": 0.20109289617486339
            },
            "atlasBounds": {
                "left": 232.5,
                "top": 0.5,
                "right": 249.5,
                "bottom": 55.5
            }
        },
        {
            "unicode": 94,
            "advance": 0.56400000000000006,
            "planeBounds": {
                "left": -0.0060245901639344604,
                "top": -0.76065573770491801,
                "right": 0.57102459016393436,
                "bottom": -0.21857923497267759
            },
            "atlasBounds": {
                "left": 133.5,
                "top": 459.5,
                "right": 166.5,
                "bottom": 490.5
            }
        },
        {
            "unicode": 95,
            "advance": 0.45400000000000001,
            "planeBounds": {
                "left": -0.044038251366120225,
                "top": 0.043715846994535554,
                "right": 0.49803825136612023,
                "bottom": 0.20109289617486339
            },
            "atlasBounds": {
                "left": 270.5,
                "top": 494.5,
                "right": 301.5,
                "bottom": 503.5
            }
        },
        {
            "unicode": 96,
            "advance": 0.30599999999999999,
            "planeBounds": {
                "left": 0.0043661202185792192,
                "top": -0.81311475409836054,
                "right": 0.3016338797814207,
                "bottom": -0.56830601092896171
            },
            "atlasBounds": {
                "left": 186.5,
                "top": 494.5,
                "right": 203.5,
                "bottom": 508.5
            }
        },
        {
            "unicode": 97,
            "advance": 0.57200000000000006,
            "planeBounds": {
                "left": 0.0067049180327868893,
                "top": -0.58579234972677596,
                "right": 0.53129508196721309,
                "bottom": 0.061202185792349727
            },
            "atlasBounds": {
                "left": 342.5,
                "top": 345.5,
                "right": 372.5,
                "bottom": 382.5
            }
        },
        {
            "unicode": 98,
            "advance": 0.62,
            "planeBounds": {
                "left": 0.044718579234972668,
                "top": -0.7956284153005464,
                "right": 0.60428142076502722,
                "bottom": 0.061202185792349727
            },
            "atlasBounds": {
                "left": 365.5,
                "top": 63.5,
                "right": 397.5,
                "bottom": 112.5
            }
        },
        {
            "unicode": 99,
            "advance": 0.49099999999999999,
            "planeBounds": {
                "left": 0.011191256830601102,
                "top": -0.58579234972677596,
                "right": 0.50080874316939883,
                "bottom": 0.061202185792349727
            },
            "atlasBounds": {
                "left": 282.5,
                "top": 345.5,
                "right": 310.5,
                "bottom": 382.5
            }
        },
        {
            "unicode": 100,
            "advance": 0.62,
            "planeBounds": {
                "left": 0.01571857923497267,
                "top": -0.7956284153005464,
                "right": 0.5752814207650272,
                "bottom": 0.061202185792349727
            },
            "atlasBounds": {
                "left": 398.5,
                "top": 63.5,
                "right": 430.5,
                "bottom": 112.5
            }
        },
        {
            "unicode": 101,
            "advance": 0.57400000000000007,
            "planeBounds": {
                "left": 0.017461748633879771,
                "top": -0.58579234972677596,
                "right": 0.55953825136612023,
                "bottom": 0.061202185792349727
            },
            "atlasBounds": {
                "left": 214.5,
                "top": 345.5,
                "right": 245.5,
                "bottom": 382.5
            }
        },
        {
            "unicode": 102,
            "advance": 0.35599999999999998,
            "planeBounds": {
                "left": -0.021322404371584704,
                "top": -0.81311475409836054,
                "right": 0.43332240437158465,
                "bottom": 0.043715846994535526
            },
            "atlasBounds": {
                "left": 431.5,
                "top": 63.5,
                "right": 457.5,
                "bottom": 112.5
            }
        },
        {
            "unicode": 103,
            "advance": 0.62,
            "planeBounds": {
                "left": 0.01571857923497267,
                "top": -0.58579234972677596,
                "right": 0.5752814207650272,
                "bottom": 0.28852459016393439
            },
            "atlasBounds": {
                "left": 104.5,
                "top": 63.5,
                "right": 136.5,
                "bottom": 113.5
            }
        },
        {
            "unicode": 104,
            "advance": 0.627,
            "planeBounds": {
                "left": 0.044461748633879791,
                "top": -0.79562841530054629,
                "right": 0.58653825136612026,
                "bottom": 0.043715846994535526
            },
            "atlasBounds": {
                "left": 0.5,
                "top": 115.5,
                "right": 31.5,
                "bottom": 163.5
            }
        },
        {
            "unicode": 105,
            "advance": 0.27000000000000002,
            "planeBounds": {
                "left": 0.039325136612021853,
                "top": -0.79562841530054629,
                "right": 0.23167486338797813,
                "bottom": 0.043715846994535526
            },
            "atlasBounds": {
                "left": 32.5,
                "top": 115.5,
                "right": 43.5,
                "bottom": 163.5
            }
        },
        {
            "unicode": 106,
            "advance": 0.27000000000000002,
            "planeBounds": {
                "left": -0.095120218579234972,
                "top": -0.79562841530054629,
                "right": 0.23712021857923496,
                "bottom": 0.28852459016393439
            },
            "atlasBounds": {
                "left": 0.5,
                "top": 0.5,
                "right": 19.5,
                "bottom": 62.5
            }
        },
        {
            "unicode": 107,
            "advance": 0.55600000000000005,
            "planeBounds": {
                "left": 0.044461748633879791,
                "top": -0.79562841530054629,
                "right": 0.58653825136612026,
                "bottom": 0.043715846994535526
            },
            "atlasBounds": {
                "left": 44.5,
                "top": 115.5,
                "right": 75.5,
                "bottom": 163.5
            }
        },
        {
            "unicode": 108,
            "advance": 0.27000000000000002,
            "planeBounds": {
                "left": 0.038825136612021853,
                "top": -0.79562841530054629,
                "right": 0.23117486338797813,
                "bottom": 0.043715846994535526
            },
            "atlasBounds": {
                "left": 76.5,
                "top": 115.5,
                "right": 87.5,
                "bottom": 163.5
            }
        },
        {
            "unicode": 109,
            "advance": 0.94700000000000006,
            "planeBounds": {
                "left": 0.038341530054644822,
                "top": -0.58579234972677596,
                "right": 0.91265846994535504,
                "bottom": 0.043715846994535526
            },
            "atlasBounds": {
                "left": 312.5,
                "top": 421.5,
                "right": 362.5,
                "bottom": 457.5
            }
        },
        {
            "unicode": 110,
            "advance": 0.627,
            "planeBounds": {
                "left": 0.044461748633879791,
                "top": -0.58579234972677596,
                "right": 0.58653825136612026,
                "bottom": 0.043715846994535526
            },
            "atlasBounds": {
                "left": 280.5,
                "top": 421.5,
                "right": 311.5,
                "bottom": 457.5
            }
        },
        {
            "unicode": 111,
            "advance": 0.61099999999999999,
            "planeBounds": {
                "left": 0.017475409836065582,
                "top": -0.58579234972677596,
                "right": 0.59452459016393433,
                "bottom": 0.061202185792349727
            },
            "atlasBounds": {
                "left": 386.5,
                "top": 306.5,
                "right": 419.5,
                "bottom": 343.5
            }
        },
        {
            "unicode": 112,
            "advance": 0.62,
            "planeBounds": {
                "left": 0.044718579234972668,
                "top": -0.58579234972677596,
                "right": 0.60428142076502722,
                "bottom": 0.28852459016393439
            },
            "atlasBounds": {
                "left": 137.5,
                "top": 63.5,
                "right": 169.5,
                "bottom": 113.5
            }
        },
        {
            "unicode": 113,
            "advance": 0.62,
            "planeBounds": {
                "left": 0.01571857923497267,
                "top": -0.58579234972677596,
                "right": 0.5752814207650272,
                "bottom": 0.28852459016393439
            },
            "atlasBounds": {
                "left": 226.5,
                "top": 63.5,
                "right": 258.5,
                "bottom": 113.5
            }
        },
        {
            "unicode": 114,
            "advance": 0.42299999999999999,
            "planeBounds": {
                "left": 0.044407103825136601,
                "top": -0.58579234972677596,
                "right": 0.44659289617486331,
                "bottom": 0.043715846994535526
            },
            "atlasBounds": {
                "left": 139.5,
                "top": 421.5,
                "right": 162.5,
                "bottom": 457.5
            }
        },
        {
            "unicode": 115,
            "advance": 0.48599999999999999,
            "planeBounds": {
                "left": 0.0094344262295081843,
                "top": -0.58579234972677596,
                "right": 0.48156557377049175,
                "bottom": 0.061202185792349727
            },
            "atlasBounds": {
                "left": 255.5,
                "top": 306.5,
                "right": 282.5,
                "bottom": 343.5
            }
        },
        {
            "unicode": 116,
            "advance": 0.379,
            "planeBounds": {
                "left": -0.02333606557377051,
                "top": -0.70819672131147537,
                "right": 0.39633606557377044,
                "bottom": 0.061202185792349727
            },
            "atlasBounds": {
                "left": 128.5,
                "top": 259.5,
                "right": 152.5,
                "bottom": 303.5
            }
        },
        {
            "unicode": 117,
            "advance": 0.627,
            "planeBounds": {
                "left": 0.039961748633879794,
                "top": -0.58579234972677596,
                "right": 0.5820382513661202,
                "bottom": 0.061202185792349727
            },
            "atlasBounds": {
                "left": 188.5,
                "top": 306.5,
                "right": 219.5,
                "bottom": 343.5
            }
        },
        {
            "unicode": 118,
            "advance": 0.52700000000000002,
            "planeBounds": {
                "left": -0.042510928961748608,
                "top": -0.58579234972677596,
                "right": 0.5695109289617486,
                "bottom": 0.043715846994535526
            },
            "atlasBounds": {
                "left": 476.5,
                "top": 345.5,
                "right": 511.5,
                "bottom": 381.5
            }
        },
        {
            "unicode": 119,
            "advance": 0.80800000000000005,
            "planeBounds": {
                "left": -0.02441530054644812,
                "top": -0.58579234972677596,
                "right": 0.83241530054644797,
                "bottom": 0.043715846994535526
            },
            "atlasBounds": {
                "left": 163.5,
                "top": 421.5,
                "right": 212.5,
                "bottom": 457.5
            }
        },
        {
            "unicode": 120,
            "advance": 0.54700000000000004,
            "planeBounds": {
                "left": -0.023267759562841536,
                "top": -0.58579234972677596,
                "right": 0.57126775956284148,
                "bottom": 0.043715846994535526
            },
            "atlasBounds": {
                "left": 363.5,
                "top": 421.5,
                "right": 397.5,
                "bottom": 457.5
            }
        },
        {
            "unicode": 121,
            "advance": 0.52800000000000002,
            "planeBounds": {
                "left": -0.041510928961748607,
                "top": -0.58579234972677596,
                "right": 0.5705109289617486,
                "bottom": 0.28852459016393439
            },
            "atlasBounds": {
                "left": 259.5,
                "top": 63.5,
                "right": 294.5,
                "bottom": 113.5
            }
        },
        {
            "unicode": 122,
            "advance": 0.47700000000000004,
            "planeBounds": {
                "left": -0.0068087431693989193,
                "top": -0.58579234972677596,
                "right": 0.48280874316939887,
                "bottom": 0.043715846994535526
            },
            "atlasBounds": {
                "left": 213.5,
                "top": 421.5,
                "right": 241.5,
                "bottom": 457.5
            }
        },
        {
            "unicode": 123,
            "advance": 0.39000000000000001,
            "planeBounds": {
                "left": -0.0080928961748633916,
                "top": -0.7606557377049179,
                "right": 0.39409289617486332,
                "bottom": 0.20109289617486339
            },
            "atlasBounds": {
                "left": 250.5,
                "top": 0.5,
                "right": 273.5,
                "bottom": 55.5
            }
        },
        {
            "unicode": 124,
            "advance": 0.54300000000000004,
            "planeBounds": {
                "left": 0.19281147540983606,
                "top": -0.79562841530054629,
                "right": 0.35018852459016386,
                "bottom": 0.28852459016393439
            },
            "atlasBounds": {
                "left": 20.5,
                "top": 0.5,
                "right": 29.5,
                "bottom": 62.5
            }
        },
        {
            "unicode": 125,
            "advance": 0.39000000000000001,
            "planeBounds": {
                "left": -0.0045928961748634015,
                "top": -0.7606557377049179,
                "right": 0.39759289617486332,
                "bottom": 0.20109289617486339
            },
            "atlasBounds": {
                "left": 274.5,
                "top": 0.5,
                "right": 297.5,
                "bottom": 55.5
            }
        },
        {
            "unicode": 126,
            "advance": 0.57500000000000007,
            "planeBounds": {
                "left": 0.0067185792349726799,
                "top": -0.4633879781420765,
                "right": 0.56628142076502719,
                "bottom": -0.23606557377049181
            },
            "atlasBounds": {
                "left": 204.5,
                "top": 494.5,
                "right": 236.5,
                "bottom": 507.5
            }
        },
        {
            "unicode": 3585,
            "advance": 0.626,
            "planeBounds": {
                "left": 0.017718579234972678,
                "top": -0.6032786885245901,
                "right": 0.5772814207650272,
                "bottom": 0.043715846994535526
            },
            "atlasBounds": {
                "left": 0.5,
                "top": 383.5,
                "right": 32.5,
                "bottom": 420.5
            }
        },
        {
            "unicode": 3586,
            "advance": 0.56600000000000006,
            "planeBounds": {
                "left": -0.0042950819672131161,
                "top": -0.6032786885245901,
                "right": 0.52029508196721308,
                "bottom": 0.043715846994535526
            },
            "atlasBounds": {
                "left": 418.5,
                "top": 383.5,
                "right": 448.5,
                "bottom": 420.5
            }
        },
        {
            "unicode": 3587,
            "advance": 0.58599999999999997,
            "planeBounds": {
                "left": -0.022781420765027309,
                "top": -0.6032786885245901,
                "right": 0.53678142076502733,
                "bottom": 0.043715846994535526
            },
            "atlasBounds": {
                "left": 317.5,
                "top": 306.5,
                "right": 349.5,
                "bottom": 343.5
            }
        },
        {
            "unicode": 3588,
            "advance": 0.64600000000000002,
            "planeBounds": {
                "left": 0.021475409836065558,
                "top": -0.6032786885245901,
                "right": 0.59852459016393433,
                "bottom": 0.043715846994535526
            },
            "atlasBounds": {
                "left": 349.5,
                "top": 383.5,
                "right": 382.5,
                "bottom": 420.5
            }
        },
        {
            "unicode": 3589,
            "advance": 0.64300000000000002,
            "planeBounds": {
                "left": 0.01997540983606556,
                "top": -0.6032786885245901,
                "right": 0.59702459016393439,
                "bottom": 0.043715846994535526
            },
            "atlasBounds": {
                "left": 283.5,
                "top": 306.5,
                "right": 316.5,
                "bottom": 343.5
            }
        },
        {
            "unicode": 3590,
            "advance": 0.63800000000000001,
            "planeBounds": {
                "left": -0.0072677595628415298,
                "top": -0.6032786885245901,
                "right": 0.5872677595628415,
                "bottom": 0.043715846994535526
            },
            "atlasBounds": {
                "left": 220.5,
                "top": 306.5,
                "right": 254.5,
                "bottom": 343.5
            }
        },
        {
            "unicode": 3591,
            "advance": 0.52900000000000003,
            "planeBounds": {
                "left": -0.017051912568306009,
                "top": -0.6032786885245901,
                "right": 0.49005191256830605,
                "bottom": 0.043715846994535526
            },
            "atlasBounds": {
                "left": 184.5,
                "top": 345.5,
                "right": 213.5,
                "bottom": 382.5
            }
        },
        {
            "unicode": 3592,
            "advance": 0.54700000000000004,
            "planeBounds": {
                "left": -0.0085382513661202177,
                "top": -0.6032786885245901,
                "right": 0.53353825136612021,
                "bottom": 0.043715846994535526
            },
            "atlasBounds": {
                "left": 33.5,
                "top": 383.5,
                "right": 64.5,
                "bottom": 420.5
            }
        },
        {
            "unicode": 3593,
            "advance": 0.63300000000000001,
            "planeBounds": {
                "left": -0.0047540983606557388,
                "top": -0.6032786885245901,
                "right": 0.62475409836065565,
                "bottom": 0.043715846994535526
            },
            "atlasBounds": {
                "left": 65.5,
                "top": 383.5,
                "right": 101.5,
                "bottom": 420.5
            }
        },
        {
            "unicode": 3594,
            "advance": 0.56600000000000006,
            "planeBounds": {
                "left": -0.0010382513661202318,
                "top": -0.6032786885245901,
                "right": 0.54103825136612027,
                "bottom": 0.043715846994535526
            },
            "atlasBounds": {
                "left": 102.5,
                "top": 383.5,
                "right": 133.5,
                "bottom": 420.5
            }
        },
        {
            "unicode": 3595,
            "advance": 0.58399999999999996,
            "planeBounds": {
                "left": -0.020024590163934437,
                "top": -0.6032786885245901,
                "right": 0.55702459016393435,
                "bottom": 0.043715846994535526
            },
            "atlasBounds": {
                "left": 134.5,
                "top": 383.5,
                "right": 167.5,
                "bottom": 420.5
            }
        },
        {
            "unicode": 3596,
            "advance": 0.88800000000000001,
            "planeBounds": {
                "left": 0.0028278688524590264,
                "top": -0.6032786885245901,
                "right": 0.84217213114754086,
                "bottom": 0.043715846994535526
            },
            "atlasBounds": {
                "left": 168.5,
                "top": 383.5,
                "right": 216.5,
                "bottom": 420.5
            }
        },
        {
            "unicode": 3597,
            "advance": 0.88600000000000001,
            "planeBounds": {
                "left": 0.0018278688524590051,
                "top": -0.6032786885245901,
                "right": 0.84117213114754086,
                "bottom": 0.28852459016393439
            },
            "atlasBounds": {
                "left": 455.5,
                "top": 0.5,
                "right": 503.5,
                "bottom": 51.5
            }
        },
        {
            "unicode": 3598,
            "advance": 0.63800000000000001,
            "planeBounds": {
                "left": -0.018510928961748666,
                "top": -0.6032786885245901,
                "right": 0.59351092896174851,
                "bottom": 0.28852459016393439
            },
            "atlasBounds": {
                "left": 0.5,
                "top": 63.5,
                "right": 35.5,
                "bottom": 114.5
            }
        },
        {
            "unicode": 3599,
            "advance": 0.63800000000000001,
            "planeBounds": {
                "left": -0.018510928961748666,
                "top": -0.6032786885245901,
                "right": 0.59351092896174851,
                "bottom": 0.28852459016393439
            },
            "atlasBounds": {
                "left": 36.5,
                "top": 63.5,
                "right": 71.5,
                "bottom": 114.5
            }
        },
        {
            "unicode": 3600,
            "advance": 0.55700000000000005,
            "planeBounds": {
                "left": -0.032524590163934448,
                "top": -0.6032786885245901,
                "right": 0.5445245901639344,
                "bottom": 0.35846994535519122
            },
            "atlasBounds": {
                "left": 298.5,
                "top": 0.5,
                "right": 331.5,
                "bottom": 55.5
            }
        },
        {
            "unicode": 3601,
            "advance": 0.64600000000000002,
            "planeBounds": {
                "left": -0.028254098360655736,
                "top": -0.6032786885245901,
                "right": 0.60125409836065569,
                "bottom": 0.043715846994535526
            },
            "atlasBounds": {
                "left": 0.5,
                "top": 421.5,
                "right": 36.5,
                "bottom": 458.5
            }
        },
        {
            "unicode": 3602,
            "advance": 0.92100000000000004,
            "planeBounds": {
                "left": 0.0018415300546447853,
                "top": -0.6032786885245901,
                "right": 0.87615846994535507,
                "bottom": 0.043715846994535526
            },
            "atlasBounds": {
                "left": 37.5,
                "top": 421.5,
                "right": 87.5,
                "bottom": 458.5
            }
        },
        {
            "unicode": 3603,
            "advance": 0.89200000000000002,
            "planeBounds": {
                "left": 0.0048415300546447906,
                "top": -0.6032786885245901,
                "right": 0.87915846994535507,
                "bottom": 0.043715846994535526
            },
            "atlasBounds": {
                "left": 88.5,
                "top": 421.5,
                "right": 138.5,
                "bottom": 458.5
            }
        },
        {
            "unicode": 3604,
            "advance": 0.65000000000000002,
            "planeBounds": {
                "left": 0.0077322404371584939,
                "top": -0.6032786885245901,
                "right": 0.6022677595628414,
                "bottom": 0.043715846994535526
            },
            "atlasBounds": {
                "left": 383.5,
                "top": 383.5,
                "right": 417.5,
                "bottom": 420.5
            }
        },
        {
            "unicode": 3605,
            "advance": 0.65000000000000002,
            "planeBounds": {
                "left": 0.0077322404371584939,
                "top": -0.6032786885245901,
                "right": 0.6022677595628414,
                "bottom": 0.043715846994535526
            },
            "atlasBounds": {
                "left": 314.5,
                "top": 383.5,
                "right": 348.5,
                "bottom": 420.5
            }
        },
        {
            "unicode": 3606,
            "advance": 0.61599999999999999,
            "planeBounds": {
                "left": -0.00052459016393440903,
                "top": -0.6032786885245901,
                "right": 0.57652459016393443,
                "bottom": 0.043715846994535526
            },
            "atlasBounds": {
                "left": 442.5,
                "top": 345.5,
                "right": 475.5,
                "bottom": 382.5
            }
        },
        {
            "unicode": 3607,
            "advance": 0.66300000000000003,
            "planeBounds": {
                "left": -0.01725409836065573,
                "top": -0.6032786885245901,
                "right": 0.6122540983606557,
                "bottom": 0.043715846994535526
            },
            "atlasBounds": {
                "left": 405.5,
                "top": 345.5,
                "right": 441.5,
                "bottom": 382.5
            }
        },
        {
            "unicode": 3608,
            "advance": 0.57100000000000006,
            "planeBounds": {
                "left": 0.0064617486338797844,
                "top": -0.6032786885245901,
                "right": 0.54853825136612022,
                "bottom": 0.043715846994535526
            },
            "atlasBounds": {
                "left": 373.5,
                "top": 345.5,
                "right": 404.5,
                "bottom": 382.5
            }
        },
        {
            "unicode": 3609,
            "advance": 0.63300000000000001,
            "planeBounds": {
                "left": -0.02349726775956287,
                "top": -0.6032786885245901,
                "right": 0.62349726775956282,
                "bottom": 0.043715846994535526
            },
            "atlasBounds": {
                "left": 121.5,
                "top": 306.5,
                "right": 158.5,
                "bottom": 343.5
            }
        },
        {
            "unicode": 3610,
            "advance": 0.65300000000000002,
            "planeBounds": {
                "left": -0.0080109289617486396,
                "top": -0.6032786885245901,
                "right": 0.60401092896174868,
                "bottom": 0.043715846994535526
            },
            "atlasBounds": {
                "left": 246.5,
                "top": 345.5,
                "right": 281.5,
                "bottom": 382.5
            }
        },
        {
            "unicode": 3611,
            "advance": 0.65300000000000002,
            "planeBounds": {
                "left": -0.0080109289617486396,
                "top": -0.79562841530054629,
                "right": 0.60401092896174868,
                "bottom": 0.043715846994535526
            },
            "atlasBounds": {
                "left": 88.5,
                "top": 115.5,
                "right": 123.5,
                "bottom": 163.5
            }
        },
        {
            "unicode": 3612,
            "advance": 0.65700000000000003,
            "planeBounds": {
                "left": 0.048718579234972664,
                "top": -0.6032786885245901,
                "right": 0.60828142076502723,
                "bottom": 0.043715846994535526
            },
            "atlasBounds": {
                "left": 81.5,
                "top": 345.5,
                "right": 113.5,
                "bottom": 382.5
            }
        },
        {
            "unicode": 3613,
            "advance": 0.65700000000000003,
            "planeBounds": {
                "left": 0.048718579234972664,
                "top": -0.79562841530054629,
                "right": 0.60828142076502723,
                "bottom": 0.043715846994535526
            },
            "atlasBounds": {
                "left": 124.5,
                "top": 115.5,
                "right": 156.5,
                "bottom": 163.5
            }
        },
        {
            "unicode": 3614,
            "advance": 0.71499999999999997,
            "planeBounds": {
                "left": -0.017483606557377077,
                "top": -0.6032786885245901,
                "right": 0.66448360655737693,
                "bottom": 0.043715846994535526
            },
            "atlasBounds": {
                "left": 420.5,
                "top": 306.5,
                "right": 459.5,
                "bottom": 343.5
            }
        },
        {
            "unicode": 3615,
            "advance": 0.71499999999999997,
            "planeBounds": {
                "left": -0.017483606557377077,
                "top": -0.79562841530054629,
                "right": 0.66448360655737693,
                "bottom": 0.043715846994535526
            },
            "atlasBounds": {
                "left": 157.5,
                "top": 115.5,
                "right": 196.5,
                "bottom": 163.5
            }
        },
        {
            "unicode": 3616,
            "advance": 0.63700000000000001,
            "planeBounds": {
                "left": -0.019010928961748642,
                "top": -0.6032786885245901,
                "right": 0.59301092896174856,
                "bottom": 0.043715846994535526
            },
            "atlasBounds": {
                "left": 350.5,
                "top": 306.5,
                "right": 385.5,
                "bottom": 343.5
            }
        },
        {
            "unicode": 3617,
            "advance": 0.64200000000000002,
            "planeBounds": {
                "left": 0.00023224043715848632,
                "top": -0.6032786885245901,
                "right": 0.59476775956284145,
                "bottom": 0.043715846994535526
            },
            "atlasBounds": {
                "left": 477.5,
                "top": 164.5,
                "right": 511.5,
                "bottom": 201.5
            }
        },
        {
            "unicode": 3618,
            "advance": 0.624,
            "planeBounds": {
                "left": 0.017718579234972689,
                "top": -0.6032786885245901,
                "right": 0.57728142076502731,
                "bottom": 0.043715846994535526
            },
            "atlasBounds": {
                "left": 217.5,
                "top": 383.5,
                "right": 249.5,
                "bottom": 420.5
            }
        },
        {
            "unicode": 3619,
            "advance": 0.47999999999999998,
            "planeBounds": {
                "left": -0.021808743169398903,
                "top": -0.6032786885245901,
                "right": 0.46780874316939886,
                "bottom": 0.043715846994535526
            },
            "atlasBounds": {
                "left": 285.5,
                "top": 383.5,
                "right": 313.5,
                "bottom": 420.5
            }
        },
        {
            "unicode": 3620,
            "advance": 0.61599999999999999,
            "planeBounds": {
                "left": -0.00052459016393440903,
                "top": -0.6032786885245901,
                "right": 0.57652459016393443,
                "bottom": 0.2710382513661202
            },
            "atlasBounds": {
                "left": 295.5,
                "top": 63.5,
                "right": 328.5,
                "bottom": 113.5
            }
        },
        {
            "unicode": 3621,
            "advance": 0.58299999999999996,
            "planeBounds": {
                "left": 0.016204918032786873,
                "top": -0.6032786885245901,
                "right": 0.54079508196721304,
                "bottom": 0.043715846994535526
            },
            "atlasBounds": {
                "left": 311.5,
                "top": 345.5,
                "right": 341.5,
                "bottom": 382.5
            }
        },
        {
            "unicode": 3622,
            "advance": 0.63700000000000001,
            "planeBounds": {
                "left": -0.019010928961748642,
                "top": -0.6032786885245901,
                "right": 0.59301092896174856,
                "bottom": 0.2710382513661202
            },
            "atlasBounds": {
                "left": 329.5,
                "top": 63.5,
                "right": 364.5,
                "bottom": 113.5
            }
        },
        {
            "unicode": 3623,
            "advance": 0.48699999999999999,
            "planeBounds": {
                "left": -0.027065573770491808,
                "top": -0.6032786885245901,
                "right": 0.44506557377049177,
                "bottom": 0.043715846994535526
            },
            "atlasBounds": {
                "left": 156.5,
                "top": 345.5,
                "right": 183.5,
                "bottom": 382.5
            }
        },
        {
            "unicode": 3624,
            "advance": 0.64700000000000002,
            "planeBounds": {
                "left": 0.020502732240437162,
                "top": -0.62076502732240435,
                "right": 0.66749726775956275,
                "bottom": 0.043715846994535526
            },
            "atlasBounds": {
                "left": 83.5,
                "top": 306.5,
                "right": 120.5,
                "bottom": 344.5
            }
        },
        {
            "unicode": 3625,
            "advance": 0.68300000000000005,
            "planeBounds": {
                "left": -0.011469945355191285,
                "top": -0.6032786885245901,
                "right": 0.70546994535519114,
                "bottom": 0.043715846994535526
            },
            "atlasBounds": {
                "left": 114.5,
                "top": 345.5,
                "right": 155.5,
                "bottom": 382.5
            }
        },
        {
            "unicode": 3626,
            "advance": 0.58499999999999996,
            "planeBounds": {
                "left": 0.017732240437158465,
                "top": -0.62076502732240435,
                "right": 0.61226775956284141,
                "bottom": 0.043715846994535526
            },
            "atlasBounds": {
                "left": 35.5,
                "top": 306.5,
                "right": 69.5,
                "bottom": 344.5
            }
        },
        {
            "unicode": 3627,
            "advance": 0.66700000000000004,
            "planeBounds": {
                "left": -0.023997267759562849,
                "top": -0.6032786885245901,
                "right": 0.62299726775956277,
                "bottom": 0.043715846994535526
            },
            "atlasBounds": {
                "left": 0.5,
                "top": 345.5,
                "right": 37.5,
                "bottom": 382.5
            }
        },
        {
            "unicode": 3628,
            "advance": 0.71599999999999997,
            "planeBounds": {
                "left": -0.023713114754098381,
                "top": -0.81311475409836054,
                "right": 0.71071311475409826,
                "bottom": 0.043715846994535526
            },
            "atlasBounds": {
                "left": 458.5,
                "top": 63.5,
                "right": 500.5,
                "bottom": 112.5
            }
        },
        {
            "unicode": 3629,
            "advance": 0.59399999999999997,
            "planeBounds": {
                "left": 0.027704918032786893,
                "top": -0.6032786885245901,
                "right": 0.552295081967213,
                "bottom": 0.043715846994535526
            },
            "atlasBounds": {
                "left": 481.5,
                "top": 259.5,
                "right": 511.5,
                "bottom": 296.5
            }
        },
        {
            "unicode": 3630,
            "advance": 0.60699999999999998,
            "planeBounds": {
                "left": 0.015232240437158481,
                "top": -0.62076502732240435,
                "right": 0.60976775956284146,
                "bottom": 0.043715846994535526
            },
            "atlasBounds": {
                "left": 0.5,
                "top": 306.5,
                "right": 34.5,
                "bottom": 344.5
            }
        },
        {
            "unicode": 3631,
            "advance": 0.503,
            "planeBounds": {
                "left": -0.032808743169398927,
                "top": -0.6032786885245901,
                "right": 0.45680874316939885,
                "bottom": 0.043715846994535526
            },
            "atlasBounds": {
                "left": 159.5,
                "top": 306.5,
                "right": 187.5,
                "bottom": 343.5
            }
        },
        {
            "unicode": 3632,
            "advance": 0.41000000000000003,
            "planeBounds": {
                "left": -0.015579234972677608,
                "top": -0.56830601092896171,
                "right": 0.42157923497267757,
                "bottom": 0.026229508196721308
            },
            "atlasBounds": {
                "left": 439.5,
                "top": 421.5,
                "right": 464.5,
                "bottom": 455.5
            }
        },
        {
            "unicode": 3633,
            "advance": 0,
            "planeBounds": {
                "left": -0.43256557377049176,
                "top": -0.88306010928961742,
                "right": 0.039565573770491767,
                "bottom": -0.58579234972677596
            },
            "atlasBounds": {
                "left": 31.5,
                "top": 494.5,
                "right": 58.5,
                "bottom": 511.5
            }
        },
        {
            "unicode": 3634,
            "advance": 0.42699999999999999,
            "planeBounds": {
                "left": -0.037836065573770485,
                "top": -0.6032786885245901,
                "right": 0.38183606557377048,
                "bottom": 0.043715846994535526
            },
            "atlasBounds": {
                "left": 460.5,
                "top": 306.5,
                "right": 484.5,
                "bottom": 343.5
            }
        },
        {
            "unicode": 3635,
            "advance": 0.42699999999999999,
            "planeBounds": {
                "left": -0.29648360655737704,
                "top": -0.88306010928961731,
                "right": 0.38548360655737696,
                "bottom": 0.043715846994535526
            },
            "atlasBounds": {
                "left": 332.5,
                "top": 0.5,
                "right": 371.5,
                "bottom": 53.5
            }
        },
        {
            "unicode": 3636,
            "advance": 0,
            "planeBounds": {
                "left": -0.57329508196721313,
                "top": -0.86557377049180306,
                "right": -0.048704918032786967,
                "bottom": -0.6032786885245901
            },
            "atlasBounds": {
                "left": 155.5,
                "top": 494.5,
                "right": 185.5,
                "bottom": 509.5
            }
        },
        {
            "unicode": 3637,
            "advance": 0,
            "planeBounds": {
                "left": -0.57329508196721313,
                "top": -0.88306010928961742,
                "right": -0.048704918032786967,
                "bottom": -0.6032786885245901
            },
            "atlasBounds": {
                "left": 59.5,
                "top": 494.5,
                "right": 89.5,
                "bottom": 510.5
            }
        },
        {
            "unicode": 3638,
            "advance": 0,
            "planeBounds": {
                "left": -0.57752459016393454,
                "top": -0.88306010928961742,
                "right": -0.00047540983606563712,
                "bottom": -0.6032786885245901
            },
            "atlasBounds": {
                "left": 121.5,
                "top": 494.5,
                "right": 154.5,
                "bottom": 510.5
            }
        },
        {
            "unicode": 3639,
            "advance": 0,
            "planeBounds": {
                "left": -0.57329508196721313,
                "top": -0.88306010928961742,
                "right": -0.048704918032786967,
                "bottom": -0.6032786885245901
            },
            "atlasBounds": {
                "left": 90.5,
                "top": 494.5,
                "right": 120.5,
                "bottom": 510.5
            }
        },
        {
            "unicode": 3640,
            "advance": 0,
            "planeBounds": {
                "left": -0.34013387978142073,
                "top": 0.026229508196721325,
                "right": -0.042866120218579225,
                "bottom": 0.35846994535519122
            },
            "atlasBounds": {
                "left": 406.5,
                "top": 459.5,
                "right": 423.5,
                "bottom": 478.5
            }
        },
        {
            "unicode": 3641,
            "advance": 0,
            "planeBounds": {
                "left": -0.48107923497267757,
                "top": 0.026229508196721325,
                "right": -0.04392076502732243,
                "bottom": 0.35846994535519122
            },
            "atlasBounds": {
                "left": 365.5,
                "top": 459.5,
                "right": 390.5,
                "bottom": 478.5
            }
        },
        {
            "unicode": 3642,
            "advance": 0,
            "planeBounds": {
                "left": -0.25366120218579236,
                "top": 0.026229508196721325,
                "right": -0.026338797814207681,
                "bottom": 0.253551912568306
            },
            "atlasBounds": {
                "left": 498.5,
                "top": 421.5,
                "right": 511.5,
                "bottom": 434.5
            }
        },
        {
            "unicode": 3647,
            "advance": 0.57300000000000006,
            "planeBounds": {
                "left": 0.035961748633879777,
                "top": -0.79562841530054629,
                "right": 0.57803825136612019,
                "bottom": 0.096174863387978149
            },
            "atlasBounds": {
                "left": 72.5,
                "top": 63.5,
                "right": 103.5,
                "bottom": 114.5
            }
        },
        {
            "unicode": 3648,
            "advance": 0.34300000000000003,
            "planeBounds": {
                "left": 0.060866120218579227,
                "top": -0.6032786885245901,
                "right": 0.35813387978142081,
                "bottom": 0.043715846994535526
            },
            "atlasBounds": {
                "left": 485.5,
                "top": 306.5,
                "right": 502.5,
                "bottom": 343.5
            }
        },
        {
            "unicode": 3649,
            "advance": 0.63500000000000001,
            "planeBounds": {
                "left": 0.058232240437158439,
                "top": -0.6032786885245901,
                "right": 0.6527677595628415,
                "bottom": 0.043715846994535526
            },
            "atlasBounds": {
                "left": 250.5,
                "top": 383.5,
                "right": 284.5,
                "bottom": 420.5
            }
        },
        {
            "unicode": 3650,
            "advance": 0.376,
            "planeBounds": {
                "left": -0.034822404371584695,
                "top": -0.97049180327868845,
                "right": 0.41982240437158463,
                "bottom": 0.043715846994535526
            },
            "atlasBounds": {
                "left": 30.5,
                "top": 0.5,
                "right": 56.5,
                "bottom": 58.5
            }
        },
        {
            "unicode": 3651,
            "advance": 0.376,
            "planeBounds": {
                "left": -0.040822404371584714,
                "top": -0.97049180327868845,
                "right": 0.41382240437158463,
                "bottom": 0.043715846994535526
            },
            "atlasBounds": {
                "left": 57.5,
                "top": 0.5,
                "right": 83.5,
                "bottom": 58.5
            }
        },
        {
            "unicode": 3652,
            "advance": 0.35699999999999998,
            "planeBounds": {
                "left": -0.06732240437158471,
                "top": -0.97049180327868845,
                "right": 0.38732240437158466,
                "bottom": 0.043715846994535526
            },
            "atlasBounds": {
                "left": 84.5,
                "top": 0.5,
                "right": 110.5,
                "bottom": 58.5
            }
        },
        {
            "unicode": 3653,
            "advance": 0.42699999999999999,
            "planeBounds": {
                "left": -0.037836065573770485,
                "top": -0.6032786885245901,
                "right": 0.38183606557377048,
                "bottom": 0.2710382513661202
            },
            "atlasBounds": {
                "left": 201.5,
                "top": 63.5,
                "right": 225.5,
                "bottom": 113.5
            }
        },
        {
            "unicode": 3654,
            "advance": 0.56800000000000006,
            "planeBounds": {
                "left": -0.0022950819672131113,
                "top": -0.6032786885245901,
                "right": 0.52229508196721308,
                "bottom": 0.2710382513661202
            },
            "atlasBounds": {
                "left": 170.5,
                "top": 63.5,
                "right": 200.5,
                "bottom": 113.5
            }
        },
        {
            "unicode": 3655,
            "advance": 0,
            "planeBounds": {
                "left": -0.52806557377049179,
                "top": -0.95300546448087431,
                "right": -0.055934426229508234,
                "bottom": -0.58579234972677596
            },
            "atlasBounds": {
                "left": 199.5,
                "top": 459.5,
                "right": 226.5,
                "bottom": 480.5
            }
        },
        {
            "unicode": 3656,
            "advance": 0,
            "planeBounds": {
                "left": -0.23617486338797816,
                "top": -1.07054644808743167,
                "right": -0.043825136612021878,
                "bottom": -0.7732786885245901
            },
            "atlasBounds": {
                "left": 0.5,
                "top": 494.5,
                "right": 11.5,
                "bottom": 511.5
            }
        },
        {
            "unicode": 3657,
            "advance": 0,
            "planeBounds": {
                "left": -0.45332240437158472,
                "top": -1.10551912568306017,
                "right": 0.0013224043715846393,
                "bottom": -0.75579234972677596
            },
            "atlasBounds": {
                "left": 306.5,
                "top": 459.5,
                "right": 332.5,
                "bottom": 479.5
            }
        },
        {
            "unicode": 3658,
            "advance": 0,
            "planeBounds": {
                "left": -0.50060721688336152,
                "top": -1.10551912568306017,
                "right": 0.04146928584887883,
                "bottom": -0.75579234972677596
            },
            "atlasBounds": {
                "left": 333.5,
                "top": 459.5,
                "right": 364.5,
                "bottom": 479.5
            }
        },
        {
            "unicode": 3659,
            "advance": 0,
            "planeBounds": {
                "left": -0.32410655737704919,
                "top": -1.08803278688524581,
                "right": 0.043106557377049118,
                "bottom": -0.7732786885245901
            },
            "atlasBounds": {
                "left": 424.5,
                "top": 459.5,
                "right": 445.5,
                "bottom": 477.5
            }
        },
        {
            "unicode": 3660,
            "advance": 0,
            "planeBounds": {
                "left": -0.33562021857923491,
                "top": -1.10551912568306017,
                "right": -0.0033797814207650275,
                "bottom": -0.75579234972677596
            },
            "atlasBounds": {
                "left": 267.5,
                "top": 459.5,
                "right": 286.5,
                "bottom": 479.5
            }
        },
        {
            "unicode": 3661,
            "advance": 0,
            "planeBounds": {
                "left": -0.29637704918032787,
                "top": -0.88306010928961742,
                "right": 0.018377049180327846,
                "bottom": -0.58579234972677596
            },
            "atlasBounds": {
                "left": 12.5,
                "top": 494.5,
                "right": 30.5,
                "bottom": 511.5
            }
        },
        {
            "unicode": 3662,
            "advance": 0,
            "planeBounds": {
                "left": -0.31589071038251365,
                "top": -0.93551912568306017,
                "right": -0.036109289617486356,
                "bottom": -0.58579234972677596
            },
            "atlasBounds": {
                "left": 227.5,
                "top": 459.5,
                "right": 243.5,
                "bottom": 479.5
            }
        },
        {
            "unicode": 3663,
            "advance": 0.63600000000000001,
            "planeBounds": {
                "left": 0.020732240437158468,
                "top": -0.55081967213114758,
                "right": 0.61526775956284141,
                "bottom": 0.026229508196721308
            },
            "atlasBounds": {
                "left": 66.5,
                "top": 459.5,
                "right": 100.5,
                "bottom": 492.5
            }
        },
        {
            "unicode": 3664,
            "advance": 0.65600000000000003,
            "planeBounds": {
                "left": 0.0045027322404371508,
                "top": -0.56830601092896182,
                "right": 0.65149726775956274,
                "bottom": 0.061202185792349727
            },
            "atlasBounds": {
                "left": 242.5,
                "top": 421.5,
                "right": 279.5,
                "bottom": 457.5
            }
        },
        {
            "unicode": 3665,
            "advance": 0.66200000000000003,
            "planeBounds": {
                "left": 0.0075027322404371544,
                "top": -0.56830601092896171,
                "right": 0.65449726775956274,
                "bottom": 0.11366120218579236
            },
            "atlasBounds": {
                "left": 443.5,
                "top": 259.5,
                "right": 480.5,
                "bottom": 298.5
            }
        },
        {
            "unicode": 3666,
            "advance": 0.79600000000000004,
            "planeBounds": {
                "left": 0.041530054644808731,
                "top": -0.67322404371584688,
                "right": 0.75846994535519119,
                "bottom": 0.043715846994535526
            },
            "atlasBounds": {
                "left": 318.5,
                "top": 259.5,
                "right": 359.5,
                "bottom": 300.5
            }
        },
        {
            "unicode": 3667,
            "advance": 0.75800000000000001,
            "planeBounds": {
                "left": 0.026773224043715828,
                "top": -0.56830601092896171,
                "right": 0.72622677595628415,
                "bottom": 0.043715846994535526
            },
            "atlasBounds": {
                "left": 398.5,
                "top": 421.5,
                "right": 438.5,
                "bottom": 456.5
            }
        },
        {
            "unicode": 3668,
            "advance": 0.64300000000000002,
            "planeBounds": {
                "left": 0.01125956284153005,
                "top": -0.67322404371584688,
                "right": 0.67574043715846999,
                "bottom": 0.043715846994535526
            },
            "atlasBounds": {
                "left": 228.5,
                "top": 259.5,
                "right": 266.5,
                "bottom": 300.5
            }
        },
        {
            "unicode": 3669,
            "advance": 0.64300000000000002,
            "planeBounds": {
                "left": 0.01125956284153005,
                "top": -0.70819672131147526,
                "right": 0.67574043715846999,
                "bottom": 0.043715846994535526
            },
            "atlasBounds": {
                "left": 153.5,
                "top": 259.5,
                "right": 191.5,
                "bottom": 302.5
            }
        },
        {
            "unicode": 3670,
            "advance": 0.61699999999999999,
            "planeBounds": {
                "left": -0.0070109289617486187,
                "top": -0.67322404371584699,
                "right": 0.60501092896174868,
                "bottom": 0.061202185792349727
            },
            "atlasBounds": {
                "left": 192.5,
                "top": 259.5,
                "right": 227.5,
                "bottom": 301.5
            }
        },
        {
            "unicode": 3671,
            "advance": 0.94400000000000006,
            "planeBounds": {
                "left": 0.029841530054644797,
                "top": -0.67322404371584688,
                "right": 0.90415846994535509,
                "bottom": 0.043715846994535526
            },
            "atlasBounds": {
                "left": 267.5,
                "top": 259.5,
                "right": 317.5,
                "bottom": 300.5
            }
        },
        {
            "unicode": 3672,
            "advance": 0.68900000000000006,
            "planeBounds": {
                "left": 0.0060163934426229315,
                "top": -0.67322404371584688,
                "right": 0.68798360655737689,
                "bottom": 0.043715846994535526
            },
            "atlasBounds": {
                "left": 360.5,
                "top": 259.5,
                "right": 399.5,
                "bottom": 300.5
            }
        },
        {
            "unicode": 3673,
            "advance": 0.72099999999999997,
            "planeBounds": {
                "left": 0.021786885245901621,
                "top": -0.67322404371584688,
                "right": 0.75621311475409825,
                "bottom": 0.043715846994535526
            },
            "atlasBounds": {
                "left": 400.5,
                "top": 259.5,
                "right": 442.5,
                "bottom": 300.5
            }
        },
        {
            "unicode": 3674,
            "advance": 0.754,
            "planeBounds": {
                "left": -0.030213114754098366,
                "top": -0.6032786885245901,
                "right": 0.70421311475409831,
                "bottom": 0.043715846994535526
            },
            "atlasBounds": {
                "left": 38.5,
                "top": 345.5,
                "right": 80.5,
                "bottom": 382.5
            }
        },
        {
            "unicode": 3675,
            "advance": 1.0700000000000001,
            "planeBounds": {
                "left": 0.017923497267759693,
                "top": -0.56830601092896171,
                "right": 1.1020765027322406,
                "bottom": -0.0087431693989071038
            },
            "atlasBounds": {
                "left": 449.5,
                "top": 383.5,
                "right": 511.5,
                "bottom": 415.5
            }
        },
        {
            "unicode": 8226,
            "advance": 0.379,
            "planeBounds": {
                "left": 0.03212295081967214,
                "top": -0.53333333333333321,
                "right": 0.34687704918032786,
                "bottom": -0.18360655737704917
            },
            "atlasBounds": {
                "left": 287.5,
                "top": 459.5,
                "right": 305.5,
                "bottom": 479.5
            }
        }
    ],
    "kerning": []
}